0.00290249, 440.153
0.00580499, 439.855
0.00870748, 439.655
0.01161, 439.488
0.0145125, 439.337
0.017415, 439.192
0.0203175, 439.048
0.02322, 438.918
0.0261224, 438.82
0.0290249, 438.753
0.0319274, 438.704
0.0348299, 438.654
0.0377324, 438.589
0.0406349, 438.505
0.0435374, 438.41
0.0464399, 438.32
0.0493424, 438.243
0.0522449, 438.182
0.0551474, 438.132
0.0580499, 438.087
0.0609524, 438.044
0.0638549, 438.012
0.0667574, 438.007
0.0696599, 438.042
0.0725624, 438.114
0.0754649, 438.205
0.0783673, 438.298
0.0812698, 438.404
0.0841723, 438.556
0.0870748, 438.782
0.0899773, 439.076
0.0928798, 439.4
0.0957823, 439.719
0.0986848, 440.015
0.101587, 440.292
0.10449, 440.551
0.107392, 440.791
0.110295, 441.006
0.113197, 441.198
0.1161, 441.365
0.119002, 441.512
0.121905, 441.643
0.124807, 441.767
0.12771, 441.891
0.130612, 442.019
0.133515, 442.151
0.136417, 442.285
0.13932, 442.42
0.142222, 442.551
0.145125, 442.671
0.148027, 442.772
0.15093, 442.848
0.153832, 442.896
0.156735, 442.915
0.159637, 442.903
0.16254, 442.862
0.165442, 442.795
0.168345, 442.709
0.171247, 442.604
0.17415, 442.477
0.177052, 442.326
0.179955, 442.153
0.182857, 441.961
0.18576, 441.754
0.188662, 441.539
0.191565, 441.318
0.194467, 441.092
0.19737, 440.857
0.200272, 440.611
0.203175, 440.356
0.206077, 440.107
0.20898, 439.881
0.211882, 439.696
0.214785, 439.569
0.217687, 439.513
0.22059, 219.639
0.223492, 219.609
0.226395, 219.589
0.229297, 219.575
0.2322, 219.569
0.235102, 219.578
0.238005, 219.596
0.240907, 219.605
0.24381, 219.592
0.246712, 219.558
0.249615, 219.509
0.252517, 657.466
0.255419, 657.593
0.258322, 657.661
0.261224, 657.707
0.264127, 657.757
0.267029, 657.83
0.269932, 657.935
0.272834, 658.064
0.275737, 658.209
0.278639, 658.358
0.281542, 658.504
0.284444, 658.646
0.287347, 658.786
0.290249, 658.922
0.293152, 659.047
0.296054, 659.156
0.298957, 659.244
0.301859, 659.313
0.304762, 659.365
0.307664, 659.406
0.310567, 659.438
0.313469, 659.459
0.316372, 659.463
0.319274, 659.441
0.322177, 659.392
0.325079, 659.32
0.327982, 659.239
0.330884, 659.161
0.333787, 659.095
0.336689, 659.043
0.339592, 659.006
0.342494, 658.981
0.345397, 658.968
0.348299, 658.968
0.351202, 658.981
0.354104, 659.003
0.357007, 659.027
0.359909, 659.043
0.362812, 659.039
0.365714, 659.012
0.368617, 658.963
0.371519, 658.897
0.374422, 658.823
0.377324, 658.744
0.380227, 658.664
0.383129, 658.579
0.386032, 658.488
0.388934, 658.391
0.391837, 658.287
0.394739, 658.177
0.397642, 658.064
0.400544, 657.944
0.403447, 657.815
0.406349, 657.679
0.409252, 657.546
0.412154, 657.432
0.415057, 657.357
0.417959, 657.343
0.420862, 657.423
0.423764, 657.655
0.426667, 658.155
0.429569, 659.171
0.432472, 661.233
0.435374, 218.901
0.438277, 218.853
0.441179, 218.822
0.444082, 218.823
0.446984, 218.852
0.449887, 218.892
0.452789, 218.932
0.455692, 218.964
0.458594, 218.993
0.461497, 873.813
0.464399, 874.939
0.467302, 875.591
0.470204, 875.967
0.473107, 876.164
0.476009, 876.237
0.478912, 876.226
0.481814, 876.161
0.484717, 876.075
0.487619, 875.991
0.490522, 875.924
0.493424, 875.883
0.496327, 875.868
0.499229, 875.877
0.502132, 875.9
0.505034, 875.925
0.507937, 875.945
0.510839, 875.956
0.513741, 875.963
0.516644, 875.977
0.519547, 876.008
0.522449, 876.06
0.525351, 876.129
0.528254, 876.204
0.531156, 876.274
0.534059, 876.335
0.536961, 876.383
0.539864, 876.418
0.542766, 876.437
0.545669, 876.443
0.548571, 876.441
0.551474, 876.444
0.554376, 876.466
0.557279, 876.511
0.560181, 876.575
0.563084, 876.638
0.565986, 876.68
0.568889, 876.692
0.571791, 876.68
0.574694, 876.664
0.577596, 876.672
0.580499, 876.73
0.583401, 876.862
0.586304, 877.078
0.589206, 877.376
0.592109, 877.733
0.595011, 878.114
0.597914, 878.487
0.600816, 878.834
0.603719, 879.158
0.606621, 879.484
0.609524, 879.842
0.612426, 880.249
0.615329, 880.702
0.618231, 881.176
0.621134, 881.631
0.624036, 882.045
0.626939, 882.43
0.629841, 882.797
0.632744, 883.235
0.635646, 883.995
0.638549, 885.51
0.641451, 888.579
0.644354, 894.794
0.647256, 905.53
0.650159, 921.447
0.653061, 939.757
0.655964, 955.943
0.658866, 967.43
0.661769, 974.989
0.664671, 979.533
0.667574, 982.243
0.670476, 983.899
0.673379, 984.942
0.676281, 985.587
0.679184, 985.979
0.682086, 986.225
0.684989, 986.354
0.687891, 986.395
0.690794, 986.418
0.693696, 986.452
0.696599, 986.478
0.699501, 986.492
0.702404, 986.484
0.705306, 986.424
0.708209, 986.315
0.711111, 986.192
0.714014, 986.071
0.716916, 985.956
0.719819, 985.851
0.722721, 985.746
0.725624, 985.615
0.728526, 985.452
0.731429, 985.273
0.734331, 985.087
0.737234, 984.899
0.740136, 984.728
0.743039, 984.583
0.745941, 984.456
0.748844, 984.357
0.751746, 984.309
0.754649, 984.322
0.757551, 984.408
0.760454, 984.584
0.763356, 984.832
0.766258, 985.114
0.769161, 985.402
0.772063, 985.681
0.774966, 985.941
0.777869, 986.197
0.780771, 986.47
0.783673, 986.763
0.786576, 987.069
0.789478, 987.383
0.792381, 987.7
0.795283, 988.013
0.798186, 988.322
0.801088, 988.624
0.803991, 988.915
0.806893, 989.192
0.809796, 989.453
0.812698, 989.695
0.815601, 989.917
0.818503, 990.124
0.821406, 990.315
0.824308, 990.479
0.827211, 990.615
0.830113, 990.725
0.833016, 990.812
0.835918, 990.885
0.838821, 990.954
0.841723, 991.067
0.844626, 991.355
0.847528, 992.136
0.850431, 994.151
0.853333, 330.337
0.856236, 330.437
0.859138, 330.617
0.862041, 330.846
0.864943, 331.039
0.867846, 331.132
0.870748, 331.129
0.873651, 331.066
0.876553, 330.977
0.879456, 330.882
0.882358, 330.791
0.885261, 330.706
0.888163, 1320.68
0.891066, 1320.95
0.893968, 1320.95
0.896871, 1320.74
0.899773, 1320.38
0.902676, 1319.93
0.905578, 1319.44
0.908481, 1318.93
0.911383, 1318.41
0.914286, 1317.93
0.917188, 1317.51
0.920091, 1317.17
0.922993, 1316.93
0.925896, 1316.77
0.928798, 1316.64
0.931701, 1316.52
0.934603, 1316.39
0.937506, 1316.27
0.940408, 1316.17
0.943311, 1316.12
0.946213, 1316.15
0.949116, 1316.23
0.952018, 1316.36
0.954921, 1316.51
0.957823, 1316.66
0.960726, 1316.81
0.963628, 1316.95
0.966531, 1317.09
0.969433, 1317.24
0.972336, 1317.38
0.975238, 1317.52
0.978141, 1317.65
0.981043, 1317.8
0.983946, 1317.98
0.986848, 1318.23
0.989751, 1318.55
0.992653, 1318.98
0.995556, 1319.51
0.998458, 1320.14
1.00136, 1320.86
1.00426, 1321.63
1.00717, 1322.44
1.01007, 1323.28
1.01297, 1324.13
1.01587, 1324.97
1.01878, 1325.77
1.02168, 1326.52
1.02458, 1327.19
1.02748, 1327.77
1.03039, 1328.29
1.03329, 1328.74
1.03619, 1329.14
1.03909, 1329.5
1.042, 1329.81
1.0449, 1330.05
1.0478, 1330.23
1.0507, 1330.34
1.05361, 1330.38
1.05651, 1330.34
1.05941, 1330.23
1.06231, 1330.03
1.06522, 1329.74
1.06812, 1329.34
1.07102, 1328.85
1.07392, 1328.27
1.07683, 1327.61
1.07973, 1326.89
1.08263, 1326.12
1.08553, 1325.32
1.08844, 1324.48
1.09134, 1323.61
1.09424, 1322.71
1.09714, 1321.76
1.10005, 1320.75
1.10295, 1319.69
1.10585, 1318.58
1.10875, 1317.47
1.11166, 1316.39
1.11456, 1315.39
1.11746, 1314.6
1.12036, 1314.02
1.12327, 1313.7
1.12617, 1313.65
1.12907, 1313.88
1.13197, 1314.33
1.13488, 1314.92
1.13778, 1315.6
1.14068, 1316.28
1.14358, 1316.9
1.14649, 1317.44
1.14939, 1317.92
1.15229, 1318.36
1.15519, 1318.78
1.1581, 1319.23
1.161, 1319.71
1.1639, 1320.25
1.1668, 1320.86
1.16971, 1321.54
1.17261, 1322.27
1.17551, 1323.05
1.17841, 1323.85
1.18132, 1324.68
1.18422, 1325.52
1.18712, 1326.34
1.19002, 1327.14
1.19293, 1327.89
1.19583, 1328.58
1.19873, 1329.2
1.20163, 1329.74
1.20454, 1330.18
1.20744, 1330.53
1.21034, 1330.76
1.21324, 1330.9
1.21615, 1330.95
1.21905, 1330.95
1.22195, 1330.89
1.22485, 1330.79
1.22776, 1330.64
1.23066, 1330.44
1.23356, 1330.18
1.23646, 1329.86
1.23937, 1329.49
1.24227, 1329.07
1.24517, 1328.62
1.24807, 1328.12
1.25098, 1327.59
1.25388, 1327.02
1.25678, 1326.44
1.25968, 1325.86
1.26259, 1325.33
1.26549, 1324.87
1.26839, 1324.52
1.27129, 1324.33
1.27419, 441.012
1.2771, 440.882
1.28, 440.733
1.2829, 440.544
1.2858, 440.293
1.28871, 439.976
1.29161, 439.623
1.29451, 439.281
1.29742, 438.986
1.30032, 438.742
1.30322, 438.541
1.30612, 438.377
1.30902, 438.257
1.31193, 438.184
1.31483, 438.156
1.31773, 438.168
1.32063, 438.208
1.32354, 438.263
1.32644, 438.329
1.32934, 438.408
1.33224, 438.504
1.33515, 438.608
1.33805, 438.703
1.34095, 438.776
1.34385, 438.831
1.34676, 438.896
1.34966, 439.004
1.35256, 439.176
1.35546, 439.399
1.35837, 439.647
1.36127, 439.901
1.36417, 440.158
1.36707, 440.414
1.36998, 440.663
1.37288, 440.895
1.37578, 441.105
1.37868, 441.291
1.38159, 441.456
1.38449, 441.602
1.38739, 441.739
1.39029, 441.873
1.3932, 442.01
1.3961, 442.148
1.399, 442.287
1.4019, 442.424
1.40481, 442.557
1.40771, 442.68
1.41061, 442.783
1.41351, 442.864
1.41642, 442.916
1.41932, 442.939
1.42222, 442.932
1.42512, 442.896
1.42803, 442.833
1.43093, 442.749
1.43383, 442.646
1.43673, 442.522
1.43964, 442.375
1.44254, 442.205
1.44544, 442.014
1.44834, 441.809
1.45125, 441.594
1.45415, 441.372
1.45705, 441.145
1.45995, 440.91
1.46286, 440.663
1.46576, 440.407
1.46866, 440.154
1.47156, 439.921
1.47447, 439.728
1.47737, 439.594
1.48027, 439.532
1.48317, 219.658
1.48608, 219.634
1.48898, 219.621
1.49188, 219.615
1.49478, 219.613
1.49769, 219.618
1.50059, 219.628
1.50349, 219.632
1.50639, 219.616
1.5093, 219.58
1.5122, 219.53
1.5151, 657.423
1.518, 657.606
1.52091, 657.699
1.52381, 657.749
1.52671, 657.791
1.52961, 657.85
1.53252, 657.939
1.53542, 658.055
1.53832, 658.19
1.54122, 658.333
1.54413, 658.476
1.54703, 658.618
1.54993, 658.758
1.55283, 658.896
1.55574, 659.026
1.55864, 659.14
1.56154, 659.233
1.56444, 659.306
1.56735, 659.362
1.57025, 659.406
1.57315, 659.442
1.57605, 659.469
1.57896, 659.479
1.58186, 659.464
1.58476, 659.419
1.58766, 659.349
1.59057, 659.265
1.59347, 659.181
1.59637, 659.108
1.59927, 659.05
1.60218, 659.007
1.60508, 658.975
1.60798, 658.955
1.61088, 658.948
1.61379, 658.954
1.61669, 658.972
1.61959, 658.995
1.62249, 659.013
1.6254, 659.015
1.6283, 658.996
1.6312, 658.954
1.6341, 658.896
1.63701, 658.827
1.63991, 658.755
1.64281, 658.68
1.64571, 658.602
1.64862, 658.519
1.65152, 658.43
1.65442, 658.333
1.65732, 658.23
1.66023, 658.122
1.66313, 658.006
1.66603, 657.881
1.66893, 657.748
1.67184, 657.616
1.67474, 657.499
1.67764, 657.417
1.68054, 657.391
1.68345, 657.449
1.68635, 657.64
1.68925, 658.058
1.69215, 658.906
1.69506, 660.609
1.69796, 218.965
1.70086, 218.926
1.70376, 218.899
1.70667, 218.896
1.70957, 218.914
1.71247, 218.944
1.71537, 218.974
1.71828, 218.998
1.72118, 219.021
1.72408, 219.043
1.72698, 873.98
1.72989, 874.995
1.73279, 875.621
1.73569, 876
1.73859, 876.211
1.7415, 876.305
1.7444, 876.323
1.7473, 876.299
1.7502, 876.26
1.75311, 876.226
1.75601, 876.206
1.75891, 876.205
1.76181, 876.221
1.76472, 876.25
1.76762, 876.282
1.77052, 876.309
1.77342, 876.327
1.77633, 876.338
1.77923, 876.353
1.78213, 876.38
1.78503, 876.422
1.78794, 876.475
1.79084, 876.531
1.79374, 876.58
1.79664, 876.619
1.79955, 876.648
1.80245, 876.667
1.80535, 876.675
1.80825, 876.67
1.81116, 876.659
1.81406, 876.651
1.81696, 876.659
1.81986, 876.69
1.82277, 876.742
1.82567, 876.796
1.82857, 876.832
1.83147, 876.836
1.83438, 876.812
1.83728, 876.778
1.84018, 876.76
1.84308, 876.788
1.84599, 876.887
1.84889, 877.073
1.85179, 877.347
1.85469, 877.691
1.8576, 878.07
1.8605, 878.447
1.8634, 878.799
1.8663, 879.126
1.86921, 879.447
1.87211, 879.794
1.87501, 880.189
1.87791, 880.632
1.88082, 881.099
1.88372, 881.55
1.88662, 881.959
1.88952, 882.337
1.89243, 882.697
1.89533, 883.105
1.89823, 883.782
1.90113, 885.118
1.90404, 887.806
1.90694, 893.235
1.90984, 902.923
1.91274, 917.655
1.91565, 935.461
1.91855, 952.069
1.92145, 964.547
1.92435, 972.854
1.92726, 978.056
1.93016, 981.207
1.93306, 983.158
1.93596, 984.407
1.93887, 985.203
1.94177, 985.703
1.94467, 986.029
1.94757, 986.221
1.95048, 986.304
1.95338, 986.346
1.95628, 986.391
1.95918, 986.427
1.96209, 986.449
1.96499, 986.454
1.96789, 986.413
1.97079, 986.318
1.9737, 986.201
1.9766, 986.082
1.9795, 985.963
1.9824, 985.85
1.98531, 985.738
1.98821, 985.602
1.99111, 985.435
1.99401, 985.254
1.99692, 985.072
1.99982, 984.895
2.00272, 984.741
2.00562, 984.621
2.00853, 984.523
2.01143, 984.451
2.01433, 984.423
2.01723, 984.448
2.02014, 984.535
2.02304, 984.702
2.02594, 984.941
2.02884, 985.218
2.03175, 985.503
2.03465, 985.779
2.03755, 986.033
2.04045, 986.275
2.04336, 986.527
2.04626, 986.797
2.04916, 987.083
2.05206, 987.381
2.05497, 987.685
2.05787, 987.987
2.06077, 988.286
2.06367, 988.58
2.06658, 988.863
2.06948, 989.134
2.07238, 989.386
2.07528, 989.62
2.07819, 989.834
2.08109, 990.028
2.08399, 990.211
2.08689, 990.372
2.0898, 990.508
2.0927, 990.619
2.0956, 990.705
2.0985, 990.765
2.10141, 990.802
2.10431, 990.815
2.10721, 990.802
2.11011, 990.767
2.11302, 990.716
2.11592, 990.652
2.11882, 990.588
2.12172, 990.536
2.12463, 990.5
2.12753, 990.478
2.13043, 990.465
2.13333, 990.458
2.13624, 990.46
2.13914, 990.479
2.14204, 990.527
2.14494, 990.603
2.14785, 990.701
2.15075, 990.805
2.15365, 990.898
2.15655, 990.972
2.15946, 991.029
2.16236, 991.078
2.16526, 991.135
2.16816, 991.206
2.17107, 991.29
2.17397, 991.382
2.17687, 991.473
2.17977, 991.556
2.18268, 991.632
2.18558, 991.707
2.18848, 991.786
2.19138, 991.872
2.19429, 991.962
2.19719, 992.051
2.20009, 992.14
2.20299, 992.233
2.2059, 992.333
2.2088, 992.447
2.2117, 992.58
2.2146, 992.734
2.21751, 992.913
2.22041, 993.127
2.22331, 993.385
2.22621, 993.698
2.22912, 994.063
2.23202, 994.468
2.23492, 994.896
2.23782, 995.336
2.24073, 995.778
2.24363, 996.224
2.24653, 996.675
2.24943, 997.132
2.25234, 997.591
2.25524, 998.04
2.25814, 998.459
2.26104, 998.829
2.26395, 999.134
2.26685, 999.367
2.26975, 999.525
2.27265, 999.612
2.27556, 999.635
2.27846, 999.594
2.28136, 999.488
2.28426, 999.309
2.28717, 999.05
2.29007, 998.71
2.29297, 998.299
2.29587, 997.83
2.29878, 997.32
2.30168, 996.778
2.30458, 996.214
2.30748, 995.632
2.31039, 995.039
2.31329, 994.447
2.31619, 993.865
2.31909, 993.306
2.322, 992.778
2.3249, 992.286
2.3278, 991.833
2.3307, 991.42
2.33361, 991.049
2.33651, 990.728
2.33941, 990.479
2.34231, 990.362
2.34522, 990.6
2.34812, 991.94
2.35102, 996.894
2.35392, 1012.44
2.35683, 1052.27
2.35973, 1107.13
2.36263, 1144.1
2.36553, 1160.49
2.36844, 1166.8
2.37134, 1169.2
2.37424, 1170.04
2.37714, 1170.28
2.38005, 1170.31
2.38295, 1170.32
2.38585, 1170.38
2.38875, 1170.51
2.39166, 1170.66
2.39456, 1170.79
2.39746, 1170.84
2.40036, 1170.81
2.40327, 1170.7
2.40617, 1170.57
2.40907, 1170.43
2.41197, 1170.32
2.41488, 1170.22
2.41778, 1170.14
2.42068, 1170.04
2.42358, 1169.92
2.42649, 1169.79
2.42939, 1169.66
2.43229, 1169.52
2.43519, 1169.4
2.4381, 1169.29
2.441, 1169.2
2.4439, 1169.14
2.4468, 1169.14
2.44971, 1169.22
2.45261, 1169.39
2.45551, 1169.65
2.45841, 1169.99
2.46132, 1170.37
2.46422, 1170.76
2.46712, 1171.16
2.47002, 1171.53
2.47293, 1171.87
2.47583, 1172.19
2.47873, 1172.45
2.48163, 1172.66
2.48454, 1172.81
2.48744, 1172.9
2.49034, 1172.96
2.49324, 1172.98
2.49615, 1173
2.49905, 1173.02
2.50195, 1173.04
2.50485, 1173.06
2.50776, 1173.07
2.51066, 1173.07
2.51356, 1173.06
2.51646, 1173.04
2.51937, 1173.03
2.52227, 1173.04
2.52517, 1173.06
2.52807, 1173.1
2.53098, 1173.16
2.53388, 1173.25
2.53678, 1173.42
2.53968, 390.98
2.54259, 390.976
2.54549, 390.971
2.54839, 390.96
2.55129, 390.936
2.55419, 390.891
2.5571, 390.831
2.56, 390.768
2.5629, 390.711
2.5658, 390.656
2.56871, 390.593
2.57161, 390.511
2.57451, 390.42
2.57741, 390.334
2.58032, 390.275
2.58322, 390.251
2.58612, 390.254
2.58903, 390.268
2.59193, 390.277
2.59483, 390.278
2.59773, 390.289
2.60063, 390.331
2.60354, 390.411
2.60644, 390.517
2.60934, 390.624
2.61224, 390.711
2.61515, 390.774
2.61805, 390.831
2.62095, 390.916
2.62385, 391.056
2.62676, 391.255
2.62966, 391.49
2.63256, 391.731
2.63546, 391.953
2.63837, 392.151
2.64127, 392.339
2.64417, 392.529
2.64707, 392.719
2.64998, 392.9
2.65288, 393.061
2.65578, 393.199
2.65868, 393.318
2.66159, 393.427
2.66449, 393.53
2.66739, 393.632
2.67029, 393.733
2.6732, 393.835
2.6761, 393.938
2.679, 394.045
2.6819, 394.153
2.68481, 394.26
2.68771, 394.356
2.69061, 394.437
2.69351, 394.5
2.69642, 394.547
2.69932, 394.579
2.70222, 394.595
2.70512, 394.591
2.70803, 394.566
2.71093, 394.523
2.71383, 394.464
2.71673, 394.39
2.71964, 394.298
2.72254, 394.186
2.72544, 394.055
2.72834, 393.906
2.73125, 393.748
2.73415, 393.592
2.73705, 393.447
2.73995, 393.324
2.74286, 393.232
2.74576, 393.19
2.74866, 196.402
2.75156, 196.294
2.75447, 196.159
2.75737, 195.98
2.76027, 195.77
2.76317, 195.555
2.76608, 195.365
2.76898, 195.221
2.77188, 195.119
2.77478, 585.985
2.77769, 585.742
2.78059, 585.629
2.78349, 585.597
2.78639, 585.612
2.7893, 585.65
2.7922, 585.693
2.7951, 585.733
2.798, 585.771
2.80091, 585.802
2.80381, 585.819
2.80671, 585.81
2.80961, 585.769
2.81252, 585.695
2.81542, 585.598
2.81832, 585.497
2.82122, 585.416
2.82413, 585.374
2.82703, 585.369
2.82993, 585.39
2.83283, 585.419
2.83574, 585.447
2.83864, 585.477
2.84154, 585.515
2.84444, 585.562
2.84735, 585.611
2.85025, 585.655
2.85315, 585.688
2.85605, 585.714
2.85896, 585.739
2.86186, 585.776
2.86476, 585.83
2.86766, 585.891
2.87057, 585.943
2.87347, 585.972
2.87637, 585.981
2.87927, 585.976
2.88218, 585.973
2.88508, 585.983
2.88798, 586.015
2.89088, 586.074
2.89379, 586.151
2.89669, 586.233
2.89959, 586.302
2.90249, 586.347
2.9054, 586.365
2.9083, 586.36
2.9112, 586.347
2.9141, 586.341
2.91701, 586.356
2.91991, 586.39
2.92281, 586.433
2.92571, 586.471
2.92862, 586.496
2.93152, 586.515
2.93442, 586.541
2.93732, 586.592
2.94023, 586.683
2.94313, 586.817
2.94603, 586.986
2.94893, 587.179
2.95184, 587.397
2.95474, 587.662
2.95764, 293.637
2.96054, 293.604
2.96345, 293.517
2.96635, 293.367
2.96925, 293.157
2.97215, 292.91
2.97506, 292.673
2.97796, 292.482
2.98086, 292.347
2.98376, 292.265
2.98667, 292.222
2.98957, 292.205
2.99247, 292.203
2.99537, 292.207
2.99828, 292.208
3.00118, 875.877
3.00408, 875.982
3.00698, 876.044
3.00989, 876.079
3.01279, 876.104
3.01569, 876.133
3.01859, 876.175
3.0215, 876.238
3.0244, 876.322
3.0273, 876.422
3.0302, 876.526
3.03311, 876.618
3.03601, 876.689
3.03891, 876.737
3.04181, 876.772
3.04472, 876.807
3.04762, 876.852
3.05052, 876.909
3.05342, 876.969
3.05633, 877.021
3.05923, 877.056
3.06213, 877.071
3.06503, 877.067
3.06794, 877.043
3.07084, 877.004
3.07374, 876.957
3.07664, 876.914
3.07955, 876.887
3.08245, 876.888
3.08535, 876.913
3.08825, 876.949
3.09116, 876.976
3.09406, 876.978
3.09696, 876.955
3.09986, 876.921
3.10277, 876.9
3.10567, 876.919
3.10857, 877.003
3.11147, 877.169
3.11438, 877.423
3.11728, 877.748
3.12018, 878.112
3.12308, 878.48
3.12599, 878.825
3.12889, 879.143
3.13179, 879.45
3.13469, 879.779
3.1376, 880.155
3.1405, 880.583
3.1434, 881.044
3.1463, 881.5
3.14921, 881.917
3.15211, 882.301
3.15501, 882.664
3.15791, 883.052
3.16082, 883.654
3.16372, 884.82
3.16662, 887.162
3.16952, 891.884
3.17243, 900.639
3.17533, 914.306
3.17823, 931.644
3.18113, 948.622
3.18404, 961.997
3.18694, 970.942
3.18984, 976.696
3.19274, 980.205
3.19565, 982.39
3.19855, 983.802
3.20145, 984.726
3.20435, 985.326
3.20726, 985.732
3.21016, 986
3.21306, 986.147
3.21596, 986.236
3.21887, 986.322
3.22177, 986.398
3.22467, 986.455
3.22757, 986.495
3.23048, 986.491
3.23338, 986.427
3.23628, 986.328
3.23918, 986.223
3.24209, 986.114
3.24499, 986.005
3.24789, 985.899
3.25079, 985.774
3.2537, 985.615
3.2566, 985.438
3.2595, 985.256
3.2624, 985.074
3.26531, 984.904
3.26821, 984.761
3.27111, 984.637
3.27401, 984.535
3.27692, 984.474
3.27982, 984.469
3.28272, 984.529
3.28562, 984.67
3.28853, 984.891
3.29143, 985.16
3.29433, 985.444
3.29723, 985.722
3.30014, 985.982
3.30304, 986.228
3.30594, 986.478
3.30884, 986.746
3.31175, 987.029
3.31465, 987.325
3.31755, 987.629
3.32045, 987.932
3.32336, 988.232
3.32626, 988.526
3.32916, 988.81
3.33206, 989.079
3.33497, 989.332
3.33787, 989.564
3.34077, 989.777
3.34367, 989.97
3.34658, 990.149
3.34948, 990.31
3.35238, 990.449
3.35528, 990.564
3.35819, 990.653
3.36109, 990.72
3.36399, 990.762
3.36689, 990.78
3.3698, 990.773
3.3727, 990.743
3.3756, 990.694
3.3785, 990.634
3.38141, 990.572
3.38431, 990.521
3.38721, 990.488
3.39011, 990.469
3.39302, 990.46
3.39592, 990.458
3.39882, 990.463
3.40172, 990.485
3.40463, 990.536
3.40753, 990.616
3.41043, 990.721
3.41333, 990.836
3.41624, 990.941
3.41914, 991.025
3.42204, 991.089
3.42494, 991.142
3.42785, 991.199
3.43075, 991.272
3.43365, 991.361
3.43655, 991.46
3.43946, 991.561
3.44236, 991.655
3.44526, 991.742
3.44816, 991.826
3.45107, 991.915
3.45397, 992.011
3.45687, 992.111
3.45977, 992.209
3.46268, 992.306
3.46558, 992.403
3.46848, 992.506
3.47138, 992.622
3.47429, 992.754
3.47719, 992.905
3.48009, 993.078
3.48299, 993.28
3.4859, 993.523
3.4888, 993.815
3.4917, 994.156
3.4946, 994.534
3.49751, 994.934
3.50041, 995.342
3.50331, 995.75
3.50621, 996.155
3.50912, 996.56
3.51202, 996.969
3.51492, 997.38
3.51782, 997.782
3.52073, 998.161
3.52363, 998.497
3.52653, 998.778
3.52943, 998.994
3.53234, 999.144
3.53524, 999.232
3.53814, 999.265
3.54104, 999.246
3.54395, 999.172
3.54685, 999.036
3.54975, 998.828
3.55265, 998.545
3.55556, 998.191
3.55846, 997.776
3.56136, 997.315
3.56426, 996.817
3.56717, 996.288
3.57007, 995.729
3.57297, 995.135
3.57587, 994.508
3.57878, 993.856
3.58168, 993.197
3.58458, 992.557
3.58748, 991.955
3.59039, 991.4
3.59329, 990.884
3.59619, 990.396
3.59909, 989.931
3.602, 989.501
3.6049, 989.091
3.6078, 988.72
3.6107, 988.408
3.61361, 988.166
3.61651, 987.991
3.61941, 987.874
3.62231, 987.807
3.62522, 987.793
3.62812, 987.852
3.63102, 988.018
3.63392, 988.334
3.63683, 988.833
3.63973, 989.532
3.64263, 990.446
3.64553, 991.557
3.64844, 992.784
3.65134, 994.076
3.65424, 995.389
3.65714, 996.69
3.66005, 997.954
3.66295, 999.162
3.66585, 1000.3
3.66875, 1001.36
3.67166, 1002.33
3.67456, 1003.21
3.67746, 1003.96
3.68036, 1004.58
3.68327, 1005.03
3.68617, 1005.32
3.68907, 1005.45
3.69197, 1005.42
3.69488, 1005.25
3.69778, 1004.99
3.70068, 1004.65
3.70358, 1004.27
3.70649, 1003.86
3.70939, 1003.43
3.71229, 1002.97
3.71519, 1002.46
3.7181, 1001.89
3.721, 1001.25
3.7239, 1000.53
3.7268, 999.741
3.72971, 998.902
3.73261, 998.031
3.73551, 997.148
3.73841, 996.264
3.74132, 995.389
3.74422, 994.528
3.74712, 993.68
3.75002, 992.847
3.75293, 992.026
3.75583, 991.213
3.75873, 990.399
3.76163, 989.615
3.76454, 988.868
3.76744, 988.165
3.77034, 987.54
3.77324, 987.02
3.77615, 986.619
3.77905, 986.338
3.78195, 986.17
3.78485, 986.109
3.78776, 986.148
3.79066, 986.279
3.79356, 986.484
3.79646, 986.733
3.79937, 986.963
3.80227, 987.075
3.80517, 197.514
3.80807, 197.578
3.81098, 197.623
3.81388, 197.622
3.81678, 197.557
3.81968, 197.42
3.82259, 197.229
3.82549, 197.01
3.82839, 196.789
3.83129, 196.572
3.83419, 196.363
3.8371, 196.164
3.84, 195.985
3.8429, 195.828
3.8458, 195.702
3.84871, 195.606
3.85161, 389.653
3.85451, 389.735
3.85741, 389.79
3.86032, 389.835
3.86322, 389.901
3.86612, 390.009
3.86902, 390.149
3.87193, 390.297
3.87483, 390.425
3.87773, 390.524
3.88064, 390.611
3.88354, 390.723
3.88644, 390.892
3.88934, 391.125
3.89224, 391.394
3.89515, 391.664
3.89805, 391.909
3.90095, 392.124
3.90385, 392.324
3.90676, 392.524
3.90966, 392.724
3.91256, 392.911
3.91546, 393.075
3.91837, 393.212
3.92127, 393.329
3.92417, 393.434
3.92707, 393.537
3.92998, 393.64
3.93288, 393.744
3.93578, 393.848
3.93868, 393.952
3.94159, 394.054
3.94449, 394.157
3.94739, 394.257
3.95029, 394.35
3.9532, 394.429
3.9561, 394.491
3.959, 394.54
3.9619, 394.574
3.96481, 394.593
3.96771, 394.593
3.97061, 394.572
3.97351, 394.532
3.97642, 394.477
3.97932, 394.408
3.98222, 394.323
3.98512, 394.219
3.98803, 394.094
3.99093, 393.95
3.99383, 393.793
3.99673, 393.633
3.99964, 393.483
4.00254, 393.352
4.00544, 393.253
4.00834, 393.199
4.01125, 196.424
4.01415, 196.323
4.01705, 196.199
4.01995, 196.034
4.02286, 195.838
4.02576, 195.626
4.02866, 195.433
4.03156, 195.279
4.03447, 195.167
4.03737, 585.862
4.04027, 585.626
4.04317, 585.515
4.04608, 585.484
4.04898, 585.5
4.05188, 585.538
4.05478, 585.584
4.05769, 585.629
4.06059, 585.673
4.06349, 585.714
4.06639, 585.744
4.0693, 585.755
4.0722, 585.734
4.0751, 585.68
4.078, 585.598
4.08091, 585.504
4.08381, 585.423
4.08671, 585.373
4.08961, 585.36
4.09252, 585.374
4.09542, 585.398
4.09832, 585.423
4.10122, 585.45
4.10413, 585.485
4.10703, 585.529
4.10993, 585.578
4.11283, 585.623
4.11574, 585.658
4.11864, 585.685
4.12154, 585.711
4.12444, 585.748
4.12735, 585.803
4.13025, 585.869
4.13315, 585.93
4.13605, 585.97
4.13896, 585.986
4.14186, 585.986
4.14476, 585.983
4.14766, 585.99
4.15057, 586.017
4.15347, 586.07
4.15637, 586.144
4.15927, 586.225
4.16218, 586.296
4.16508, 586.344
4.16798, 586.364
4.17088, 586.362
4.17379, 586.348
4.17669, 586.341
4.17959, 586.353
4.18249, 586.387
4.1854, 586.433
4.1883, 586.476
4.1912, 586.507
4.1941, 586.529
4.19701, 586.554
4.19991, 586.601
4.20281, 586.686
4.20571, 586.814
4.20862, 586.979
4.21152, 587.171
4.21442, 587.389
4.21732, 587.651
4.22023, 293.647
4.22313, 293.618
4.22603, 293.535
4.22893, 293.387
4.23184, 293.174
4.23474, 292.921
4.23764, 292.674
4.24054, 292.475
4.24345, 292.336
4.24635, 292.251
4.24925, 292.207
4.25215, 292.19
4.25506, 292.189
4.25796, 292.195
4.26086, 876.019
4.26376, 876.171
4.26667, 876.265
4.26957, 876.314
4.27247, 876.332
4.27537, 876.336
4.27828, 876.341
4.28118, 876.358
4.28408, 876.393
4.28698, 876.448
4.28989, 876.52
4.29279, 876.596
4.29569, 876.666
4.29859, 876.717
4.3015, 876.748
4.3044, 876.766
4.3073, 876.784
4.3102, 876.813
4.31311, 876.856
4.31601, 876.907
4.31891, 876.956
4.32181, 876.992
4.32472, 877.01
4.32762, 877.009
4.33052, 876.99
4.33342, 876.958
4.33633, 876.918
4.33923, 876.884
4.34213, 876.865
4.34503, 876.87
4.34794, 876.898
4.35084, 876.936
4.35374, 876.965
4.35664, 876.97
4.35955, 876.948
4.36245, 876.912
4.36535, 876.885
4.36825, 876.892
4.37116, 876.957
4.37406, 877.1
4.37696, 877.327
4.37986, 877.63
4.38277, 877.979
4.38567, 878.341
4.38857, 878.686
4.39147, 879.006
4.39438, 879.313
4.39728, 879.636
4.40018, 880.001
4.40308, 880.42
4.40599, 880.878
4.40889, 881.341
4.41179, 881.771
4.41469, 882.163
4.4176, 882.527
4.4205, 882.892
4.4234, 883.406
4.4263, 884.386
4.42921, 886.373
4.43211, 890.401
4.43501, 898.307
4.43791, 911.097
4.44082, 928.371
4.44372, 946.363
4.44662, 960.981
4.44952, 970.799
4.45243, 977.054
4.45533, 980.778
4.45823, 983.016
4.46113, 984.404
4.46404, 985.275
4.46694, 985.806
4.46984, 986.136
4.47274, 986.337
4.47565, 986.424
4.47855, 986.451
4.48145, 986.478
4.48435, 986.504
4.48726, 986.516
4.49016, 986.513
4.49306, 986.475
4.49596, 986.38
4.49887, 986.254
4.50177, 986.125
4.50467, 986.005
4.50757, 985.897
4.51048, 985.802
4.51338, 985.699
4.51628, 985.567
4.51918, 985.41
4.52209, 985.243
4.52499, 985.067
4.52789, 984.894
4.53079, 984.742
4.5337, 984.61
4.5366, 984.496
4.5395, 984.422
4.5424, 984.407
4.54531, 984.457
4.54821, 984.59
4.55111, 984.808
4.55401, 985.081
4.55692, 985.37
4.55982, 985.656
4.56272, 985.923
4.56562, 986.17
4.56853, 986.42
4.57143, 986.688
4.57433, 986.973
4.57723, 987.271
4.58014, 987.576
4.58304, 987.881
4.58594, 988.184
4.58884, 988.482
4.59175, 988.773
4.59465, 989.051
4.59755, 989.315
4.60045, 989.56
4.60336, 989.787
4.60626, 989.995
4.60916, 990.191
4.61206, 990.367
4.61497, 990.517
4.61787, 990.639
4.62077, 990.735
4.62367, 990.803
4.62658, 990.847
4.62948, 990.866
4.63238, 990.86
4.63528, 990.83
4.63819, 990.78
4.64109, 990.715
4.64399, 990.645
4.64689, 990.583
4.6498, 990.537
4.6527, 990.507
4.6556, 990.489
4.6585, 990.479
4.66141, 990.476
4.66431, 990.488
4.66721, 990.524
4.67011, 990.589
4.67302, 990.679
4.67592, 990.783
4.67882, 990.881
4.68172, 990.961
4.68463, 991.021
4.68753, 991.07
4.69043, 991.12
4.69333, 991.185
4.69624, 991.266
4.69914, 991.357
4.70204, 991.452
4.70494, 991.54
4.70785, 991.62
4.71075, 991.696
4.71365, 991.774
4.71655, 991.858
4.71946, 991.946
4.72236, 992.034
4.72526, 992.121
4.72816, 992.21
4.73107, 992.306
4.73397, 992.414
4.73687, 992.541
4.73977, 992.69
4.74268, 992.862
4.74558, 993.066
4.74848, 993.312
4.75138, 993.609
4.75429, 993.961
4.75719, 994.358
4.76009, 994.784
4.76299, 995.224
4.7659, 995.667
4.7688, 996.109
4.7717, 996.553
4.7746, 996.999
4.77751, 997.445
4.78041, 997.881
4.78331, 998.291
4.78621, 998.655
4.78912, 998.957
4.79202, 999.188
4.79492, 999.345
4.79782, 999.432
4.80073, 999.455
4.80363, 999.419
4.80653, 999.325
4.80943, 999.168
4.81234, 998.939
4.81524, 998.636
4.81814, 998.264
4.82104, 997.835
4.82395, 997.363
4.82685, 996.859
4.82975, 996.331
4.83265, 995.784
4.83556, 995.222
4.83846, 994.653
4.84136, 994.087
4.84426, 993.538
4.84717, 993.017
4.85007, 992.534
4.85297, 992.098
4.85587, 991.715
4.85878, 991.39
4.86168, 991.133
4.86458, 990.956
4.86748, 990.891
4.87039, 991.049
4.87329, 991.824
4.87619, 994.579
4.87909, 1003.57
4.882, 1029.49
4.8849, 1079.59
4.8878, 1128.06
4.8907, 1153.47
4.89361, 1163.94
4.89651, 1168
4.89941, 1169.53
4.90231, 1170.05
4.90522, 1170.18
4.90812, 1170.22
4.91102, 1170.27
4.91392, 1170.38
4.91683, 1170.53
4.91973, 1170.66
4.92263, 1170.73
4.92553, 1170.71
4.92844, 1170.62
4.93134, 1170.47
4.93424, 1170.32
4.93714, 1170.19
4.94005, 1170.09
4.94295, 1170.02
4.94585, 1169.95
4.94875, 1169.88
4.95166, 1169.79
4.95456, 1169.7
4.95746, 1169.61
4.96036, 1169.52
4.96327, 1169.43
4.96617, 1169.36
4.96907, 1169.3
4.97197, 1169.29
4.97488, 1169.35
4.97778, 1169.49
4.98068, 1169.71
4.98358, 1170.02
4.98649, 1170.42
4.98939, 1170.87
4.99229, 1171.37
4.99519, 1171.91
4.9981, 1172.48
5.001, 1173.08
5.0039, 1173.75
