0, 252.091
0.00290249, 252.113
0.00580499, 252.051
0.00870748, 265.604
0.01161, 266.043
0.0145125, 498.02
0.017415, 498.606
0.0203175, 499.108
0.02322, 499.578
0.0261224, 500.08
0.0290249, 500.699
0.0319274, 131.115
0.0348299, 131.111
0.0377324, 504.339
0.0406349, 504.949
0.0435374, 505.248
0.0464399, 551.312
0.0493424, 551.395
0.0522449, 549.672
0.0551474, 132.039
0.0580499, 524.11
0.0609524, 525.57
0.0638549, 265.586
0.0667574, 265.593
0.0696599, 265.597
0.0725624, 265.566
0.0754649, 265.489
0.0783673, 492.931
0.0812698, 130.328
0.0841723, 130.506
0.0870748, 130.579
0.0899773, 241.087
0.0928798, 241.378
0.0957823, 241.631
0.0986848, 241.727
0.101587, 241.685
0.10449, 241.435
0.107392, 66.0485
0.110295, 155.288
0.113197, 155.195
0.1161, 155.165
0.119002, 155.184
0.121905, 275.984
0.124807, 277.693
0.12771, 278.723
0.130612, 278.991
0.133515, 279.034
0.136417, 278.87
0.13932, 277.9
0.142222, 158.213
0.145125, 150.542
0.148027, 155.207
0.15093, 155.326
0.153832, 155.743
0.156735, 540.915
0.159637, 538.879
0.16254, 537.846
0.165442, 537.521
0.168345, 512.069
0.171247, 511
0.17415, 510.273
0.177052, 266.079
0.179955, 265.992
0.182857, 265.869
0.18576, 265.844
0.188662, 227.453
0.191565, 227.645
0.194467, 227.752
0.19737, 227.704
0.200272, 156.742
0.203175, 156.606
0.206077, 156.4
0.20898, 138.91
0.211882, 138.774
0.214785, 138.176
0.217687, 138.128
0.22059, 138.108
0.223492, 138.103
0.226395, 138.1
0.229297, 138.069
0.2322, 87.8696
0.235102, 85.3277
0.238005, 93.5853
0.240907, 93.6133
0.24381, 223.505
0.246712, 223.403
0.249615, 223.101
0.252517, 222.686
0.255419, 89.5851
0.258322, 2863.3
0.261224, 2843.41
0.264127, 2793.79
0.267029, 2738.98
0.269932, 2669.79
0.272834, 2621.82
0.275737, 134.387
0.278639, 173.59
0.281542, 173.538
0.284444, 173.452
0.287347, 334.539
0.290249, 149.412
0.293152, 149.539
0.296054, 269.64
0.298957, 269.74
0.301859, 269.91
0.304762, 486.428
0.307664, 487.875
0.310567, 488.951
0.313469, 489.803
0.316372, 490.62
0.319274, 491.496
0.322177, 492.414
0.325079, 493.236
0.327982, 493.899
0.330884, 494.371
0.333787, 494.634
0.336689, 494.686
0.339592, 494.547
0.342494, 494.272
0.345397, 493.931
0.348299, 493.585
0.351202, 493.287
0.354104, 493.077
0.357007, 492.949
0.359909, 492.863
0.362812, 492.804
0.365714, 492.777
0.368617, 492.762
0.371519, 492.733
0.374422, 492.679
0.377324, 492.612
0.380227, 492.568
0.383129, 492.578
0.386032, 492.644
0.388934, 492.731
0.391837, 492.776
0.394739, 492.749
0.397642, 492.681
0.400544, 492.666
0.403447, 492.78
0.406349, 493
0.409252, 493.215
0.412154, 493.337
0.415057, 493.364
0.417959, 493.352
0.420862, 493.384
0.423764, 493.54
0.426667, 493.841
0.429569, 494.22
0.432472, 494.54
0.435374, 494.66
0.438277, 494.508
0.441179, 494.159
0.444082, 493.843
0.446984, 493.764
0.449887, 493.898
0.452789, 494.101
0.455692, 494.254
0.458594, 494.301
0.461497, 494.244
0.464399, 494.14
0.467302, 494.08
0.470204, 494.136
0.473107, 494.328
0.476009, 494.626
0.478912, 494.979
0.481814, 495.318
0.484717, 495.577
0.487619, 495.714
0.490522, 495.731
0.493424, 495.662
0.496327, 495.549
0.499229, 495.432
0.502132, 495.336
0.505034, 495.269
0.507937, 495.216
0.510839, 495.144
0.513741, 495.022
0.516644, 494.844
0.519547, 494.624
0.522449, 494.383
0.525351, 494.135
0.528254, 493.88
0.531156, 493.602
0.534059, 493.28
0.536961, 492.902
0.539864, 492.481
0.542766, 492.063
0.545669, 491.705
0.548571, 491.426
0.551474, 491.223
0.554376, 491.069
0.557279, 490.943
0.560181, 490.836
0.563084, 490.751
0.565986, 490.696
0.568889, 490.673
0.571791, 490.673
0.574694, 490.674
0.577596, 490.649
0.580499, 490.589
0.583401, 490.502
0.586304, 490.416
0.589206, 490.364
0.592109, 490.367
0.595011, 490.428
0.597914, 490.528
0.600816, 490.641
0.603719, 490.749
0.606621, 490.847
0.609524, 490.955
0.612426, 491.097
0.615329, 491.281
0.618231, 491.493
0.621134, 491.702
0.624036, 491.879
0.626939, 492.007
0.629841, 492.091
0.632744, 492.152
0.635646, 492.22
0.638549, 492.311
0.641451, 492.423
0.644354, 492.54
0.647256, 492.646
0.650159, 492.732
0.653061, 492.8
0.655964, 492.849
0.658866, 492.878
0.661769, 492.883
0.664671, 492.863
0.667574, 492.823
0.670476, 492.777
0.673379, 492.74
0.676281, 492.726
0.679184, 492.732
0.682086, 492.743
0.684989, 492.741
0.687891, 492.712
0.690794, 492.658
0.693696, 492.589
0.696599, 492.52
0.699501, 492.462
0.702404, 492.416
0.705306, 492.373
0.708209, 492.318
0.711111, 492.241
0.714014, 492.148
0.716916, 492.054
0.719819, 491.975
0.722721, 491.916
0.725624, 491.875
0.728526, 491.839
0.731429, 491.789
0.734331, 491.711
0.737234, 491.591
0.740136, 491.43
0.743039, 491.243
0.745941, 491.061
0.748844, 490.914
0.751746, 490.823
0.754649, 490.791
0.757551, 490.803
0.760454, 490.837
0.763356, 490.872
0.766258, 490.895
0.769161, 490.91
0.772063, 490.927
0.774966, 490.958
0.777869, 491.006
0.780771, 491.07
0.783673, 491.143
0.786576, 491.221
0.789478, 491.298
0.792381, 491.37
0.795283, 491.433
0.798186, 491.482
0.801088, 491.512
0.803991, 491.521
0.806893, 491.516
0.809796, 491.515
0.812698, 491.541
0.815601, 491.611
0.818503, 491.732
0.821406, 491.895
0.824308, 492.076
0.827211, 492.25
0.830113, 492.402
0.833016, 492.517
0.835918, 492.594
0.838821, 492.642
0.841723, 492.672
0.844626, 492.699
0.847528, 492.736
0.850431, 492.793
0.853333, 492.871
0.856236, 492.964
0.859138, 493.063
0.862041, 493.163
0.864943, 493.263
0.867846, 493.369
0.870748, 493.484
0.873651, 493.608
0.876553, 493.737
0.879456, 493.863
0.882358, 493.986
0.885261, 494.107
0.888163, 494.226
0.891066, 494.342
0.893968, 494.445
0.896871, 494.522
0.899773, 494.566
0.902676, 494.568
0.905578, 494.525
0.908481, 494.431
0.911383, 494.281
0.914286, 494.074
0.917188, 493.818
0.920091, 493.535
0.922993, 493.254
0.925896, 493.004
0.928798, 492.803
0.931701, 492.651
0.934603, 492.536
0.937506, 492.44
0.940408, 492.343
0.943311, 492.24
0.946213, 492.137
0.949116, 492.038
0.952018, 491.95
0.954921, 491.873
0.957823, 491.809
0.960726, 491.758
0.963628, 491.723
0.966531, 491.708
0.969433, 491.721
0.972336, 491.766
0.975238, 491.839
0.978141, 491.926
0.981043, 492.01
0.983946, 492.076
0.986848, 492.12
0.989751, 492.145
0.992653, 492.158
0.995556, 492.165
0.998458, 492.169
1.00136, 492.17
1.00426, 492.174
1.00717, 492.189
1.01007, 492.226
1.01297, 492.295
1.01587, 492.397
1.01878, 492.521
1.02168, 492.651
1.02458, 492.776
1.02748, 492.89
1.03039, 492.997
1.03329, 493.102
1.03619, 493.209
1.03909, 493.321
1.042, 493.435
1.0449, 493.548
1.0478, 493.656
1.0507, 493.758
1.05361, 493.857
1.05651, 493.96
1.05941, 494.073
1.06231, 494.197
1.06522, 494.329
1.06812, 494.458
1.07102, 494.567
1.07392, 494.642
1.07683, 494.678
1.07973, 494.681
1.08263, 494.664
1.08553, 494.637
1.08844, 494.605
1.09134, 494.569
1.09424, 494.528
1.09714, 494.482
1.10005, 494.429
1.10295, 494.371
1.10585, 494.305
1.10875, 494.225
1.11166, 494.127
1.11456, 494.006
1.11746, 493.867
1.12036, 493.726
1.12327, 493.598
1.12617, 493.497
1.12907, 493.428
1.13197, 493.389
1.13488, 493.366
1.13778, 493.344
1.14068, 493.314
1.14358, 493.271
1.14649, 493.215
1.14939, 493.15
1.15229, 493.081
1.15519, 493.014
1.1581, 492.956
1.161, 492.921
1.1639, 492.919
1.1668, 492.954
1.16971, 493.016
1.17261, 493.087
1.17551, 493.151
1.17841, 493.2
1.18132, 493.237
1.18422, 493.271
1.18712, 493.31
1.19002, 493.357
1.19293, 493.406
1.19583, 493.455
1.19873, 493.5
1.20163, 493.538
1.20454, 493.566
1.20744, 493.582
1.21034, 493.582
1.21324, 493.568
1.21615, 493.547
1.21905, 493.531
1.22195, 493.52
1.22485, 493.511
1.22776, 493.489
1.23066, 493.447
1.23356, 493.386
1.23646, 493.321
1.23937, 493.276
1.24227, 493.267
1.24517, 493.3
1.24807, 493.366
1.25098, 493.445
1.25388, 493.516
1.25678, 493.561
1.25968, 493.579
1.26259, 493.575
1.26549, 493.562
1.26839, 493.554
1.27129, 493.56
1.27419, 493.584
1.2771, 493.623
1.28, 493.669
1.2829, 493.712
1.2858, 493.745
1.28871, 493.77
1.29161, 493.791
1.29451, 493.81
1.29742, 493.83
1.30032, 493.847
1.30322, 493.863
1.30612, 493.884
1.30902, 493.924
1.31193, 493.998
1.31483, 494.119
1.31773, 494.297
1.32063, 494.528
1.32354, 494.805
1.32644, 495.119
1.32934, 495.468
1.33224, 495.856
1.33515, 496.289
1.33805, 496.773
1.34095, 497.309
1.34385, 497.893
1.34676, 498.517
1.34966, 499.144
1.35256, 499.77
1.35546, 500.398
1.35837, 501.042
1.36127, 501.717
1.36417, 502.441
1.36707, 503.224
1.36998, 504.069
1.37288, 504.92
1.37578, 505.76
1.37868, 506.596
1.38159, 507.457
1.38449, 508.391
1.38739, 509.443
1.39029, 510.595
1.3932, 511.737
1.3961, 512.815
1.399, 513.807
1.4019, 514.746
1.40481, 515.711
1.40771, 516.747
1.41061, 517.887
1.41351, 519.154
1.41642, 520.52
1.41932, 521.933
1.42222, 523.28
1.42512, 524.575
1.42803, 525.957
1.43093, 527.598
1.43383, 529.567
1.43673, 531.711
1.43964, 533.888
1.44254, 535.88
1.44544, 537.583
1.44834, 539.117
1.45125, 540.62
1.45415, 542.187
1.45705, 543.828
1.45995, 545.615
1.46286, 547.559
1.46576, 549.491
1.46866, 551.174
1.47156, 552.599
1.47447, 553.854
1.47737, 555.093
1.48027, 556.396
1.48317, 557.89
1.48608, 559.693
1.48898, 561.886
1.49188, 564.32
1.49478, 566.808
1.49769, 569.354
1.50059, 571.828
1.50349, 574.239
1.50639, 576.642
1.5093, 578.844
1.5122, 580.794
1.5151, 582.455
1.518, 583.518
1.52091, 583.002
1.52381, 756.403
1.52671, 752.398
1.52961, 751.712
1.53252, 751.98
1.53542, 752.71
1.53832, 753.75
1.54122, 754.971
1.54413, 756.271
1.54703, 757.577
1.54993, 758.833
1.55283, 760.002
1.55574, 761.062
1.55864, 762.006
1.56154, 762.846
1.56444, 763.604
1.56735, 764.297
1.57025, 764.915
1.57315, 765.403
1.57605, 765.673
1.57896, 765.67
1.58186, 765.446
1.58476, 765.152
1.58766, 764.977
1.59057, 765.049
1.59347, 765.398
1.59637, 765.975
1.59927, 766.727
1.60218, 767.558
1.60508, 768.396
1.60798, 769.203
1.61088, 769.979
1.61379, 770.757
1.61669, 771.594
1.61959, 772.55
1.62249, 773.671
1.6254, 774.963
1.6283, 776.376
1.6312, 777.807
1.6341, 779.132
1.63701, 780.268
1.63991, 781.159
1.64281, 781.81
1.64571, 782.294
1.64862, 782.674
1.65152, 782.994
1.65442, 783.277
1.65732, 783.527
1.66023, 783.744
1.66313, 783.923
1.66603, 784.064
1.66893, 784.169
1.67184, 784.235
1.67474, 784.25
1.67764, 784.205
1.68054, 784.098
1.68345, 783.939
1.68635, 783.752
1.68925, 783.557
1.69215, 783.369
1.69506, 783.185
1.69796, 782.991
1.70086, 782.765
1.70376, 782.477
1.70667, 782.107
1.70957, 781.643
1.71247, 781.089
1.71537, 780.467
1.71828, 779.805
1.72118, 779.182
1.72408, 778.621
1.72698, 778.159
1.72989, 777.822
1.73279, 777.622
1.73569, 777.559
1.73859, 777.63
1.7415, 777.838
1.7444, 778.178
1.7473, 778.638
1.7502, 779.194
1.75311, 779.811
1.75601, 780.47
1.75891, 781.102
1.76181, 781.692
1.76472, 782.238
1.76762, 782.747
1.77052, 783.217
1.77342, 783.648
1.77633, 784.045
1.77923, 784.422
1.78213, 784.797
1.78503, 785.18
1.78794, 785.569
1.79084, 785.953
1.79374, 786.32
1.79664, 786.661
1.79955, 786.971
1.80245, 787.258
1.80535, 787.527
1.80825, 787.771
1.81116, 787.966
1.81406, 788.084
1.81696, 788.11
1.81986, 788.053
1.82277, 787.948
1.82567, 787.829
1.82857, 787.703
1.83147, 787.547
1.83438, 787.319
1.83728, 786.983
1.84018, 786.532
1.84308, 786.001
1.84599, 785.451
1.84889, 784.935
1.85179, 784.478
1.85469, 784.076
1.8576, 783.706
1.8605, 783.343
1.8634, 782.969
1.8663, 782.589
1.86921, 782.226
1.87211, 781.916
1.87501, 781.691
1.87791, 781.562
1.88082, 781.504
1.88372, 781.469
1.88662, 781.415
1.88952, 781.326
1.89243, 781.205
1.89533, 781.075
1.89823, 780.963
1.90113, 780.894
1.90404, 780.888
1.90694, 780.954
1.90984, 781.087
1.91274, 781.275
1.91565, 781.508
1.91855, 781.784
1.92145, 782.11
1.92435, 782.499
1.92726, 782.956
1.93016, 783.475
1.93306, 784.037
1.93596, 784.617
1.93887, 785.189
1.94177, 785.74
1.94467, 786.264
1.94757, 786.759
1.95048, 787.221
1.95338, 787.645
1.95628, 788.026
1.95918, 788.362
1.96209, 788.655
1.96499, 788.909
1.96789, 789.129
1.97079, 789.321
1.9737, 789.487
1.9766, 789.632
1.9795, 789.762
1.9824, 789.879
1.98531, 789.979
1.98821, 790.046
1.99111, 790.053
1.99401, 789.97
1.99692, 789.773
1.99982, 789.451
2.00272, 789.008
2.00562, 788.469
2.00853, 787.883
2.01143, 787.309
2.01433, 786.79
2.01723, 786.341
2.02014, 785.955
2.02304, 785.618
2.02594, 785.311
2.02884, 785.017
2.03175, 784.723
2.03465, 784.416
2.03755, 784.09
2.04045, 783.737
2.04336, 783.354
2.04626, 782.938
2.04916, 782.496
2.05206, 782.045
2.05497, 781.619
2.05787, 781.259
2.06077, 780.992
2.06367, 780.82
2.06658, 780.713
2.06948, 780.637
2.07238, 780.564
2.07528, 780.487
2.07819, 780.423
2.08109, 780.394
2.08399, 780.421
2.08689, 780.513
2.0898, 780.668
2.0927, 780.871
2.0956, 781.107
2.0985, 781.368
2.10141, 781.646
2.10431, 781.937
2.10721, 782.241
2.11011, 782.554
2.11302, 782.87
2.11592, 783.184
2.11882, 783.499
2.12172, 783.828
2.12463, 784.192
2.12753, 784.608
2.13043, 785.08
2.13333, 785.592
2.13624, 786.115
2.13914, 786.613
2.14204, 787.06
2.14494, 787.451
2.14785, 787.798
2.15075, 788.12
2.15365, 788.419
2.15655, 788.679
2.15946, 788.877
2.16236, 788.991
2.16526, 789.019
2.16816, 788.98
2.17107, 788.907
2.17397, 788.83
2.17687, 788.757
2.17977, 788.661
2.18268, 788.494
2.18558, 788.223
2.18848, 787.855
2.19138, 787.441
2.19429, 787.053
2.19719, 786.74
2.20009, 786.501
2.20299, 786.305
2.2059, 786.109
2.2088, 785.879
2.2117, 785.596
2.2146, 785.252
2.21751, 784.846
2.22041, 784.381
2.22331, 783.863
2.22621, 783.307
2.22912, 782.735
2.23202, 782.179
2.23492, 781.673
2.23782, 781.241
2.24073, 780.888
2.24363, 780.609
2.24653, 780.393
2.24943, 780.235
2.25234, 780.128
2.25524, 780.064
2.25814, 780.031
2.26104, 780.015
2.26395, 780.01
2.26685, 780.023
2.26975, 780.077
2.27265, 780.213
2.27556, 780.468
2.27846, 780.855
2.28136, 781.354
2.28426, 781.921
2.28717, 782.51
2.29007, 783.092
2.29297, 783.663
2.29587, 784.237
2.29878, 784.833
2.30168, 785.458
2.30458, 786.106
2.30748, 786.754
2.31039, 787.37
2.31329, 787.922
2.31619, 788.385
2.31909, 788.744
2.322, 789.007
2.3249, 789.2
2.3278, 789.367
2.3307, 789.554
2.33361, 789.794
2.33651, 790.101
2.33941, 790.457
2.34231, 790.822
2.34522, 791.141
2.34812, 791.353
2.35102, 791.407
2.35392, 791.277
2.35683, 790.97
2.35973, 790.516
2.36263, 789.96
2.36553, 789.358
2.36844, 788.767
2.37134, 788.242
2.37424, 787.822
2.37714, 787.512
2.38005, 787.283
2.38295, 787.099
2.38585, 786.938
2.38875, 786.799
2.39166, 786.676
2.39456, 786.55
2.39746, 786.383
2.40036, 786.133
2.40327, 785.769
2.40617, 785.294
2.40907, 784.746
2.41197, 784.194
2.41488, 783.701
2.41778, 783.3
2.42068, 782.99
2.42358, 782.748
2.42649, 782.557
2.42939, 782.41
2.43229, 782.308
2.43519, 782.255
2.4381, 782.257
2.441, 782.316
2.4439, 782.435
2.4468, 782.608
2.44971, 782.826
2.45261, 783.077
2.45551, 783.35
2.45841, 783.639
2.46132, 783.945
2.46422, 784.275
2.46712, 784.633
2.47002, 785.013
2.47293, 785.403
2.47583, 785.786
2.47873, 786.155
2.48163, 786.524
2.48454, 786.921
2.48744, 787.376
2.49034, 787.906
2.49324, 788.496
2.49615, 789.113
2.49905, 789.71
2.50195, 790.245
2.50485, 790.694
2.50776, 791.046
2.51066, 791.301
2.51356, 791.453
2.51646, 791.479
2.51937, 791.34
2.52227, 791
2.52517, 790.448
2.52807, 789.722
2.53098, 788.919
2.53388, 788.168
2.53678, 787.579
2.53968, 787.196
2.54259, 786.993
2.54549, 786.905
2.54839, 786.86
2.55129, 786.801
2.55419, 786.689
2.5571, 786.512
2.56, 786.279
2.5629, 786.009
2.5658, 785.717
2.56871, 785.412
2.57161, 785.093
2.57451, 784.758
2.57741, 784.412
2.58032, 784.08
2.58322, 783.798
2.58612, 783.599
2.58903, 783.496
2.59193, 783.477
2.59483, 783.507
2.59773, 783.553
2.60063, 783.593
2.60354, 783.628
2.60644, 783.678
2.60934, 783.768
2.61224, 783.903
2.61515, 784.059
2.61805, 784.196
2.62095, 784.276
2.62385, 784.275
2.62676, 784.203
2.62966, 784.095
2.63256, 783.999
2.63546, 783.949
2.63837, 783.949
2.64127, 783.975
2.64417, 783.992
2.64707, 783.972
2.64998, 783.899
2.65288, 783.776
2.65578, 783.614
2.65868, 783.424
2.66159, 783.219
2.66449, 783.003
2.66739, 782.78
2.67029, 782.554
2.6732, 782.339
2.6761, 782.149
2.679, 782.001
2.6819, 781.896
2.68481, 781.819
2.68771, 781.738
2.69061, 781.612
2.69351, 781.413
2.69642, 781.126
2.69932, 780.749
2.70222, 780.271
2.70512, 779.659
2.70803, 778.867
2.71093, 777.77
2.71383, 776.265
2.71673, 774.329
2.71964, 772.115
2.72254, 770.03
2.72544, 768.68
2.72834, 768.6
2.73125, 769.966
2.73415, 772.651
2.73705, 776.394
2.73995, 780.271
2.74286, 781.974
2.74576, 779.143
2.74866, 772.111
2.75156, 763.917
2.75447, 758.426
2.75737, 755.563
2.76027, 754.377
2.76317, 754.028
2.76608, 754.013
2.76898, 754.079
2.77188, 754.111
2.77478, 754.069
2.77769, 753.954
2.78059, 753.786
2.78349, 753.592
2.78639, 753.399
2.7893, 753.221
2.7922, 753.062
2.7951, 752.916
2.798, 752.759
2.80091, 752.569
2.80381, 752.327
2.80671, 752.018
2.80961, 751.646
2.81252, 751.231
2.81542, 750.805
2.81832, 750.406
2.82122, 750.066
2.82413, 749.802
2.82703, 749.617
2.82993, 749.506
2.83283, 749.458
2.83574, 749.469
2.83864, 749.531
2.84154, 749.639
2.84444, 749.779
2.84735, 749.934
2.85025, 750.084
2.85315, 750.22
2.85605, 750.349
2.85896, 750.492
2.86186, 750.664
2.86476, 750.864
2.86766, 751.076
2.87057, 751.278
2.87347, 751.454
2.87637, 751.605
2.87927, 751.746
2.88218, 751.904
2.88508, 752.104
2.88798, 752.354
2.89088, 752.64
2.89379, 752.934
2.89669, 753.216
2.89959, 753.482
2.90249, 753.732
2.9054, 753.981
2.9083, 754.231
2.9112, 754.464
2.9141, 754.653
2.91701, 754.772
2.91991, 754.811
2.92281, 754.785
2.92571, 754.734
2.92862, 754.706
2.93152, 754.727
2.93442, 754.795
2.93732, 754.879
2.94023, 754.93
2.94313, 754.909
2.94603, 754.791
2.94893, 754.571
2.95184, 754.261
2.95474, 753.881
2.95764, 753.457
2.96054, 753.013
2.96345, 752.578
2.96635, 752.145
2.96925, 751.722
2.97215, 751.309
2.97506, 750.91
2.97796, 750.529
2.98086, 750.171
2.98376, 749.838
2.98667, 749.53
2.98957, 749.246
2.99247, 748.991
2.99537, 748.77
2.99828, 748.594
3.00118, 748.471
3.00408, 748.392
3.00698, 748.341
3.00989, 748.293
3.01279, 748.225
3.01569, 748.137
3.01859, 748.057
3.0215, 748.036
3.0244, 748.12
3.0273, 748.321
3.0302, 748.611
3.03311, 748.936
3.03601, 749.253
3.03891, 749.549
3.04181, 749.829
3.04472, 750.108
3.04762, 750.396
3.05052, 750.695
3.05342, 750.998
3.05633, 751.307
3.05923, 751.636
3.06213, 752.001
3.06503, 752.406
3.06794, 752.835
3.07084, 753.27
3.07374, 753.69
3.07664, 754.07
3.07955, 754.415
3.08245, 754.738
3.08535, 755.048
3.08825, 755.345
3.09116, 755.615
3.09406, 755.836
3.09696, 755.998
3.09986, 756.106
3.10277, 756.183
3.10567, 756.253
3.10857, 756.33
3.11147, 756.408
3.11438, 756.464
3.11728, 756.47
3.12018, 756.406
3.12308, 756.27
3.12599, 756.079
3.12889, 755.866
3.13179, 755.662
3.13469, 755.477
3.1376, 755.303
3.1405, 755.115
3.1434, 754.883
3.1463, 754.585
3.14921, 754.21
3.15211, 753.762
3.15501, 753.258
3.15791, 752.74
3.16082, 752.228
3.16372, 751.733
3.16662, 751.258
3.16952, 750.801
3.17243, 750.36
3.17533, 749.937
3.17823, 749.544
3.18113, 749.197
3.18404, 748.907
3.18694, 748.671
3.18984, 748.472
3.19274, 748.293
3.19565, 748.124
3.19855, 747.97
3.20145, 747.847
3.20435, 747.769
3.20726, 747.742
3.21016, 747.761
3.21306, 747.818
3.21596, 747.911
3.21887, 748.047
3.22177, 748.235
3.22467, 748.467
3.22757, 748.723
3.23048, 748.977
3.23338, 749.214
3.23628, 749.441
3.23918, 749.682
3.24209, 749.965
3.24499, 750.308
3.24789, 750.707
3.25079, 751.141
3.2537, 751.581
3.2566, 752.013
3.2595, 752.437
3.2624, 752.864
3.26531, 753.307
3.26821, 753.755
3.27111, 754.174
3.27401, 754.546
3.27692, 754.859
3.27982, 755.109
3.28272, 755.304
3.28562, 755.455
3.28853, 755.572
3.29143, 755.658
3.29433, 755.717
3.29723, 755.75
3.30014, 755.763
3.30304, 755.761
3.30594, 755.745
3.30884, 755.714
3.31175, 755.669
3.31465, 755.62
3.31755, 755.575
3.32045, 755.531
3.32336, 755.471
3.32626, 755.367
3.32916, 755.197
3.33206, 754.948
3.33497, 754.625
3.33787, 754.242
3.34077, 753.814
3.34367, 753.354
3.34658, 752.874
3.34948, 752.373
3.35238, 751.836
3.35528, 751.271
3.35819, 750.698
3.36109, 750.147
3.36399, 749.64
3.36689, 749.185
3.3698, 748.772
3.3727, 748.384
3.3756, 748.008
3.3785, 747.643
3.38141, 747.309
3.38431, 747.03
3.38721, 746.831
3.39011, 746.721
3.39302, 746.687
3.39592, 746.701
3.39882, 746.743
3.40172, 746.805
3.40463, 746.896
3.40753, 747.029
3.41043, 747.221
3.41333, 747.477
3.41624, 747.788
3.41914, 748.137
3.42204, 748.512
3.42494, 748.908
3.42785, 749.328
3.43075, 749.769
3.43365, 750.212
3.43655, 750.632
3.43946, 751.013
3.44236, 751.358
3.44526, 751.681
3.44816, 752.002
3.45107, 752.335
3.45397, 752.685
3.45687, 753.043
3.45977, 753.416
3.46268, 753.791
3.46558, 754.163
3.46848, 754.529
3.47138, 754.878
3.47429, 755.192
3.47719, 755.457
3.48009, 755.661
3.48299, 755.805
3.4859, 755.895
3.4888, 755.945
3.4917, 755.969
3.4946, 755.977
3.49751, 755.966
3.50041, 755.928
3.50331, 755.85
3.50621, 755.723
3.50912, 755.539
3.51202, 755.3
3.51492, 755.014
3.51782, 754.691
3.52073, 754.334
3.52363, 753.94
3.52653, 753.499
3.52943, 753.01
3.53234, 752.495
3.53524, 751.951
3.53814, 751.393
3.54104, 750.844
3.54395, 750.321
3.54685, 749.841
3.54975, 749.415
3.55265, 749.044
3.55556, 748.718
3.55846, 748.421
3.56136, 748.132
3.56426, 747.831
3.56717, 747.502
3.57007, 747.143
3.57297, 746.775
3.57587, 746.439
3.57878, 746.185
3.58168, 746.051
3.58458, 746.051
3.58748, 746.174
3.59039, 746.397
3.59329, 746.686
3.59619, 747.013
3.59909, 747.354
3.602, 747.697
3.6049, 748.04
3.6078, 748.39
3.6107, 748.754
3.61361, 749.146
3.61651, 749.57
3.61941, 750.013
3.62231, 750.445
3.62522, 750.839
3.62812, 751.183
3.63102, 751.481
3.63392, 751.75
3.63683, 752.009
3.63973, 752.278
3.64263, 752.572
3.64553, 752.891
3.64844, 753.234
3.65134, 753.59
3.65424, 753.933
3.65714, 754.249
3.66005, 754.523
3.66295, 754.745
3.66585, 754.911
3.66875, 755.024
3.67166, 755.091
3.67456, 755.119
3.67746, 755.117
3.68036, 755.094
3.68327, 755.056
3.68617, 755.007
3.68907, 754.949
3.69197, 754.882
3.69488, 754.792
3.69778, 754.658
3.70068, 754.457
3.70358, 754.169
3.70649, 753.793
3.70939, 753.34
3.71229, 752.848
3.71519, 752.347
3.7181, 751.846
3.721, 751.352
3.7239, 750.862
3.7268, 750.373
3.72971, 749.888
3.73261, 749.414
3.73551, 748.966
3.73841, 748.559
3.74132, 748.2
3.74422, 747.888
3.74712, 747.608
3.75002, 747.338
3.75293, 747.057
3.75583, 746.758
3.75873, 746.454
3.76163, 746.179
3.76454, 745.975
3.76744, 745.872
3.77034, 745.868
3.77324, 745.937
3.77615, 746.048
3.77905, 746.187
3.78195, 746.351
3.78485, 746.55
3.78776, 746.795
3.79066, 747.095
3.79356, 747.448
3.79646, 747.843
3.79937, 748.266
3.80227, 748.704
3.80517, 749.147
3.80807, 749.593
3.81098, 750.04
3.81388, 750.478
3.81678, 750.891
3.81968, 751.263
3.82259, 751.583
3.82549, 751.859
3.82839, 752.113
3.83129, 752.375
3.83419, 752.669
3.8371, 753.004
3.84, 753.387
3.8429, 753.793
3.8458, 754.197
3.84871, 754.581
3.85161, 754.925
3.85451, 755.212
3.85741, 755.426
3.86032, 755.553
3.86322, 755.594
3.86612, 755.553
3.86902, 755.447
3.87193, 755.298
3.87483, 755.125
3.87773, 754.941
3.88064, 754.748
3.88354, 754.54
3.88644, 754.306
3.88934, 754.028
3.89224, 753.69
3.89515, 753.282
3.89805, 752.817
3.90095, 752.302
3.90385, 751.742
3.90676, 751.156
3.90966, 750.567
3.91256, 750
3.91546, 749.473
3.91837, 748.995
3.92127, 748.563
3.92417, 748.166
3.92707, 747.793
3.92998, 747.435
3.93288, 747.082
3.93578, 746.733
3.93868, 746.386
3.94159, 746.054
3.94449, 745.757
3.94739, 745.52
3.95029, 745.369
3.9532, 745.311
3.9561, 745.342
3.959, 745.449
3.9619, 745.621
3.96481, 745.846
3.96771, 746.111
3.97061, 746.407
3.97351, 746.721
3.97642, 747.048
3.97932, 747.394
3.98222, 747.771
3.98512, 748.188
3.98803, 748.648
3.99093, 749.138
3.99383, 749.642
3.99673, 750.145
3.99964, 750.635
4.00254, 751.102
4.00544, 751.537
4.00834, 751.935
4.01125, 752.296
4.01415, 752.627
4.01705, 752.934
4.01995, 753.228
4.02286, 753.517
4.02576, 753.797
4.02866, 754.072
4.03156, 754.343
4.03447, 754.604
4.03737, 754.841
4.04027, 755.031
4.04317, 755.15
4.04608, 755.181
4.04898, 755.12
4.05188, 754.982
4.05478, 754.792
4.05769, 754.573
4.06059, 754.337
4.06349, 754.084
4.06639, 753.806
4.0693, 753.485
4.0722, 753.106
4.0751, 752.682
4.078, 752.199
4.08091, 751.673
4.08381, 751.125
4.08671, 750.572
4.08961, 750.031
4.09252, 749.511
4.09542, 749.014
4.09832, 748.536
4.10122, 748.073
4.10413, 747.624
4.10703, 747.191
4.10993, 746.777
4.11283, 746.386
4.11574, 746.027
4.11864, 745.707
4.12154, 745.432
4.12444, 745.207
4.12735, 745.038
4.13025, 744.935
4.13315, 744.908
4.13605, 744.961
4.13896, 745.09
4.14186, 745.285
4.14476, 745.539
4.14766, 745.844
4.15057, 746.193
4.15347, 746.579
4.15637, 746.989
4.15927, 747.411
4.16218, 747.837
4.16508, 748.265
4.16798, 748.708
4.17088, 749.181
4.17379, 749.697
4.17669, 750.249
4.17959, 750.811
4.18249, 751.339
4.1854, 751.797
4.1883, 752.169
4.1912, 752.468
4.1941, 752.721
4.19701, 752.96
4.19991, 753.214
4.20281, 753.495
4.20571, 753.792
4.20862, 754.089
4.21152, 754.359
4.21442, 754.575
4.21732, 754.713
4.22023, 754.762
4.22313, 754.719
4.22603, 754.596
4.22893, 754.404
4.23184, 754.153
4.23474, 753.851
4.23764, 753.499
4.24054, 753.101
4.24345, 752.678
4.24635, 752.214
4.24925, 751.707
4.25215, 751.155
4.25506, 750.565
4.25796, 749.949
4.26086, 749.328
4.26376, 748.728
4.26667, 748.171
4.26957, 747.666
4.27247, 747.207
4.27537, 746.775
4.27828, 746.345
4.28118, 745.901
4.28408, 745.453
4.28698, 745.029
4.28989, 744.671
4.29279, 744.409
4.29569, 744.248
4.29859, 744.173
4.3015, 744.165
4.3044, 744.212
4.3073, 744.313
4.3102, 744.477
4.31311, 744.707
4.31601, 744.994
4.31891, 745.312
4.32181, 745.637
4.32472, 745.953
4.32762, 746.261
4.33052, 746.578
4.33342, 746.926
4.33633, 747.321
4.33923, 747.761
4.34213, 748.229
4.34503, 748.7
4.34794, 749.159
4.35084, 749.603
4.35374, 750.042
4.35664, 750.48
4.35955, 750.908
4.36245, 751.301
4.36535, 751.629
4.36825, 751.875
4.37116, 752.041
4.37406, 752.148
4.37696, 752.224
4.37986, 752.293
4.38277, 752.367
4.38567, 752.443
4.38857, 752.506
4.39147, 752.535
4.39438, 752.511
4.39728, 752.415
4.40018, 752.238
4.40308, 751.978
4.40599, 751.642
4.40889, 751.244
4.41179, 750.8
4.41469, 750.33
4.4176, 749.852
4.4205, 749.379
4.4234, 748.919
4.4263, 748.474
4.42921, 748.049
4.43211, 747.642
4.43501, 747.256
4.43791, 746.889
4.44082, 746.544
4.44372, 746.237
4.44662, 745.992
4.44952, 745.844
4.45243, 745.812
4.45533, 745.89
4.45823, 746.045
4.46113, 746.237
4.46404, 746.44
4.46694, 746.647
4.46984, 746.869
4.47274, 747.12
4.47565, 747.408
4.47855, 747.727
4.48145, 748.064
4.48435, 748.399
4.48726, 748.718
4.49016, 749.015
4.49306, 749.292
4.49596, 749.551
4.49887, 749.788
4.50177, 749.995
4.50467, 750.158
4.50757, 750.264
4.51048, 750.311
4.51338, 750.312
4.51628, 750.285
4.51918, 750.251
4.52209, 750.219
4.52499, 750.183
4.52789, 750.132
4.53079, 750.054
4.5337, 749.95
4.5366, 749.828
4.5395, 749.702
4.5424, 749.58
4.54531, 749.463
4.54821, 749.344
4.55111, 749.209
4.55401, 749.05
4.55692, 748.866
4.55982, 748.659
4.56272, 748.432
4.56562, 748.188
4.56853, 747.928
4.57143, 747.656
4.57433, 747.385
4.57723, 747.134
4.58014, 746.929
4.58304, 746.795
4.58594, 746.745
4.58884, 746.765
4.59175, 746.798
4.59465, 746.754
4.59755, 746.524
4.60045, 746.007
4.60336, 745.14
4.60626, 743.92
4.60916, 742.456
4.61206, 370.358
4.61497, 369.513
4.61787, 368.799
4.62077, 368.289
4.62367, 367.955
4.62658, 665.154
4.62948, 663.574
4.63238, 662.78
4.63528, 662.372
4.63819, 662.125
4.64109, 661.903
4.64399, 330.707
4.64689, 330.517
4.6498, 330.349
4.6527, 330.215
4.6556, 330.138
4.6585, 330.137
4.66141, 660.73
4.66431, 660.816
4.66721, 660.896
4.67011, 660.948
4.67302, 660.975
4.67592, 660.99
4.67882, 661.004
4.68172, 661.013
4.68463, 661.011
4.68753, 660.993
4.69043, 660.97
4.69333, 660.958
4.69624, 660.976
4.69914, 661.037
4.70204, 661.15
4.70494, 661.313
4.70785, 661.525
4.71075, 661.784
4.71365, 662.092
4.71655, 662.445
4.71946, 662.838
4.72236, 663.222
4.72526, 663.557
4.72816, 663.832
4.73107, 664.066
4.73397, 664.289
4.73687, 664.501
4.73977, 664.668
4.74268, 664.744
4.74558, 664.708
4.74848, 664.566
4.75138, 664.349
4.75429, 664.099
4.75719, 663.853
4.76009, 663.634
4.76299, 663.449
4.7659, 663.286
4.7688, 663.132
4.7717, 662.973
4.7746, 662.793
4.77751, 662.576
4.78041, 662.31
4.78331, 661.985
4.78621, 661.608
4.78912, 661.208
4.79202, 660.843
4.79492, 660.589
4.79782, 660.479
4.80073, 660.479
4.80363, 660.528
4.80653, 660.588
4.80943, 660.646
4.81234, 660.696
4.81524, 660.729
4.81814, 660.742
4.82104, 660.736
4.82395, 660.713
4.82685, 660.676
4.82975, 660.629
4.83265, 660.576
4.83556, 660.528
4.83846, 660.493
4.84136, 660.478
4.84426, 660.488
4.84717, 660.53
4.85007, 660.605
4.85297, 660.708
4.85587, 660.831
4.85878, 660.967
4.86168, 661.117
4.86458, 661.281
4.86748, 661.458
4.87039, 661.643
4.87329, 661.829
4.87619, 662.012
4.87909, 662.189
4.882, 662.362
4.8849, 662.54
4.8878, 662.738
4.8907, 662.957
4.89361, 663.2
4.89651, 663.454
4.89941, 663.7
4.90231, 663.918
4.90522, 664.098
4.90812, 664.241
4.91102, 664.362
4.91392, 664.471
4.91683, 664.569
4.91973, 664.645
4.92263, 664.679
4.92553, 664.661
4.92844, 664.596
4.93134, 664.499
4.93424, 664.389
4.93714, 664.281
4.94005, 664.184
4.94295, 664.099
4.94585, 664.021
4.94875, 663.946
4.95166, 663.869
4.95456, 663.789
4.95746, 663.704
4.96036, 663.614
4.96327, 663.512
4.96617, 663.39
4.96907, 663.24
4.97197, 663.053
4.97488, 662.823
4.97778, 662.545
4.98068, 662.227
4.98358, 661.864
4.98649, 661.465
4.98939, 661.072
4.99229, 660.764
4.99519, 660.621
4.9981, 660.651
5.001, 660.79
5.0039, 660.959
5.0068, 661.112
5.00971, 661.238
5.01261, 661.342
5.01551, 661.437
5.01841, 661.53
5.02132, 661.626
5.02422, 661.721
5.02712, 661.814
5.03002, 661.903
5.03293, 661.99
5.03583, 662.083
5.03873, 662.188
5.04163, 662.308
5.04454, 662.448
5.04744, 662.61
5.05034, 662.793
5.05324, 662.986
5.05615, 663.172
5.05905, 663.329
5.06195, 663.429
5.06485, 663.446
5.06776, 663.367
5.07066, 663.204
5.07356, 662.984
5.07646, 662.745
5.07937, 662.513
5.08227, 662.302
5.08517, 662.087
5.08807, 661.839
5.09098, 661.543
5.09388, 661.219
5.09678, 660.925
5.09968, 660.719
5.10258, 660.61
5.10549, 660.55
5.10839, 660.474
5.11129, 660.325
5.11419, 660.081
5.1171, 659.744
5.12, 659.321
5.1229, 658.82
5.1258, 658.241
5.12871, 657.586
5.13161, 656.865
5.13451, 656.134
5.13741, 655.552
5.14032, 655.437
5.14322, 656.109
5.14612, 657.468
5.14902, 658.924
5.15193, 659.979
5.15483, 660.561
5.15773, 330.852
5.16063, 330.896
5.16354, 331.002
5.16644, 331.194
5.16934, 331.487
5.17225, 331.862
5.17515, 332.267
5.17805, 165.992
5.18095, 165.919
5.18386, 596.93
5.18676, 595.988
5.18966, 595.355
5.19256, 594.932
5.19547, 594.67
5.19837, 594.53
5.20127, 594.47
5.20417, 594.439
5.20707, 594.4
5.20998, 594.336
5.21288, 594.237
5.21578, 594.107
5.21868, 593.96
5.22159, 593.82
5.22449, 593.71
5.22739, 593.641
5.23029, 593.614
5.2332, 593.617
5.2361, 593.633
5.239, 593.647
5.2419, 593.656
5.24481, 593.663
5.24771, 593.674
5.25061, 593.686
5.25351, 593.688
5.25642, 593.663
5.25932, 593.601
5.26222, 593.496
5.26512, 593.354
5.26803, 593.195
5.27093, 593.039
5.27383, 592.889
5.27673, 592.718
5.27964, 592.491
5.28254, 592.2
5.28544, 591.877
5.28834, 591.565
5.29125, 591.297
5.29415, 591.084
5.29705, 590.915
5.29995, 590.777
5.30286, 590.652
5.30576, 590.52
5.30866, 590.365
5.31156, 590.189
5.31447, 590.01
5.31737, 589.858
5.32027, 589.758
5.32317, 589.726
5.32608, 589.765
5.32898, 589.866
5.33188, 590.014
5.33478, 590.192
5.33769, 590.39
5.34059, 590.607
5.34349, 590.842
5.34639, 591.09
5.3493, 591.341
5.3522, 591.587
5.3551, 591.804
5.358, 591.987
5.36091, 592.143
5.36381, 592.277
5.36671, 592.385
5.36961, 592.454
5.37252, 592.467
5.37542, 592.415
5.37832, 592.306
5.38122, 592.176
5.38413, 592.067
5.38703, 592.001
5.38993, 591.966
5.39283, 591.934
5.39574, 591.873
5.39864, 591.771
5.40154, 591.636
5.40444, 591.488
5.40735, 591.357
5.41025, 591.266
5.41315, 591.213
5.41605, 591.189
5.41896, 591.181
5.42186, 591.183
5.42476, 591.204
5.42766, 591.255
5.43057, 591.343
5.43347, 591.468
5.43637, 591.617
5.43927, 591.775
5.44218, 591.933
5.44508, 592.094
5.44798, 592.278
5.45088, 592.509
5.45379, 592.794
5.45669, 593.112
5.45959, 593.423
5.46249, 593.686
5.4654, 593.874
5.4683, 593.986
5.4712, 594.044
5.4741, 594.083
5.47701, 594.125
5.47991, 594.179
5.48281, 594.23
5.48571, 594.256
5.48862, 594.238
5.49152, 594.172
5.49442, 594.071
5.49732, 593.959
5.50023, 593.854
5.50313, 593.767
5.50603, 593.688
5.50893, 593.598
5.51184, 593.473
5.51474, 593.298
5.51764, 593.071
5.52054, 592.8
5.52345, 592.509
5.52635, 592.226
5.52925, 591.981
5.53215, 591.797
5.53506, 591.682
5.53796, 591.627
5.54086, 591.606
5.54376, 591.59
5.54667, 591.559
5.54957, 591.511
5.55247, 591.458
5.55537, 591.415
5.55828, 591.393
5.56118, 591.386
5.56408, 591.381
5.56698, 591.36
5.56989, 591.309
5.57279, 591.221
5.57569, 591.101
5.57859, 590.966
5.5815, 590.839
5.5844, 590.746
5.5873, 590.709
5.5902, 590.74
5.59311, 590.833
5.59601, 590.963
5.59891, 591.099
5.60181, 591.209
5.60472, 591.276
5.60762, 591.297
5.61052, 591.291
5.61342, 591.291
5.61633, 591.327
5.61923, 591.415
5.62213, 591.551
5.62503, 591.712
5.62794, 591.871
5.63084, 592.003
5.63374, 592.092
5.63664, 592.134
5.63955, 592.136
5.64245, 592.117
5.64535, 592.1
5.64825, 592.103
5.65116, 592.139
5.65406, 592.22
5.65696, 592.354
5.65986, 592.54
5.66277, 592.772
5.66567, 593.032
5.66857, 593.296
5.67147, 593.535
5.67438, 593.725
5.67728, 593.855
5.68018, 593.925
5.68308, 593.95
5.68599, 593.948
5.68889, 593.936
5.69179, 593.928
5.69469, 593.931
5.6976, 593.942
5.7005, 593.955
5.7034, 593.957
5.7063, 593.938
5.70921, 593.885
5.71211, 593.791
5.71501, 593.653
5.71791, 593.473
5.72082, 593.257
5.72372, 593.014
5.72662, 592.753
5.72952, 592.482
5.73243, 592.212
5.73533, 591.951
5.73823, 591.703
5.74113, 591.468
5.74404, 591.249
5.74694, 591.046
5.74984, 590.854
5.75274, 590.665
5.75565, 590.474
5.75855, 590.281
5.76145, 590.09
5.76435, 589.911
5.76726, 589.754
5.77016, 589.629
5.77306, 589.544
5.77596, 589.495
5.77887, 589.471
5.78177, 589.459
5.78467, 589.448
5.78757, 589.439
5.79048, 589.432
5.79338, 589.432
5.79628, 589.441
5.79918, 589.462
5.80209, 589.498
5.80499, 589.548
5.80789, 589.613
5.81079, 589.691
5.8137, 589.782
5.8166, 589.885
5.8195, 589.999
5.8224, 590.127
5.82531, 590.272
5.82821, 590.438
5.83111, 590.626
5.83401, 590.831
5.83692, 591.045
5.83982, 591.267
5.84272, 591.497
5.84562, 591.733
5.84853, 591.972
5.85143, 592.216
5.85433, 592.466
5.85723, 592.72
5.86014, 592.977
5.86304, 593.228
5.86594, 593.456
5.86884, 593.642
5.87175, 593.767
5.87465, 593.831
5.87755, 593.847
5.88045, 593.835
5.88336, 593.815
5.88626, 593.793
5.88916, 593.769
5.89206, 593.736
5.89497, 593.688
5.89787, 593.618
5.90077, 593.527
5.90367, 593.416
5.90658, 593.289
5.90948, 593.139
5.91238, 592.961
5.91528, 592.751
5.91819, 592.515
5.92109, 592.274
5.92399, 592.052
5.92689, 591.863
5.9298, 591.7
5.9327, 591.537
5.9356, 591.351
5.9385, 591.144
5.94141, 590.931
5.94431, 590.738
5.94721, 590.58
5.95011, 590.453
5.95302, 590.349
5.95592, 590.262
5.95882, 590.185
5.96172, 590.116
5.96463, 590.051
5.96753, 589.985
5.97043, 589.92
5.97333, 589.863
5.97624, 589.828
5.97914, 589.826
5.98204, 589.862
5.98494, 589.935
5.98785, 590.037
5.99075, 590.155
5.99365, 590.279
5.99655, 590.4
5.99946, 590.515
6.00236, 590.626
6.00526, 590.744
6.00816, 590.887
6.01107, 591.075
6.01397, 591.319
6.01687, 591.627
6.01977, 591.971
6.02268, 592.317
6.02558, 592.632
6.02848, 592.891
6.03138, 593.076
6.03429, 593.187
6.03719, 593.242
6.04009, 593.27
6.04299, 593.3
6.0459, 593.351
6.0488, 593.431
6.0517, 593.535
6.0546, 593.643
6.05751, 593.73
6.06041, 593.777
6.06331, 593.778
6.06621, 593.743
6.06912, 593.686
6.07202, 593.616
6.07492, 593.536
6.07782, 593.443
6.08073, 593.335
6.08363, 593.213
6.08653, 593.087
6.08943, 592.966
6.09234, 592.852
6.09524, 592.743
6.09814, 592.626
6.10104, 592.481
6.10395, 592.292
6.10685, 592.056
6.10975, 591.783
6.11265, 591.491
6.11556, 591.208
6.11846, 590.944
6.12136, 590.7
6.12426, 590.471
6.12717, 590.253
6.13007, 590.044
6.13297, 589.85
6.13587, 589.68
6.13878, 589.541
6.14168, 589.437
6.14458, 589.367
6.14748, 589.329
6.15039, 589.319
6.15329, 589.335
6.15619, 589.375
6.15909, 589.439
6.162, 589.53
6.1649, 589.644
6.1678, 589.773
6.1707, 589.904
6.17361, 590.027
6.17651, 590.138
6.17941, 590.241
6.18231, 590.342
6.18522, 590.448
6.18812, 590.557
6.19102, 590.666
6.19392, 590.769
6.19683, 590.866
6.19973, 590.966
6.20263, 591.081
6.20553, 591.225
6.20844, 591.405
6.21134, 591.623
6.21424, 591.864
6.21714, 592.116
6.22005, 592.37
6.22295, 592.616
6.22585, 592.841
6.22875, 593.03
6.23166, 593.173
6.23456, 593.263
6.23746, 593.306
6.24036, 593.318
6.24327, 593.32
6.24617, 593.326
6.24907, 593.339
6.25197, 593.345
6.25488, 593.334
6.25778, 593.299
6.26068, 593.246
6.26358, 593.188
6.26649, 593.14
6.26939, 593.111
6.27229, 593.102
6.27519, 593.108
6.2781, 593.123
6.281, 593.15
6.2839, 593.187
6.2868, 593.229
6.28971, 593.264
6.29261, 593.282
6.29551, 593.28
6.29841, 593.267
6.30132, 593.258
6.30422, 593.265
6.30712, 593.296
6.31002, 593.344
6.31293, 593.397
6.31583, 593.44
6.31873, 593.468
6.32163, 593.484
6.32454, 593.494
6.32744, 593.502
6.33034, 593.505
6.33324, 593.504
6.33614, 593.5
6.33905, 593.496
6.34195, 593.497
6.34485, 593.505
6.34775, 593.516
6.35066, 593.52
6.35356, 593.503
6.35646, 593.462
6.35936, 593.408
6.36227, 593.368
6.36517, 593.377
6.36807, 593.457
6.37098, 593.606
6.37388, 593.801
6.37678, 594.02
6.37968, 594.243
6.38259, 594.459
6.38549, 594.66
6.38839, 594.843
6.39129, 594.996
6.3942, 595.11
6.3971, 595.186
6.4, 595.233
6.4029, 595.266
6.40581, 595.288
6.40871, 595.296
6.41161, 595.289
6.41451, 595.274
6.41742, 595.252
6.42032, 595.228
6.42322, 595.199
6.42612, 595.163
6.42903, 595.114
6.43193, 595.055
6.43483, 594.993
6.43773, 594.942
6.44063, 594.917
6.44354, 594.927
6.44644, 594.97
6.44934, 595.016
6.45224, 595.016
6.45515, 198.526
6.45805, 198.465
6.46095, 198.432
6.46385, 198.445
6.46676, 148.03
6.46966, 147.882
6.47256, 147.714
6.47546, 147.513
6.47837, 147.308
6.48127, 147.127
6.48417, 146.999
6.48707, 146.918
6.48998, 146.864
6.49288, 146.819
6.49578, 146.768
6.49868, 146.705
6.50159, 219.306
6.50449, 219.251
6.50739, 219.222
6.51029, 219.231
6.5132, 219.278
6.5161, 219.347
6.519, 440.012
6.5219, 440.093
6.52481, 440.185
6.52771, 440.279
6.53061, 440.37
6.53351, 440.46
6.53642, 440.549
6.53932, 440.64
6.54222, 440.74
6.54512, 440.861
6.54803, 441.018
6.55093, 441.219
6.55383, 441.461
6.55673, 441.722
6.55964, 441.973
6.56254, 442.185
6.56544, 442.347
6.56834, 442.47
6.57125, 442.586
6.57415, 442.73
6.57705, 442.92
6.57995, 443.132
6.58286, 443.325
6.58576, 443.454
6.58866, 443.496
6.59156, 443.46
6.59447, 443.389
6.59737, 443.34
6.60027, 443.357
6.60317, 443.445
6.60608, 443.59
6.60898, 443.772
6.61188, 443.967
6.61478, 444.149
6.61769, 444.303
6.62059, 444.424
6.62349, 444.522
6.62639, 444.616
6.6293, 444.701
6.6322, 444.723
6.6351, 444.605
6.638, 444.289
6.64091, 443.78
6.64381, 443.164
6.64671, 442.604
6.64961, 442.26
6.65252, 442.146
6.65542, 442.156
6.65832, 442.173
6.66122, 442.125
6.66413, 441.993
6.66703, 441.803
6.66993, 441.614
6.67283, 441.48
6.67574, 441.419
6.67864, 441.405
6.68154, 441.393
6.68444, 441.35
6.68735, 441.267
6.69025, 441.161
6.69315, 441.067
6.69605, 441.02
6.69896, 441.035
6.70186, 441.109
6.70476, 441.218
6.70766, 441.331
6.71057, 441.419
6.71347, 441.462
6.71637, 441.463
6.71927, 441.452
6.72218, 441.472
6.72508, 441.553
6.72798, 441.698
6.73088, 441.884
6.73379, 442.082
6.73669, 442.267
6.73959, 442.429
6.74249, 442.568
6.7454, 442.691
6.7483, 442.808
6.7512, 442.927
6.7541, 443.044
6.75701, 443.148
6.75991, 443.226
6.76281, 443.273
6.76571, 443.295
6.76862, 443.313
6.77152, 443.352
6.77442, 443.422
6.77732, 443.512
6.78023, 443.587
6.78313, 443.616
6.78603, 443.583
6.78893, 443.497
6.79184, 443.388
6.79474, 443.283
6.79764, 443.201
6.80054, 443.141
6.80345, 443.09
6.80635, 443.037
6.80925, 442.97
6.81215, 442.879
6.81506, 442.761
6.81796, 442.617
6.82086, 442.451
6.82376, 442.275
6.82667, 442.103
6.82957, 441.96
6.83247, 441.876
6.83537, 441.875
6.83828, 441.959
6.84118, 442.104
6.84408, 442.262
6.84698, 442.384
6.84989, 442.427
6.85279, 442.368
6.85569, 442.21
6.85859, 441.992
6.8615, 441.793
6.8644, 441.688
6.8673, 441.697
6.8702, 441.775
6.87311, 441.864
6.87601, 441.931
6.87891, 441.975
6.88181, 442.005
6.88472, 442.033
6.88762, 442.063
6.89052, 442.092
6.89342, 442.114
6.89633, 442.126
6.89923, 442.131
6.90213, 442.142
6.90503, 442.168
6.90794, 442.22
6.91084, 442.3
6.91374, 442.402
6.91664, 442.522
6.91955, 442.656
6.92245, 442.801
6.92535, 442.953
6.92825, 443.093
6.93116, 443.207
6.93406, 443.287
6.93696, 443.336
6.93986, 443.363
6.94277, 443.378
6.94567, 443.391
6.94857, 443.407
6.95147, 443.434
6.95438, 443.476
6.95728, 443.539
6.96018, 443.622
6.96308, 443.712
6.96599, 443.793
6.96889, 443.849
6.97179, 443.871
6.97469, 443.862
6.9776, 443.83
6.9805, 443.774
6.9834, 443.69
6.9863, 443.569
6.98921, 443.405
6.99211, 443.207
6.99501, 442.992
6.99791, 442.782
7.00082, 442.599
7.00372, 442.439
7.00662, 442.298
7.00952, 442.174
7.01243, 442.075
7.01533, 442.006
7.01823, 441.965
7.02113, 441.936
7.02404, 441.899
7.02694, 441.841
7.02984, 441.755
7.03274, 441.658
7.03565, 441.582
7.03855, 441.568
7.04145, 441.635
7.04435, 441.771
7.04726, 441.938
7.05016, 442.087
7.05306, 442.178
7.05596, 442.187
7.05887, 442.111
7.06177, 441.967
7.06467, 441.793
7.06757, 441.643
7.07048, 441.555
7.07338, 441.536
7.07628, 441.561
7.07918, 441.603
7.08209, 441.641
7.08499, 441.67
7.08789, 441.69
7.09079, 441.703
7.0937, 441.712
7.0966, 441.725
7.0995, 441.749
7.1024, 441.794
7.10531, 441.867
7.10821, 441.969
7.11111, 442.095
7.11401, 442.239
7.11692, 442.391
7.11982, 442.543
7.12272, 442.688
7.12562, 442.822
7.12853, 442.946
7.13143, 443.054
7.13433, 443.149
7.13723, 443.235
7.14014, 443.322
7.14304, 443.424
7.14594, 443.546
7.14884, 443.683
7.15175, 443.82
7.15465, 443.939
7.15755, 444.027
7.16045, 444.083
7.16336, 444.12
7.16626, 444.158
7.16916, 444.208
7.17206, 444.263
7.17497, 444.299
7.17787, 444.289
7.18077, 444.214
7.18367, 444.074
7.18658, 443.881
7.18948, 443.654
7.19238, 443.411
7.19528, 443.165
7.19819, 442.925
7.20109, 442.704
7.20399, 442.51
7.20689, 442.336
7.2098, 442.175
7.2127, 442.015
7.2156, 441.849
7.2185, 441.689
7.22141, 441.582
7.22431, 441.595
7.22721, 441.76
7.23011, 442.041
7.23302, 442.355
7.23592, 442.625
7.23882, 442.808
7.24172, 442.89
7.24463, 442.874
7.24753, 442.779
7.25043, 442.642
7.25333, 442.507
7.25624, 442.415
7.25914, 442.374
7.26204, 442.371
7.26494, 442.388
7.26785, 442.42
7.27075, 442.465
7.27365, 442.518
7.27655, 442.572
7.27946, 442.619
7.28236, 442.653
7.28526, 442.682
7.28816, 442.714
7.29107, 442.756
7.29397, 442.816
7.29687, 442.893
7.29977, 442.984
7.30268, 443.084
7.30558, 443.185
7.30848, 443.284
7.31138, 443.375
7.31429, 443.457
7.31719, 443.532
7.32009, 443.607
7.32299, 443.683
7.3259, 443.758
7.3288, 443.825
7.3317, 443.875
7.3346, 443.904
7.33751, 443.913
7.34041, 443.902
7.34331, 443.873
7.34621, 443.822
7.34912, 443.744
7.35202, 443.633
7.35492, 443.491
7.35782, 443.323
7.36073, 443.139
7.36363, 442.948
7.36653, 442.756
7.36943, 442.572
7.37234, 442.398
7.37524, 442.243
7.37814, 442.116
7.38104, 442.024
7.38395, 441.979
7.38685, 442.001
7.38975, 442.108
7.39265, 442.294
7.39556, 442.521
7.39846, 442.736
7.40136, 442.892
7.40426, 442.95
7.40717, 442.893
7.41007, 442.732
7.41297, 442.525
7.41587, 442.36
7.41878, 442.297
7.42168, 442.311
7.42458, 442.329
7.42748, 442.295
7.43039, 442.192
7.43329, 442.035
7.43619, 441.851
7.43909, 441.664
7.442, 441.491
7.4449, 441.345
7.4478, 441.238
7.4507, 441.18
7.45361, 441.179
7.45651, 441.229
7.45941, 441.315
7.46231, 441.42
7.46522, 441.533
7.46812, 441.649
7.47102, 441.766
7.47392, 441.879
7.47683, 441.982
7.47973, 442.067
7.48263, 442.127
7.48553, 442.162
7.48844, 442.176
7.49134, 442.171
7.49424, 442.15
7.49714, 442.116
7.50005, 442.077
7.50295, 442.04
7.50585, 442.011
7.50875, 441.988
7.51166, 441.961
7.51456, 441.921
7.51746, 441.859
7.52036, 441.78
7.52327, 441.69
7.52617, 441.596
7.52907, 441.502
7.53197, 441.406
7.53488, 441.307
7.53778, 441.208
7.54068, 441.113
7.54358, 441.028
7.54649, 440.959
7.54939, 440.908
7.55229, 440.873
7.55519, 440.851
7.5581, 440.844
7.561, 440.85
7.5639, 440.87
7.5668, 440.905
7.56971, 440.951
7.57261, 441.007
7.57551, 441.069
7.57841, 441.139
7.58132, 441.219
7.58422, 441.309
7.58712, 441.406
7.59002, 441.501
7.59293, 441.587
7.59583, 441.662
7.59873, 441.727
7.60163, 441.791
7.60454, 441.857
7.60744, 441.927
7.61034, 441.998
7.61324, 442.062
7.61615, 442.107
7.61905, 442.129
7.62195, 442.129
7.62485, 442.112
7.62776, 442.089
7.63066, 442.064
7.63356, 442.038
7.63646, 442.014
7.63937, 441.996
7.64227, 441.983
7.64517, 441.971
7.64807, 441.957
7.65098, 441.947
7.65388, 441.951
7.65678, 441.985
7.65968, 442.099
7.66259, 442.37
7.66549, 442.878
7.66839, 443.662
7.67129, 444.694
7.67419, 446.04
7.6771, 448.979
7.68, 476.436
7.6829, 482.091
7.6858, 485.488
7.68871, 164.674
7.69161, 164.882
7.69451, 165.071
7.69741, 165.224
7.70032, 165.326
7.70322, 165.38
7.70612, 165.407
7.70902, 494.68
7.71193, 495.376
7.71483, 496.006
7.71773, 496.468
7.72063, 496.721
7.72354, 496.779
7.72644, 496.691
7.72934, 496.543
7.73224, 496.435
7.73515, 496.432
7.73805, 496.505
7.74095, 496.546
7.74385, 496.466
7.74676, 496.251
7.74966, 495.956
7.75256, 495.673
7.75547, 495.5
7.75837, 495.486
7.76127, 495.609
7.76417, 495.805
7.76708, 496.015
7.76998, 496.215
7.77288, 496.411
7.77578, 496.614
7.77868, 496.819
7.78159, 497.005
7.78449, 497.133
7.78739, 497.173
7.79029, 497.113
7.7932, 496.971
7.7961, 496.792
7.799, 496.646
7.8019, 496.6
7.80481, 496.686
7.80771, 496.873
7.81061, 497.102
7.81351, 497.33
7.81642, 497.539
7.81932, 497.716
7.82222, 497.859
7.82512, 497.974
7.82803, 498.069
7.83093, 498.153
7.83383, 498.227
7.83673, 498.289
7.83964, 498.342
7.84254, 498.408
7.84544, 498.513
7.84834, 498.662
7.85125, 498.833
7.85415, 498.994
7.85705, 499.123
7.85995, 499.212
7.86286, 499.27
7.86576, 499.313
7.86866, 499.348
7.87156, 499.367
7.87447, 499.344
7.87737, 499.259
7.88027, 499.104
7.88317, 498.882
7.88608, 498.607
7.88898, 498.312
7.89188, 498.031
7.89478, 497.795
7.89769, 497.609
7.90059, 497.44
7.90349, 497.257
7.90639, 497.036
7.9093, 496.768
7.9122, 496.463
7.9151, 496.138
7.918, 495.816
7.92091, 495.529
7.92381, 495.3
7.92671, 495.127
7.92961, 494.995
7.93252, 494.885
7.93542, 494.781
7.93832, 494.672
7.94122, 494.551
7.94413, 494.424
7.94703, 494.312
7.94993, 494.241
7.95283, 494.227
7.95574, 494.266
7.95864, 494.336
7.96154, 494.413
7.96444, 494.484
7.96735, 494.569
7.97025, 494.71
7.97315, 494.947
7.97605, 495.266
7.97896, 495.602
7.98186, 495.897
7.98476, 496.132
7.98766, 496.323
7.99057, 496.496
7.99347, 496.675
7.99637, 496.874
7.99927, 497.082
8.00218, 497.285
8.00508, 497.479
8.00798, 497.677
8.01088, 497.896
8.01379, 498.14
8.01669, 498.396
8.01959, 498.645
8.02249, 498.867
8.0254, 499.055
8.0283, 499.209
8.0312, 499.336
8.0341, 499.443
8.03701, 499.541
8.03991, 499.638
8.04281, 499.73
8.04571, 499.812
8.04862, 499.871
8.05152, 499.896
8.05442, 499.881
8.05732, 499.831
8.06023, 499.759
8.06313, 499.677
8.06603, 499.591
8.06893, 499.495
8.07184, 499.373
8.07474, 499.205
8.07764, 498.986
8.08054, 498.726
8.08345, 498.442
8.08635, 498.153
8.08925, 497.86
8.09215, 497.555
8.09506, 497.21
8.09796, 496.806
8.10086, 496.345
8.10376, 495.843
8.10667, 495.322
8.10957, 494.805
8.11247, 494.313
8.11537, 493.88
8.11828, 493.547
8.12118, 493.346
8.12408, 493.271
8.12698, 493.281
8.12989, 493.33
8.13279, 493.379
8.13569, 493.408
8.13859, 493.41
8.1415, 493.401
8.1444, 493.405
8.1473, 493.44
8.1502, 493.503
8.15311, 493.581
8.15601, 493.663
8.15891, 493.753
8.16181, 493.866
8.16472, 494.017
8.16762, 494.212
8.17052, 494.436
8.17342, 494.663
8.17633, 494.868
8.17923, 495.04
8.18213, 495.182
8.18503, 495.311
8.18794, 495.453
8.19084, 495.626
8.19374, 495.832
8.19664, 496.051
8.19955, 496.249
8.20245, 496.391
8.20535, 496.473
8.20825, 496.532
8.21116, 496.621
8.21406, 496.762
8.21696, 496.939
8.21986, 497.12
8.22277, 497.273
8.22567, 497.381
8.22857, 497.44
8.23147, 497.464
8.23438, 497.484
8.23728, 497.529
8.24018, 497.614
8.24308, 497.726
8.24599, 497.839
8.24889, 497.931
8.25179, 497.982
8.25469, 497.98
8.2576, 497.922
8.2605, 497.812
8.2634, 497.666
8.2663, 497.492
8.26921, 497.295
8.27211, 497.078
8.27501, 496.84
8.27791, 496.585
8.28082, 496.314
8.28372, 496.03
8.28662, 495.737
8.28952, 495.434
8.29243, 495.107
8.29533, 494.734
8.29823, 494.315
8.30113, 493.865
8.30404, 493.421
8.30694, 493.024
8.30984, 492.701
8.31274, 492.463
8.31565, 492.297
8.31855, 492.183
8.32145, 492.097
8.32435, 492.024
8.32726, 491.963
8.33016, 491.913
8.33306, 491.867
8.33596, 491.823
8.33887, 491.785
8.34177, 491.766
8.34467, 491.776
8.34757, 491.835
8.35048, 491.962
8.35338, 492.17
8.35628, 492.458
8.35918, 492.788
8.36209, 493.104
8.36499, 493.367
8.36789, 493.562
8.37079, 493.702
8.3737, 493.804
8.3766, 493.887
8.3795, 493.972
8.3824, 494.071
8.38531, 494.19
8.38821, 494.337
8.39111, 494.517
8.39401, 494.724
8.39692, 494.942
8.39982, 495.157
8.40272, 495.367
8.40562, 495.572
8.40853, 495.779
8.41143, 495.986
8.41433, 496.179
8.41723, 496.343
8.42014, 496.47
8.42304, 496.567
8.42594, 496.653
8.42884, 496.747
8.43175, 496.856
8.43465, 496.975
8.43755, 497.085
8.44045, 497.168
8.44336, 497.216
8.44626, 497.224
8.44916, 497.185
8.45206, 497.093
8.45497, 496.943
8.45787, 496.735
8.46077, 496.474
8.46367, 496.168
8.46658, 495.826
8.46948, 495.454
8.47238, 495.06
8.47528, 494.656
8.47819, 494.259
8.48109, 493.882
8.48399, 493.521
8.48689, 493.163
8.4898, 492.799
8.4927, 492.448
8.4956, 492.151
8.4985, 491.952
8.50141, 491.859
8.50431, 491.851
8.50721, 491.879
8.51011, 491.89
8.51302, 491.847
8.51592, 491.744
8.51882, 491.607
8.52172, 491.479
8.52463, 491.395
8.52753, 491.373
8.53043, 491.415
8.53333, 491.511
8.53624, 491.641
8.53914, 491.783
8.54204, 491.924
8.54494, 492.062
8.54785, 492.209
8.55075, 492.376
8.55365, 492.566
8.55655, 492.769
8.55946, 492.978
8.56236, 493.185
8.56526, 493.387
8.56816, 493.585
8.57107, 493.781
8.57397, 493.978
8.57687, 494.172
8.57977, 494.357
8.58268, 494.532
8.58558, 494.702
8.58848, 494.878
8.59138, 495.071
8.59429, 495.293
8.59719, 495.548
8.60009, 495.831
8.60299, 496.125
8.6059, 496.406
8.6088, 496.651
8.6117, 496.848
8.6146, 497.001
8.61751, 497.123
8.62041, 497.23
8.62331, 497.334
8.62621, 497.437
8.62912, 497.533
8.63202, 497.611
8.63492, 497.656
8.63782, 497.657
8.64073, 497.608
8.64363, 497.51
8.64653, 497.365
8.64943, 497.18
8.65234, 496.959
8.65524, 496.699
8.65814, 496.394
8.66104, 496.042
8.66395, 495.649
8.66685, 495.235
8.66975, 494.825
8.67265, 494.439
8.67556, 494.09
8.67846, 493.775
8.68136, 493.48
8.68426, 493.19
8.68717, 492.894
8.69007, 492.591
8.69297, 492.298
8.69587, 492.048
8.69878, 491.858
8.70168, 491.728
8.70458, 491.646
8.70748, 491.595
8.71039, 491.562
8.71329, 491.543
8.71619, 491.54
8.71909, 491.562
8.722, 491.615
8.7249, 491.702
8.7278, 491.819
8.7307, 491.956
8.73361, 492.097
8.73651, 492.237
8.73941, 492.378
8.74231, 492.522
8.74522, 492.678
8.74812, 492.852
8.75102, 493.044
8.75392, 493.251
8.75683, 493.467
8.75973, 493.692
8.76263, 493.928
8.76553, 494.186
8.76844, 494.473
8.77134, 494.794
8.77424, 495.138
8.77714, 495.489
8.78005, 495.831
8.78295, 496.157
8.78585, 496.462
8.78875, 496.741
8.79166, 496.994
8.79456, 497.226
8.79746, 497.44
8.80036, 497.641
8.80327, 497.836
8.80617, 498.029
8.80907, 498.206
8.81197, 498.359
8.81488, 498.48
8.81778, 498.564
8.82068, 498.611
8.82358, 498.625
8.82649, 498.607
8.82939, 498.559
8.83229, 498.477
8.83519, 498.359
8.8381, 498.205
8.841, 498.013
8.8439, 497.784
8.8468, 497.526
8.8497, 497.233
8.85261, 496.907
8.85551, 496.549
8.85841, 496.164
8.86131, 495.758
8.86422, 495.351
8.86712, 494.968
8.87002, 494.63
8.87292, 494.338
8.87583, 494.079
8.87873, 493.835
8.88163, 493.59
8.88453, 493.333
8.88744, 493.063
8.89034, 492.793
8.89324, 492.551
8.89614, 492.374
8.89905, 492.285
8.90195, 492.28
8.90485, 492.33
8.90775, 492.404
8.91066, 492.48
8.91356, 492.544
8.91646, 492.59
8.91936, 492.621
8.92227, 492.651
8.92517, 492.709
8.92807, 492.815
8.93097, 492.98
8.93388, 493.196
8.93678, 493.442
8.93968, 493.692
8.94258, 493.926
8.94549, 494.143
8.94839, 494.364
8.95129, 494.615
8.9542, 494.913
8.9571, 495.251
8.96, 495.605
8.9629, 495.947
8.96581, 496.263
8.96871, 496.55
8.97161, 496.813
8.97451, 497.056
8.97742, 497.284
8.98032, 497.501
8.98322, 497.71
8.98612, 497.916
8.98903, 498.116
8.99193, 498.302
8.99483, 498.47
8.99773, 498.614
9.00064, 498.731
9.00354, 498.821
9.00644, 498.884
9.00934, 498.921
9.01225, 498.934
9.01515, 498.922
9.01805, 498.88
9.02095, 498.799
9.02386, 498.675
9.02676, 498.503
9.02966, 498.284
9.03256, 498.017
9.03547, 497.705
9.03837, 497.356
9.04127, 496.965
9.04417, 496.536
9.04708, 496.09
9.04998, 495.658
9.05288, 495.267
9.05578, 494.934
9.05868, 494.654
9.06159, 494.411
9.06449, 494.188
9.06739, 493.973
9.07029, 493.755
9.0732, 493.53
9.0761, 493.292
9.079, 493.037
9.0819, 492.775
9.08481, 492.537
9.08771, 492.379
9.09061, 492.341
9.09351, 492.404
9.09642, 492.521
9.09932, 492.647
9.10222, 492.763
9.10512, 492.865
9.10803, 492.961
9.11093, 493.064
9.11383, 493.186
9.11673, 493.34
9.11964, 493.531
9.12254, 493.76
9.12544, 494.022
9.12834, 494.304
9.13125, 494.597
9.13415, 494.894
9.13705, 495.187
9.13995, 495.472
9.14286, 495.74
9.14576, 495.988
9.14866, 496.214
9.15156, 496.424
9.15447, 496.628
9.15737, 496.837
9.16027, 497.058
9.16317, 497.289
9.16608, 497.523
9.16898, 497.758
9.17188, 497.996
9.17478, 498.23
9.17769, 498.451
9.18059, 498.648
9.18349, 498.812
9.18639, 498.934
9.1893, 499.015
9.1922, 499.064
9.1951, 499.093
9.198, 499.107
9.20091, 499.106
9.20381, 499.081
9.20671, 499.021
9.20961, 498.924
9.21252, 498.789
9.21542, 498.616
9.21832, 498.402
9.22122, 498.141
9.22413, 497.825
9.22703, 497.462
9.22993, 497.043
9.23283, 496.581
9.23574, 496.1
9.23864, 495.637
9.24154, 495.229
9.24444, 494.898
9.24735, 494.651
9.25025, 494.476
9.25315, 494.343
9.25605, 494.215
9.25896, 494.054
9.26186, 493.826
9.26476, 493.515
9.26766, 493.143
9.27057, 492.781
9.27347, 492.524
9.27637, 492.427
9.27927, 492.461
9.28218, 492.562
9.28508, 492.673
9.28798, 492.774
9.29088, 492.873
9.29379, 492.986
9.29669, 493.131
9.29959, 493.32
9.30249, 493.554
9.3054, 493.823
9.3083, 494.109
9.3112, 494.395
9.3141, 494.675
9.31701, 494.961
9.31991, 495.266
9.32281, 495.596
9.32571, 495.942
9.32862, 496.284
9.33152, 496.602
9.33442, 496.883
9.33732, 497.124
9.34023, 497.332
9.34313, 497.513
9.34603, 497.677
9.34893, 497.828
9.35184, 497.976
9.35474, 498.117
9.35764, 498.259
9.36054, 498.404
9.36345, 498.555
9.36635, 498.714
9.36925, 498.877
9.37215, 499.035
9.37506, 499.171
9.37796, 499.271
9.38086, 499.327
9.38376, 499.337
9.38667, 499.304
9.38957, 499.235
9.39247, 499.137
9.39537, 499.015
9.39828, 498.868
9.40118, 498.683
9.40408, 498.448
9.40698, 498.15
9.40989, 497.78
9.41279, 497.354
9.41569, 496.872
9.41859, 496.366
9.4215, 495.879
9.4244, 495.451
9.4273, 495.093
9.4302, 494.791
9.43311, 494.523
9.43601, 494.272
9.43891, 494.035
9.44181, 493.817
9.44472, 493.623
9.44762, 493.456
9.45052, 493.312
9.45342, 493.193
9.45633, 493.106
9.45923, 493.07
9.46213, 493.11
9.46503, 493.24
9.46794, 493.447
9.47084, 493.69
9.47374, 493.915
9.47664, 494.094
9.47955, 494.227
9.48245, 494.342
9.48535, 494.477
9.48825, 494.65
9.49116, 494.854
9.49406, 495.06
9.49696, 495.246
9.49986, 495.407
9.50277, 495.562
9.50567, 495.741
9.50857, 495.96
9.51147, 496.215
9.51438, 496.482
9.51728, 496.736
9.52018, 496.97
9.52308, 497.186
9.52599, 497.389
9.52889, 497.585
9.53179, 497.774
9.53469, 497.967
9.5376, 498.171
9.5405, 498.395
9.5434, 498.635
9.5463, 498.873
9.54921, 499.078
9.55211, 499.219
9.55501, 499.276
9.55791, 499.249
9.56082, 499.157
9.56372, 499.025
9.56662, 498.886
9.56952, 498.762
9.57243, 498.662
9.57533, 498.576
9.57823, 498.483
9.58113, 498.363
9.58404, 498.201
9.58694, 497.993
9.58984, 497.744
9.59274, 497.462
9.59565, 497.135
9.59855, 496.758
9.60145, 496.336
9.60435, 495.897
9.60726, 495.491
9.61016, 495.177
9.61306, 494.992
9.61596, 494.924
9.61887, 494.927
9.62177, 494.938
9.62467, 494.909
9.62757, 494.819
9.63048, 494.68
9.63338, 494.541
9.63628, 494.473
9.63918, 494.536
9.64209, 494.713
9.64499, 494.914
9.64789, 495.041
9.65079, 495.073
9.6537, 495.066
9.6566, 495.09
9.6595, 495.192
9.6624, 495.362
9.66531, 495.533
9.66821, 495.656
9.67111, 495.771
9.67401, 495.966
9.67692, 496.299
9.67982, 496.753
9.68272, 497.267
9.68562, 497.772
9.68853, 498.22
9.69143, 498.591
9.69433, 498.902
9.69723, 499.173
9.70014, 499.414
9.70304, 499.625
9.70594, 499.795
9.70884, 499.917
9.71175, 499.977
9.71465, 499.949
9.71755, 499.801
9.72045, 499.552
9.72336, 499.277
9.72626, 499.033
9.72916, 498.814
9.73206, 498.612
9.73497, 498.443
9.73787, 498.316
9.74077, 498.229
9.74367, 498.201
9.74658, 498.254
9.74948, 498.385
9.75238, 498.559
9.75528, 498.736
9.75819, 498.878
9.76109, 498.936
9.76399, 498.836
9.76689, 498.545
9.7698, 498.113
9.7727, 497.625
9.7756, 497.174
9.7785, 496.792
9.78141, 496.492
9.78431, 496.281
9.78721, 496.15
9.79011, 496.078
9.79302, 496.044
9.79592, 496.036
9.79882, 496.046
9.80172, 496.055
9.80463, 496.043
9.80753, 495.989
9.81043, 495.891
9.81333, 495.802
9.81624, 495.79
9.81914, 495.894
9.82204, 496.156
9.82494, 496.606
9.82785, 497.174
9.83075, 497.686
9.83365, 497.966
9.83655, 497.996
9.83946, 497.836
9.84236, 497.534
9.84526, 497.193
9.84816, 496.85
9.85107, 496.455
9.85397, 495.937
9.85687, 495.431
9.85977, 436.621
9.86268, 436.564
9.86558, 436.507
9.86848, 436.45
9.87138, 436.393
9.87429, 436.336
9.87719, 436.28
9.88009, 436.223
9.88299, 436.166
9.8859, 436.109
9.8888, 436.052
9.8917, 435.995
9.8946, 435.937
9.89751, 435.88
9.90041, 435.822
9.90331, 435.765
9.90621, 435.707
9.90912, 435.65
9.91202, 435.592
9.91492, 435.535
9.91782, 435.479
9.92073, 435.421
9.92363, 435.364
9.92653, 435.306
9.92943, 435.249
9.93234, 435.191
9.93524, 435.133
9.93814, 435.075
9.94104, 435.017
9.94395, 434.959
9.94685, 434.901
9.94975, 434.843
9.95265, 434.784
9.95556, 434.726
9.95846, 434.668
9.96136, 434.61
9.96426, 434.552
9.96717, 434.494
9.97007, 434.436
9.97297, 434.378
9.97587, 434.32
9.97878, 434.263
9.98168, 434.205
9.98458, 434.148
9.98748, 434.09
9.99039, 434.033
9.99329, 433.975
9.99619, 433.918
9.99909, 433.86
10.002, 433.803
10.0049, 433.745
10.0078, 433.688
10.0107, 433.63
10.0136, 433.573
10.0165, 433.515
10.0194, 433.458
10.0223, 433.401
10.0252, 433.343
10.0281, 433.286
10.031, 433.228
10.0339, 433.171
10.0368, 433.113
10.0397, 433.056
10.0426, 432.998
10.0455, 432.941
10.0484, 432.883
10.0513, 432.826
10.0542, 432.768
10.0571, 432.711
10.06, 432.654
10.0629, 432.596
10.0659, 432.539
10.0688, 432.481
10.0717, 432.423
10.0746, 432.366
10.0775, 432.308
10.0804, 432.251
10.0833, 432.193
10.0862, 432.136
10.0891, 432.078
10.092, 432.021
10.0949, 431.964
10.0978, 431.906
10.1007, 431.849
10.1036, 431.791
10.1065, 431.734
10.1094, 431.676
10.1123, 431.619
10.1152, 431.561
10.1181, 431.503
10.121, 431.445
10.1239, 431.387
10.1268, 431.329
10.1297, 431.271
10.1326, 431.213
10.1355, 431.154
10.1384, 431.096
10.1413, 431.038
10.1442, 430.98
10.1471, 430.921
10.15, 430.862
10.1529, 430.804
10.1558, 430.746
10.1587, 430.688
10.1616, 430.63
10.1645, 430.573
10.1674, 430.515
10.1703, 430.458
10.1732, 430.4
10.1761, 430.343
10.179, 430.285
10.182, 430.228
10.1849, 430.171
10.1878, 430.113
10.1907, 430.056
10.1936, 429.999
10.1965, 429.942
10.1994, 429.886
10.2023, 429.829
10.2052, 429.772
10.2081, 429.715
10.211, 429.658
10.2139, 429.601
10.2168, 429.544
10.2197, 429.486
10.2226, 429.429
10.2255, 429.371
10.2284, 429.314
10.2313, 429.256
10.2342, 429.199
10.2371, 429.141
10.24, 429.084
10.2429, 429.026
10.2458, 428.969
10.2487, 428.911
10.2516, 428.854
10.2545, 428.797
10.2574, 428.739
10.2603, 428.682
10.2632, 428.624
10.2661, 428.566
10.269, 428.508
10.2719, 428.45
10.2748, 428.392
10.2777, 428.335
10.2806, 428.277
10.2835, 428.22
10.2864, 428.162
10.2893, 428.105
10.2922, 428.047
10.2951, 427.99
10.298, 427.932
10.301, 427.875
10.3039, 427.818
10.3068, 427.76
10.3097, 427.703
10.3126, 427.645
10.3155, 427.588
10.3184, 427.53
10.3213, 427.472
10.3242, 427.414
10.3271, 427.356
10.33, 427.298
10.3329, 427.24
10.3358, 427.182
10.3387, 427.124
10.3416, 427.067
10.3445, 427.009
10.3474, 426.95
10.3503, 426.892
10.3532, 426.834
10.3561, 426.776
10.359, 426.719
10.3619, 426.661
10.3648, 426.604
10.3677, 426.546
10.3706, 426.49
10.3735, 426.433
10.3764, 426.376
10.3793, 426.319
10.3822, 426.262
10.3851, 426.205
10.388, 426.148
10.3909, 426.091
10.3938, 426.034
10.3967, 425.978
10.3996, 425.92
10.4025, 425.863
10.4054, 425.805
10.4083, 425.748
10.4112, 425.69
10.4141, 425.633
10.4171, 425.575
10.42, 425.518
10.4229, 425.46
10.4258, 425.403
10.4287, 425.345
10.4316, 425.288
10.4345, 425.23
10.4374, 425.172
10.4403, 425.114
10.4432, 425.055
10.4461, 424.998
10.449, 424.941
10.4519, 424.883
10.4548, 424.826
10.4577, 424.768
10.4606, 424.711
10.4635, 424.653
10.4664, 424.595
10.4693, 424.537
10.4722, 424.479
10.4751, 424.421
10.478, 424.363
10.4809, 424.305
10.4838, 424.247
10.4867, 424.188
10.4896, 424.13
10.4925, 424.071
10.4954, 424.012
10.4983, 423.954
10.5012, 423.896
10.5041, 423.838
10.507, 423.78
10.5099, 423.722
10.5128, 423.664
10.5157, 423.605
10.5186, 423.547
10.5215, 423.489
10.5244, 423.432
10.5273, 423.375
10.5302, 423.317
10.5332, 423.26
10.5361, 423.202
10.539, 423.145
10.5419, 423.087
10.5448, 423.03
10.5477, 422.972
10.5506, 422.915
10.5535, 422.857
10.5564, 422.8
10.5593, 422.743
10.5622, 422.685
10.5651, 422.628
10.568, 422.57
10.5709, 422.513
10.5738, 422.455
10.5767, 422.398
10.5796, 422.34
10.5825, 422.283
10.5854, 422.226
10.5883, 422.168
10.5912, 422.111
10.5941, 422.053
10.597, 421.996
10.5999, 421.938
10.6028, 421.881
10.6057, 421.823
10.6086, 421.765
10.6115, 421.707
10.6144, 421.649
10.6173, 421.591
10.6202, 421.533
10.6231, 421.475
10.626, 421.417
10.6289, 421.359
10.6318, 421.3
10.6347, 421.241
10.6376, 421.183
10.6405, 421.124
10.6434, 421.065
10.6463, 421.007
10.6493, 420.948
10.6522, 420.89
10.6551, 420.832
10.658, 420.774
10.6609, 420.716
10.6638, 420.657
10.6667, 420.599
10.6696, 420.541
10.6725, 420.483
10.6754, 420.426
10.6783, 420.368
10.6812, 420.309
10.6841, 420.251
10.687, 420.193
10.6899, 420.136
10.6928, 420.078
10.6957, 420.021
10.6986, 419.963
10.7015, 419.906
10.7044, 419.848
10.7073, 419.791
10.7102, 419.734
10.7131, 419.676
10.716, 419.619
10.7189, 419.561
10.7218, 419.504
10.7247, 419.446
10.7276, 419.389
10.7305, 419.331
10.7334, 419.274
10.7363, 419.216
10.7392, 419.159
10.7421, 419.102
10.745, 419.044
10.7479, 418.987
10.7508, 418.929
10.7537, 418.872
10.7566, 418.814
10.7595, 418.756
10.7624, 418.698
10.7654, 418.64
10.7683, 418.582
10.7712, 418.524
10.7741, 418.466
10.777, 418.408
10.7799, 418.35
10.7828, 418.292
10.7857, 418.234
10.7886, 418.176
10.7915, 418.118
10.7944, 418.06
10.7973, 418.002
10.8002, 417.944
10.8031, 417.886
10.806, 417.828
10.8089, 417.77
10.8118, 417.712
10.8147, 417.654
10.8176, 417.596
10.8205, 417.538
10.8234, 417.48
10.8263, 417.423
10.8292, 417.365
10.8321, 417.308
10.835, 417.25
10.8379, 417.193
10.8408, 417.136
10.8437, 417.079
10.8466, 417.022
10.8495, 416.965
10.8524, 416.907
10.8553, 416.85
10.8582, 416.792
10.8611, 416.735
10.864, 416.678
10.8669, 416.62
10.8698, 416.563
10.8727, 416.505
10.8756, 416.447
10.8785, 416.389
10.8815, 416.332
10.8844, 416.275
10.8873, 416.219
10.8902, 416.164
10.8931, 416.108
10.896, 416.053
10.8989, 415.999
10.9018, 415.944
10.9047, 415.89
10.9076, 415.836
10.9105, 415.782
10.9134, 415.728
10.9163, 415.674
10.9192, 415.62
10.9221, 415.566
10.925, 415.512
10.9279, 415.458
10.9308, 415.404
10.9337, 415.35
10.9366, 415.296
10.9395, 415.242
10.9424, 415.188
10.9453, 415.134
10.9482, 415.08
10.9511, 415.026
10.954, 414.972
10.9569, 414.919
10.9598, 414.865
10.9627, 414.812
10.9656, 414.758
10.9685, 414.705
10.9714, 414.652
10.9743, 414.598
10.9772, 414.545
10.9801, 414.492
10.983, 414.438
10.9859, 414.384
10.9888, 414.33
10.9917, 414.276
10.9946, 414.222
10.9976, 414.168
11.0005, 414.114
11.0034, 414.06
11.0063, 414.006
11.0092, 413.952
11.0121, 413.898
11.015, 413.857
11.0179, 413.816
11.0208, 413.775
11.0237, 413.733
11.0266, 413.691
11.0295, 413.65
11.0324, 413.608
11.0353, 413.566
11.0382, 413.524
11.0411, 413.482
11.044, 413.441
11.0469, 413.399
11.0498, 413.357
11.0527, 413.314
11.0556, 413.271
11.0585, 413.228
11.0614, 413.185
11.0643, 413.142
11.0672, 413.099
11.0701, 413.056
11.073, 413.013
11.0759, 412.97
11.0788, 412.928
11.0817, 412.886
11.0846, 412.843
11.0875, 412.801
11.0904, 412.759
11.0933, 412.716
11.0962, 412.674
11.0991, 412.632
11.102, 412.59
11.1049, 412.548
11.1078, 412.506
11.1107, 412.465
11.1137, 412.424
11.1166, 412.382
11.1195, 412.341
11.1224, 412.3
11.1253, 412.259
11.1282, 412.217
11.1311, 412.176
11.134, 412.136
11.1369, 412.095
11.1398, 412.054
11.1427, 412.014
11.1456, 411.973
11.1485, 411.933
11.1514, 411.892
11.1543, 411.851
11.1572, 411.811
11.1601, 411.77
11.163, 411.73
11.1659, 411.689
11.1688, 411.648
11.1717, 411.608
11.1746, 411.567
11.1775, 411.525
11.1804, 411.484
11.1833, 411.443
11.1862, 411.402
11.1891, 411.361
11.192, 411.32
11.1949, 411.278
11.1978, 411.237
11.2007, 411.196
11.2036, 411.155
11.2065, 411.114
11.2094, 411.072
11.2123, 411.03
11.2152, 410.988
11.2181, 410.946
11.221, 410.904
11.2239, 410.861
11.2268, 410.819
11.2298, 410.777
11.2327, 410.734
11.2356, 410.691
11.2385, 410.648
11.2414, 410.606
11.2443, 410.563
11.2472, 410.52
11.2501, 410.477
11.253, 410.434
11.2559, 410.391
11.2588, 410.348
11.2617, 410.305
11.2646, 410.262
11.2675, 410.219
11.2704, 410.176
11.2733, 410.133
11.2762, 410.09
11.2791, 410.048
11.282, 410.006
11.2849, 409.963
11.2878, 409.921
11.2907, 409.879
11.2936, 409.836
11.2965, 409.794
11.2994, 409.752
11.3023, 409.709
11.3052, 409.668
11.3081, 409.626
11.311, 409.585
11.3139, 409.544
11.3168, 409.502
11.3197, 409.461
11.3226, 409.42
11.3255, 409.379
11.3284, 409.338
11.3313, 409.296
11.3342, 409.255
11.3371, 409.214
11.34, 409.173
11.3429, 409.132
11.3458, 409.09
11.3488, 409.049
11.3517, 409.008
11.3546, 408.967
11.3575, 408.926
11.3604, 408.884
11.3633, 408.843
11.3662, 408.802
11.3691, 408.761
11.372, 408.72
11.3749, 408.679
11.3778, 408.637
11.3807, 408.596
11.3836, 408.554
11.3865, 408.513
11.3894, 408.472
11.3923, 408.431
11.3952, 408.39
11.3981, 408.348
11.401, 408.306
11.4039, 408.264
11.4068, 408.223
11.4097, 408.18
11.4126, 408.138
11.4155, 408.096
11.4184, 408.053
11.4213, 408.011
11.4242, 407.968
11.4271, 407.925
11.43, 407.882
11.4329, 407.839
11.4358, 407.796
11.4387, 407.753
11.4416, 407.71
11.4445, 407.666
11.4474, 407.623
11.4503, 407.579
11.4532, 407.536
11.4561, 407.492
11.459, 407.449
11.462, 407.405
11.4649, 407.362
11.4678, 407.319
11.4707, 407.276
11.4736, 407.233
11.4765, 407.19
11.4794, 407.147
11.4823, 407.105
11.4852, 407.063
11.4881, 407.02
11.491, 406.978
11.4939, 406.936
11.4968, 406.894
11.4997, 406.853
11.5026, 406.811
