0, 0
0.00290249, 0
0.00580499, 0
0.00870748, 0
0.01161, 0
0.0145125, 0
0.017415, 0
0.0203175, 0
0.02322, 0
0.0261224, 0
0.0290249, 0
0.0319274, 0
0.0348299, 0
0.0377324, 0
0.0406349, 0
0.0435374, 0
0.0464399, 0
0.0493424, 0
0.0522449, 0
0.0551474, 0
0.0580499, 0
0.0609524, 0
0.0638549, 0
0.0667574, 0
0.0696599, 0
0.0725624, 0
0.0754649, 0
0.0783673, 0
0.0812698, 0
0.0841723, 0
0.0870748, 0
0.0899773, 0
0.0928798, 129.311
0.0957823, 128.566
0.0986848, 128.566
0.101587, 128.566
0.10449, 128.566
0.107392, 128.566
0.110295, 130.06
0.113197, 130.813
0.1161, 130.06
0.119002, 128.566
0.121905, 126.357
0.124807, 126.357
0.12771, 126.357
0.130612, 126.357
0.133515, 126.357
0.136417, 126.357
0.13932, 124.906
0.142222, 124.906
0.145125, 125.63
0.148027, 124.906
0.15093, 124.906
0.153832, 124.906
0.156735, 124.906
0.159637, 124.906
0.16254, 125.63
0.165442, 125.63
0.168345, 125.63
0.171247, 125.63
0.17415, 125.63
0.177052, 126.357
0.179955, 125.63
0.182857, 126.357
0.18576, 127.089
0.188662, 127.089
0.191565, 126.357
0.194467, 125.63
0.19737, 124.906
0.200272, 124.906
0.203175, 124.906
0.206077, 124.906
0.20898, 125.63
0.211882, 125.63
0.214785, 125.63
0.217687, 125.63
0.22059, 125.63
0.223492, 125.63
0.226395, 124.906
0.229297, 124.906
0.2322, 125.63
0.235102, 125.63
0.238005, 125.63
0.240907, 125.63
0.24381, 126.357
0.246712, 127.089
0.249615, 127.089
0.252517, 127.826
0.255419, 127.826
0.258322, 125.63
0.261224, 125.63
0.264127, 124.906
0.267029, 124.906
0.269932, 124.906
0.272834, 124.906
0.275737, 125.63
0.278639, 125.63
0.281542, 125.63
0.284444, 125.63
0.287347, 125.63
0.290249, 125.63
0.293152, 125.63
0.296054, 125.63
0.298957, 125.63
0.301859, 126.357
0.304762, 126.357
0.307664, 126.357
0.310567, 126.357
0.313469, 125.63
0.316372, 125.63
0.319274, 125.63
0.322177, 125.63
0.325079, 125.63
0.327982, 125.63
0.330884, 125.63
0.333787, 125.63
0.336689, 0
0.339592, 0
0.342494, 0
0.345397, 0
0.348299, 0
0.351202, 0
0.354104, 0
0.357007, 0
0.359909, 0
0.362812, 0
0.365714, 0
0.368617, 0
0.371519, 0
0.374422, 190.419
0.377324, 191.523
0.380227, 191.523
0.383129, 190.419
0.386032, 190.419
0.388934, 190.419
0.391837, 190.419
0.394739, 189.323
0.397642, 189.323
0.400544, 189.323
0.403447, 189.323
0.406349, 189.323
0.409252, 189.323
0.412154, 189.323
0.415057, 189.323
0.417959, 189.323
0.420862, 189.323
0.423764, 189.323
0.426667, 189.323
0.429569, 189.323
0.432472, 189.323
0.435374, 189.323
0.438277, 189.323
0.441179, 189.323
0.444082, 189.323
0.446984, 189.323
0.449887, 189.323
0.452789, 189.323
0.455692, 190.419
0.458594, 190.419
0.461497, 190.419
0.464399, 189.323
0.467302, 189.323
0.470204, 189.323
0.473107, 189.323
0.476009, 189.323
0.478912, 189.323
0.481814, 188.232
0.484717, 188.232
0.487619, 188.232
0.490522, 189.323
0.493424, 189.323
0.496327, 188.232
0.499229, 189.323
0.502132, 189.323
0.505034, 189.323
0.507937, 189.323
0.510839, 189.323
0.513741, 188.232
0.516644, 189.323
0.519547, 189.323
0.522449, 189.323
0.525351, 190.419
0.528254, 190.419
0.531156, 189.323
0.534059, 189.323
0.536961, 190.419
0.539864, 189.323
0.542766, 188.232
0.545669, 188.232
0.548571, 188.232
0.551474, 188.232
0.554376, 0
0.557279, 0
0.560181, 0
0.563084, 0
0.565986, 0
0.568889, 0
0.571791, 0
0.574694, 0
0.577596, 0
0.580499, 0
0.583401, 0
0.586304, 0
0.589206, 0
0.592109, 0
0.595011, 0
0.597914, 0
0.600816, 0
0.603719, 0
0.606621, 0
0.609524, 0
0.612426, 0
0.615329, 0
0.618231, 0
0.621134, 0
0.624036, 0
0.626939, 0
0.629841, 0
0.632744, 248.374
0.635646, 246.944
0.638549, 246.944
0.641451, 245.522
0.644354, 246.944
0.647256, 246.944
0.650159, 248.374
0.653061, 249.813
0.655964, 251.26
0.658866, 252.716
0.661769, 252.716
0.664671, 252.716
0.667574, 252.716
0.670476, 252.716
0.673379, 252.716
0.676281, 251.26
0.679184, 252.716
0.682086, 252.716
0.684989, 252.716
0.687891, 252.716
0.690794, 252.716
0.693696, 252.716
0.696599, 252.716
0.699501, 252.716
0.702404, 252.716
0.705306, 252.716
0.708209, 252.716
0.711111, 252.716
0.714014, 252.716
0.716916, 252.716
0.719819, 252.716
0.722721, 252.716
0.725624, 252.716
0.728526, 252.716
0.731429, 252.716
0.734331, 252.716
0.737234, 254.18
0.740136, 254.18
0.743039, 252.716
0.745941, 252.716
0.748844, 252.716
0.751746, 252.716
0.754649, 252.716
0.757551, 252.716
0.760454, 252.716
0.763356, 252.716
0.766258, 252.716
0.769161, 252.716
0.772063, 252.716
0.774966, 252.716
0.777869, 252.716
0.780771, 252.716
0.783673, 252.716
0.786576, 252.716
0.789478, 252.716
0.792381, 252.716
0.795283, 252.716
0.798186, 252.716
0.801088, 252.716
0.803991, 254.18
0.806893, 254.18
0.809796, 252.716
0.812698, 252.716
0.815601, 252.716
0.818503, 252.716
0.821406, 252.716
0.824308, 252.716
0.827211, 252.716
0.830113, 252.716
0.833016, 252.716
0.835918, 251.26
0.838821, 251.26
0.841723, 252.716
0.844626, 252.716
0.847528, 252.716
0.850431, 252.716
0.853333, 252.716
0.856236, 252.716
0.859138, 252.716
0.862041, 252.716
0.864943, 252.716
0.867846, 252.716
0.870748, 252.716
0.873651, 254.18
0.876553, 252.716
0.879456, 252.716
0.882358, 252.716
0.885261, 252.716
0.888163, 252.716
0.891066, 252.716
0.893968, 252.716
0.896871, 252.716
0.899773, 252.716
0.902676, 252.716
0.905578, 252.716
0.908481, 252.716
0.911383, 252.716
0.914286, 252.716
0.917188, 252.716
0.920091, 252.716
0.922993, 252.716
0.925896, 252.716
0.928798, 252.716
0.931701, 252.716
0.934603, 252.716
0.937506, 252.716
0.940408, 252.716
0.943311, 252.716
0.946213, 252.716
0.949116, 251.26
0.952018, 251.26
0.954921, 251.26
0.957823, 251.26
0.960726, 251.26
0.963628, 251.26
0.966531, 251.26
0.969433, 251.26
0.972336, 251.26
0.975238, 251.26
0.978141, 252.716
0.981043, 252.716
0.983946, 252.716
0.986848, 252.716
0.989751, 252.716
0.992653, 252.716
0.995556, 252.716
0.998458, 252.716
1.00136, 252.716
1.00426, 252.716
1.00717, 252.716
1.01007, 252.716
1.01297, 252.716
1.01587, 252.716
1.01878, 252.716
1.02168, 251.26
1.02458, 251.26
1.02748, 251.26
1.03039, 251.26
1.03329, 251.26
1.03619, 252.716
1.03909, 252.716
1.042, 252.716
1.0449, 252.716
1.0478, 252.716
1.0507, 252.716
1.05361, 252.716
1.05651, 252.716
1.05941, 252.716
1.06231, 252.716
1.06522, 252.716
1.06812, 252.716
1.07102, 252.716
1.07392, 252.716
1.07683, 252.716
1.07973, 252.716
1.08263, 252.716
1.08553, 252.716
1.08844, 252.716
1.09134, 252.716
1.09424, 252.716
1.09714, 252.716
1.10005, 252.716
1.10295, 252.716
1.10585, 252.716
1.10875, 254.18
1.11166, 254.18
1.11456, 254.18
1.11746, 252.716
1.12036, 252.716
1.12327, 252.716
1.12617, 252.716
1.12907, 252.716
1.13197, 252.716
1.13488, 252.716
1.13778, 252.716
1.14068, 252.716
1.14358, 252.716
1.14649, 252.716
1.14939, 252.716
1.15229, 252.716
1.15519, 252.716
1.1581, 252.716
1.161, 252.716
1.1639, 252.716
1.1668, 252.716
1.16971, 252.716
1.17261, 252.716
1.17551, 252.716
1.17841, 252.716
1.18132, 252.716
1.18422, 252.716
1.18712, 252.716
1.19002, 252.716
1.19293, 252.716
1.19583, 252.716
1.19873, 254.18
1.20163, 252.716
1.20454, 252.716
1.20744, 252.716
1.21034, 252.716
1.21324, 252.716
1.21615, 252.716
1.21905, 252.716
1.22195, 252.716
1.22485, 251.26
1.22776, 249.813
1.23066, 249.813
1.23356, 249.813
1.23646, 252.716
1.23937, 252.716
1.24227, 190.419
1.24517, 190.419
1.24807, 190.419
1.25098, 189.323
1.25388, 189.323
1.25678, 189.323
1.25968, 189.323
1.26259, 189.323
1.26549, 189.323
1.26839, 189.323
1.27129, 189.323
1.27419, 189.323
1.2771, 189.323
1.28, 189.323
1.2829, 189.323
1.2858, 188.232
1.28871, 188.232
1.29161, 189.323
1.29451, 189.323
1.29742, 189.323
1.30032, 188.232
1.30322, 188.232
1.30612, 189.323
1.30902, 189.323
1.31193, 189.323
1.31483, 189.323
1.31773, 188.232
1.32063, 189.323
1.32354, 189.323
1.32644, 190.419
1.32934, 189.323
1.33224, 189.323
1.33515, 188.232
1.33805, 189.323
1.34095, 189.323
1.34385, 189.323
1.34676, 188.232
1.34966, 188.232
1.35256, 188.232
1.35546, 189.323
1.35837, 189.323
1.36127, 188.232
1.36417, 187.148
1.36707, 187.148
1.36998, 188.232
1.37288, 188.232
1.37578, 188.232
1.37868, 189.323
1.38159, 189.323
1.38449, 189.323
1.38739, 190.419
1.39029, 190.419
1.3932, 189.323
1.3961, 189.323
1.399, 188.232
1.4019, 189.323
1.40481, 189.323
1.40771, 189.323
1.41061, 188.232
1.41351, 189.323
1.41642, 189.323
1.41932, 190.419
1.42222, 190.419
1.42512, 190.419
1.42803, 189.323
1.43093, 190.419
1.43383, 190.419
1.43673, 190.419
1.43964, 189.323
1.44254, 189.323
1.44544, 0
1.44834, 0
1.45125, 0
1.45415, 0
1.45705, 0
1.45995, 0
1.46286, 0
1.46576, 0
1.46866, 0
1.47156, 0
1.47447, 0
1.47737, 0
1.48027, 0
1.48317, 0
1.48608, 0
1.48898, 0
1.49188, 238.532
1.49478, 238.532
1.49769, 239.914
1.50059, 244.107
1.50349, 246.944
1.50639, 248.374
1.5093, 249.813
1.5122, 249.813
1.5151, 251.26
1.518, 251.26
1.52091, 251.26
1.52381, 251.26
1.52671, 251.26
1.52961, 251.26
1.53252, 251.26
1.53542, 251.26
1.53832, 251.26
1.54122, 251.26
1.54413, 251.26
1.54703, 251.26
1.54993, 251.26
1.55283, 251.26
1.55574, 251.26
1.55864, 251.26
1.56154, 251.26
1.56444, 251.26
1.56735, 252.716
1.57025, 252.716
1.57315, 252.716
1.57605, 252.716
1.57896, 252.716
1.58186, 252.716
1.58476, 252.716
1.58766, 252.716
1.59057, 252.716
1.59347, 252.716
1.59637, 252.716
1.59927, 252.716
1.60218, 252.716
1.60508, 252.716
1.60798, 251.26
1.61088, 251.26
1.61379, 251.26
1.61669, 251.26
1.61959, 251.26
1.62249, 251.26
1.6254, 252.716
1.6283, 252.716
1.6312, 252.716
1.6341, 251.26
1.63701, 251.26
1.63991, 251.26
1.64281, 251.26
1.64571, 251.26
1.64862, 251.26
1.65152, 252.716
1.65442, 252.716
1.65732, 252.716
1.66023, 252.716
1.66313, 252.716
1.66603, 252.716
1.66893, 252.716
1.67184, 252.716
1.67474, 252.716
1.67764, 252.716
1.68054, 252.716
1.68345, 252.716
1.68635, 252.716
1.68925, 251.26
1.69215, 251.26
1.69506, 249.813
1.69796, 248.374
1.70086, 246.944
1.70376, 245.522
1.70667, 244.107
1.70957, 242.701
1.71247, 241.304
1.71537, 239.914
1.71828, 238.532
1.72118, 235.792
1.72408, 231.741
1.72698, 229.08
1.72989, 226.448
1.73279, 226.448
1.73569, 226.448
1.73859, 226.448
1.7415, 227.76
1.7444, 227.76
1.7473, 227.76
1.7502, 226.448
1.75311, 225.144
1.75601, 223.847
1.75891, 223.847
1.76181, 223.847
1.76472, 223.847
1.76762, 223.847
1.77052, 225.144
1.77342, 226.448
1.77633, 226.448
1.77923, 226.448
1.78213, 226.448
1.78503, 226.448
1.78794, 226.448
1.79084, 229.08
1.79374, 231.741
1.79664, 231.741
1.79955, 230.407
1.80245, 229.08
1.80535, 226.448
1.80825, 223.847
1.81116, 220.002
1.81406, 218.735
1.81696, 218.735
1.81986, 221.276
1.82277, 222.558
1.82567, 225.144
1.82857, 226.448
1.83147, 226.448
1.83438, 226.448
1.83728, 226.448
1.84018, 225.144
1.84308, 225.144
1.84599, 223.847
1.84889, 223.847
1.85179, 223.847
1.85469, 223.847
1.8576, 222.558
1.8605, 222.558
1.8634, 222.558
1.8663, 222.558
1.86921, 222.558
1.87211, 225.144
1.87501, 226.448
1.87791, 230.407
1.88082, 235.792
1.88372, 237.158
1.88662, 233.084
1.88952, 226.448
1.89243, 223.847
1.89533, 222.558
1.89823, 222.558
1.90113, 222.558
1.90404, 225.144
1.90694, 255.652
1.90984, 248.374
1.91274, 258.623
1.91565, 263.144
1.91855, 266.201
1.92145, 266.201
1.92435, 266.201
1.92726, 264.668
1.93016, 263.144
1.93306, 258.623
1.93596, 260.121
1.93887, 263.144
1.94177, 266.201
1.94467, 266.201
1.94757, 266.201
1.95048, 266.201
1.95338, 264.668
1.95628, 260.121
1.95918, 254.18
1.96209, 263.144
1.96499, 264.668
1.96789, 266.201
1.97079, 267.743
1.9737, 267.743
1.9766, 267.743
1.9795, 266.201
1.9824, 260.121
1.98531, 260.121
1.98821, 264.668
1.99111, 266.201
1.99401, 267.743
1.99692, 267.743
1.99982, 266.201
2.00272, 263.144
2.00562, 260.121
2.00853, 257.133
2.01143, 261.628
2.01433, 264.668
2.01723, 267.743
2.02014, 267.743
2.02304, 266.201
2.02594, 266.201
2.02884, 263.144
2.03175, 260.121
2.03465, 260.121
2.03755, 227.76
2.04045, 225.144
2.04336, 223.847
2.04626, 223.847
2.04916, 225.144
2.05206, 0
2.05497, 165.77
2.05787, 165.77
2.06077, 168.667
2.06367, 169.644
2.06658, 170.627
2.06948, 170.627
2.07238, 171.616
2.07528, 171.616
2.07819, 171.616
2.08109, 170.627
2.08399, 170.627
2.08689, 169.644
2.0898, 168.667
2.0927, 168.667
2.0956, 168.667
2.0985, 168.667
2.10141, 167.696
2.10431, 167.696
2.10721, 166.73
2.11011, 166.73
2.11302, 166.73
2.11592, 167.696
2.11882, 167.696
2.12172, 167.696
2.12463, 166.73
2.12753, 166.73
2.13043, 167.696
2.13333, 168.667
2.13624, 168.667
2.13914, 168.667
2.14204, 167.696
2.14494, 167.696
2.14785, 167.696
2.15075, 167.696
2.15365, 167.696
2.15655, 167.696
2.15946, 166.73
2.16236, 166.73
2.16526, 166.73
2.16816, 167.696
2.17107, 166.73
2.17397, 166.73
2.17687, 166.73
2.17977, 166.73
2.18268, 167.696
2.18558, 168.667
2.18848, 168.667
2.19138, 168.667
2.19429, 167.696
2.19719, 167.696
2.20009, 167.696
2.20299, 166.73
2.2059, 166.73
2.2088, 167.696
2.2117, 167.696
2.2146, 167.696
2.21751, 168.667
2.22041, 168.667
2.22331, 169.644
2.22621, 168.667
2.22912, 168.667
2.23202, 167.696
2.23492, 167.696
2.23782, 167.696
2.24073, 167.696
2.24363, 167.696
2.24653, 166.73
2.24943, 166.73
2.25234, 167.696
2.25524, 167.696
2.25814, 168.667
2.26104, 167.696
2.26395, 167.696
2.26685, 166.73
2.26975, 166.73
2.27265, 166.73
2.27556, 166.73
2.27846, 166.73
2.28136, 167.696
2.28426, 167.696
2.28717, 167.696
2.29007, 167.696
2.29297, 168.667
2.29587, 168.667
2.29878, 168.667
2.30168, 167.696
2.30458, 166.73
2.30748, 163.866
2.31039, 160.123
2.31329, 160.123
2.31619, 161.983
2.31909, 210.067
2.322, 214.977
2.3249, 218.735
2.3278, 220.002
2.3307, 221.276
2.33361, 223.847
2.33651, 225.144
2.33941, 225.144
2.34231, 225.144
2.34522, 225.144
2.34812, 225.144
2.35102, 223.847
2.35392, 223.847
2.35683, 223.847
2.35973, 225.144
2.36263, 226.448
2.36553, 226.448
2.36844, 226.448
2.37134, 226.448
2.37424, 225.144
2.37714, 225.144
2.38005, 225.144
2.38295, 225.144
2.38585, 225.144
2.38875, 225.144
2.39166, 225.144
2.39456, 225.144
2.39746, 225.144
2.40036, 225.144
2.40327, 223.847
2.40617, 223.847
2.40907, 223.847
2.41197, 223.847
2.41488, 223.847
2.41778, 225.144
2.42068, 225.144
2.42358, 226.448
2.42649, 226.448
2.42939, 226.448
2.43229, 226.448
2.43519, 225.144
2.4381, 223.847
2.441, 222.558
2.4439, 222.558
2.4468, 223.847
2.44971, 225.144
2.45261, 225.144
2.45551, 225.144
2.45841, 225.144
2.46132, 223.847
2.46422, 223.847
2.46712, 223.847
2.47002, 223.847
2.47293, 225.144
2.47583, 225.144
2.47873, 225.144
2.48163, 225.144
2.48454, 223.847
2.48744, 223.847
2.49034, 222.558
2.49324, 222.558
2.49615, 222.558
2.49905, 222.558
2.50195, 222.558
2.50485, 223.847
2.50776, 223.847
2.51066, 223.847
2.51356, 223.847
2.51646, 223.847
2.51937, 225.144
2.52227, 226.448
2.52517, 226.448
2.52807, 226.448
2.53098, 223.847
2.53388, 223.847
2.53678, 223.847
2.53968, 223.847
2.54259, 223.847
2.54549, 225.144
2.54839, 226.448
2.55129, 226.448
2.55419, 225.144
2.5571, 223.847
2.56, 223.847
2.5629, 223.847
2.5658, 223.847
2.56871, 225.144
2.57161, 226.448
2.57451, 227.76
2.57741, 226.448
2.58032, 226.448
2.58322, 225.144
2.58612, 223.847
2.58903, 223.847
2.59193, 225.144
2.59483, 226.448
2.59773, 230.407
2.60063, 237.158
2.60354, 239.914
2.60644, 0
2.60934, 0
2.61224, 0
2.61515, 0
2.61805, 0
2.62095, 0
2.62385, 0
2.62676, 0
2.62966, 0
2.63256, 0
2.63546, 0
2.63837, 0
2.64127, 0
2.64417, 0
2.64707, 0
2.64998, 0
2.65288, 0
2.65578, 0
2.65868, 0
2.66159, 0
2.66449, 0
2.66739, 0
2.67029, 0
2.6732, 0
2.6761, 0
2.679, 0
2.6819, 0
2.68481, 0
2.68771, 0
2.69061, 0
2.69351, 0
2.69642, 0
2.69932, 0
2.70222, 0
2.70512, 0
2.70803, 0
2.71093, 0
2.71383, 0
2.71673, 0
2.71964, 0
2.72254, 0
2.72544, 0
2.72834, 0
2.73125, 0
2.73415, 0
2.73705, 0
2.73995, 0
2.74286, 0
2.74576, 0
2.74866, 0
2.75156, 0
2.75447, 0
2.75737, 0
2.76027, 0
2.76317, 0
2.76608, 0
2.76898, 0
2.77188, 0
2.77478, 0
2.77769, 0
2.78059, 0
2.78349, 0
2.78639, 0
2.7893, 0
2.7922, 0
2.7951, 0
2.798, 0
2.80091, 0
2.80381, 0
2.80671, 0
2.80961, 0
2.81252, 0
2.81542, 0
2.81832, 0
2.82122, 0
2.82413, 0
2.82703, 0
2.82993, 0
2.83283, 0
2.83574, 0
2.83864, 0
2.84154, 0
2.84444, 0
2.84735, 0
2.85025, 0
2.85315, 0
2.85605, 174.615
2.85896, 174.615
2.86186, 174.615
2.86476, 173.61
2.86766, 173.61
2.87057, 172.61
2.87347, 171.616
2.87637, 171.616
2.87927, 171.616
2.88218, 170.627
2.88508, 169.644
2.88798, 169.644
2.89088, 168.667
2.89379, 168.667
2.89669, 167.696
2.89959, 166.73
2.90249, 166.73
2.9054, 167.696
2.9083, 167.696
2.9112, 167.696
2.9141, 167.696
2.91701, 167.696
2.91991, 167.696
2.92281, 167.696
2.92571, 167.696
2.92862, 167.696
2.93152, 167.696
2.93442, 167.696
2.93732, 167.696
2.94023, 167.696
2.94313, 168.667
2.94603, 168.667
2.94893, 169.644
2.95184, 169.644
2.95474, 168.667
2.95764, 168.667
2.96054, 167.696
2.96345, 167.696
2.96635, 167.696
2.96925, 166.73
2.97215, 166.73
2.97506, 166.73
2.97796, 167.696
2.98086, 167.696
2.98376, 167.696
2.98667, 168.667
2.98957, 168.667
2.99247, 168.667
2.99537, 168.667
2.99828, 168.667
3.00118, 169.644
3.00408, 170.627
3.00698, 169.644
3.00989, 169.644
3.01279, 168.667
3.01569, 167.696
3.01859, 167.696
3.0215, 167.696
3.0244, 167.696
3.0273, 167.696
3.0302, 167.696
3.03311, 168.667
3.03601, 168.667
3.03891, 168.667
3.04181, 168.667
3.04472, 168.667
3.04762, 168.667
3.05052, 167.696
3.05342, 167.696
3.05633, 167.696
3.05923, 167.696
3.06213, 167.696
3.06503, 166.73
3.06794, 167.696
3.07084, 167.696
3.07374, 167.696
3.07664, 167.696
3.07955, 167.696
3.08245, 167.696
3.08535, 167.696
3.08825, 167.696
3.09116, 167.696
3.09406, 167.696
3.09696, 166.73
3.09986, 165.77
3.10277, 164.815
3.10567, 166.73
3.10857, 168.667
3.11147, 171.616
3.11438, 213.739
3.11728, 217.475
3.12018, 220.002
3.12308, 221.276
3.12599, 222.558
3.12889, 223.847
3.13179, 225.144
3.13469, 225.144
3.1376, 226.448
3.1405, 226.448
3.1434, 225.144
3.1463, 223.847
3.14921, 223.847
3.15211, 223.847
3.15501, 223.847
3.15791, 223.847
3.16082, 225.144
3.16372, 225.144
3.16662, 225.144
3.16952, 225.144
3.17243, 225.144
3.17533, 225.144
3.17823, 225.144
3.18113, 225.144
3.18404, 225.144
3.18694, 225.144
3.18984, 225.144
3.19274, 225.144
3.19565, 225.144
3.19855, 223.847
3.20145, 223.847
3.20435, 223.847
3.20726, 223.847
3.21016, 223.847
3.21306, 223.847
3.21596, 225.144
3.21887, 226.448
3.22177, 226.448
3.22467, 225.144
3.22757, 225.144
3.23048, 222.558
3.23338, 222.558
3.23628, 222.558
3.23918, 222.558
3.24209, 222.558
3.24499, 223.847
3.24789, 223.847
3.25079, 223.847
3.2537, 223.847
3.2566, 222.558
3.2595, 222.558
3.2624, 223.847
3.26531, 223.847
3.26821, 223.847
3.27111, 225.144
3.27401, 226.448
3.27692, 227.76
3.27982, 226.448
3.28272, 226.448
3.28562, 225.144
3.28853, 225.144
3.29143, 223.847
3.29433, 223.847
3.29723, 222.558
3.30014, 222.558
3.30304, 221.276
3.30594, 221.276
3.30884, 220.002
3.31175, 218.735
3.31465, 217.475
3.31755, 214.977
3.32045, 214.977
3.32336, 213.739
3.32626, 213.739
3.32916, 212.508
3.33206, 211.284
3.33497, 210.067
3.33787, 208.857
3.34077, 207.654
3.34367, 206.458
3.34658, 205.269
3.34948, 205.269
3.35238, 204.087
3.35528, 202.911
3.35819, 201.742
3.36109, 201.742
3.36399, 201.742
3.36689, 200.58
3.3698, 200.58
3.3727, 199.425
3.3756, 199.425
3.3785, 199.425
3.38141, 199.425
3.38431, 199.425
3.38721, 200.58
3.39011, 200.58
3.39302, 201.742
3.39592, 201.742
3.39882, 204.087
3.40172, 204.087
3.40463, 207.654
3.40753, 207.654
3.41043, 206.458
3.41333, 206.458
3.41624, 205.269
3.41914, 204.087
3.42204, 201.742
3.42494, 199.425
3.42785, 198.277
3.43075, 198.277
3.43365, 198.277
3.43655, 198.277
3.43946, 198.277
3.44236, 198.277
3.44526, 198.277
3.44816, 198.277
3.45107, 199.425
3.45397, 199.425
3.45687, 200.58
3.45977, 200.58
3.46268, 200.58
3.46558, 200.58
3.46848, 199.425
3.47138, 198.277
3.47429, 199.425
3.47719, 198.277
3.48009, 199.425
3.48299, 200.58
3.4859, 201.742
3.4888, 204.087
3.4917, 205.269
3.4946, 206.458
3.49751, 206.458
3.50041, 204.087
3.50331, 200.58
3.50621, 199.425
3.50912, 198.277
3.51202, 198.277
3.51492, 199.425
3.51782, 200.58
3.52073, 202.911
3.52363, 204.087
3.52653, 202.911
3.52943, 202.911
3.53234, 201.742
3.53524, 199.425
3.53814, 198.277
3.54104, 198.277
3.54395, 198.277
3.54685, 199.425
3.54975, 200.58
3.55265, 201.742
3.55556, 200.58
3.55846, 199.425
3.56136, 198.277
3.56426, 198.277
3.56717, 199.425
3.57007, 200.58
3.57297, 201.742
3.57587, 202.911
3.57878, 204.087
3.58168, 200.58
3.58458, 201.742
3.58748, 201.742
3.59039, 200.58
3.59329, 200.58
3.59619, 0
3.59909, 0
3.602, 0
3.6049, 0
3.6078, 0
3.6107, 0
3.61361, 0
3.61651, 0
3.61941, 0
3.62231, 0
3.62522, 0
3.62812, 0
3.63102, 0
3.63392, 0
3.63683, 0
3.63973, 0
3.64263, 0
3.64553, 0
3.64844, 0
3.65134, 0
3.65424, 0
3.65714, 0
3.66005, 0
3.66295, 0
3.66585, 0
3.66875, 0
3.67166, 0
3.67456, 152.892
3.67746, 152.011
3.68036, 151.136
3.68327, 151.136
3.68617, 150.265
3.68907, 150.265
3.69197, 149.4
3.69488, 149.4
3.69778, 149.4
3.70068, 149.4
3.70358, 149.4
3.70649, 149.4
3.70939, 149.4
3.71229, 149.4
3.71519, 150.265
3.7181, 149.4
3.721, 149.4
3.7239, 149.4
3.7268, 149.4
3.72971, 149.4
3.73261, 149.4
3.73551, 149.4
3.73841, 149.4
3.74132, 149.4
3.74422, 149.4
3.74712, 149.4
3.75002, 149.4
3.75293, 149.4
3.75583, 149.4
3.75873, 149.4
3.76163, 149.4
3.76454, 149.4
3.76744, 149.4
3.77034, 149.4
3.77324, 149.4
3.77615, 149.4
3.77905, 149.4
3.78195, 149.4
3.78485, 149.4
3.78776, 149.4
3.79066, 149.4
3.79356, 148.539
3.79646, 148.539
3.79937, 148.539
3.80227, 149.4
3.80517, 149.4
3.80807, 150.265
3.81098, 149.4
3.81388, 149.4
3.81678, 148.539
3.81968, 148.539
3.82259, 148.539
3.82549, 148.539
3.82839, 149.4
3.83129, 149.4
3.83419, 151.136
3.8371, 151.136
3.84, 151.136
3.8429, 150.265
3.8458, 150.265
3.84871, 149.4
3.85161, 149.4
3.85451, 149.4
3.85741, 148.539
3.86032, 149.4
3.86322, 149.4
3.86612, 150.265
3.86902, 150.265
3.87193, 150.265
3.87483, 150.265
3.87773, 150.265
3.88064, 150.265
3.88354, 150.265
3.88644, 149.4
3.88934, 149.4
3.89224, 149.4
3.89515, 149.4
3.89805, 148.539
3.90095, 149.4
3.90385, 149.4
3.90676, 150.265
3.90966, 194.87
3.91256, 193.748
3.91546, 194.87
3.91837, 194.87
3.92127, 197.135
3.92417, 198.277
3.92707, 198.277
3.92998, 198.277
3.93288, 198.277
3.93578, 198.277
3.93868, 199.425
3.94159, 198.277
3.94449, 199.425
3.94739, 199.425
3.95029, 200.58
3.9532, 200.58
3.9561, 200.58
3.959, 200.58
3.9619, 200.58
3.96481, 200.58
3.96771, 200.58
3.97061, 200.58
3.97351, 201.742
3.97642, 201.742
3.97932, 200.58
3.98222, 201.742
3.98512, 201.742
3.98803, 201.742
3.99093, 201.742
3.99383, 201.742
3.99673, 201.742
3.99964, 201.742
4.00254, 200.58
4.00544, 200.58
4.00834, 199.425
4.01125, 199.425
4.01415, 198.277
4.01705, 198.277
4.01995, 199.425
4.02286, 200.58
4.02576, 200.58
4.02866, 201.742
4.03156, 201.742
4.03447, 201.742
4.03737, 201.742
4.04027, 200.58
4.04317, 200.58
4.04608, 199.425
4.04898, 198.277
4.05188, 198.277
4.05478, 199.425
4.05769, 199.425
4.06059, 200.58
4.06349, 200.58
4.06639, 200.58
4.0693, 200.58
4.0722, 200.58
4.0751, 200.58
4.078, 200.58
4.08091, 200.58
4.08381, 200.58
4.08671, 200.58
4.08961, 199.425
4.09252, 199.425
4.09542, 200.58
4.09832, 200.58
4.10122, 198.277
4.10413, 197.135
4.10703, 198.277
4.10993, 198.277
4.11283, 198.277
4.11574, 198.277
4.11864, 198.277
4.12154, 198.277
4.12444, 198.277
4.12735, 199.425
4.13025, 199.425
4.13315, 199.425
4.13605, 200.58
4.13896, 200.58
4.14186, 200.58
4.14476, 200.58
4.14766, 200.58
4.15057, 200.58
4.15347, 200.58
4.15637, 200.58
4.15927, 200.58
4.16218, 200.58
4.16508, 201.742
4.16798, 200.58
4.17088, 199.425
4.17379, 199.425
4.17669, 198.277
4.17959, 198.277
4.18249, 198.277
4.1854, 198.277
4.1883, 199.425
4.1912, 200.58
4.1941, 200.58
4.19701, 200.58
4.19991, 200.58
4.20281, 199.425
4.20571, 200.58
4.20862, 200.58
4.21152, 200.58
4.21442, 200.58
4.21732, 200.58
4.22023, 200.58
4.22313, 200.58
4.22603, 199.425
4.22893, 199.425
4.23184, 199.425
4.23474, 199.425
4.23764, 200.58
4.24054, 200.58
4.24345, 200.58
4.24635, 200.58
4.24925, 201.742
4.25215, 201.742
4.25506, 201.742
4.25796, 201.742
4.26086, 201.742
4.26376, 201.742
4.26667, 201.742
4.26957, 200.58
4.27247, 200.58
4.27537, 200.58
4.27828, 201.742
4.28118, 202.911
4.28408, 202.911
4.28698, 202.911
4.28989, 202.911
4.29279, 201.742
4.29569, 200.58
4.29859, 199.425
4.3015, 199.425
4.3044, 199.425
4.3073, 200.58
4.3102, 202.911
4.31311, 205.269
4.31601, 204.087
4.31891, 201.742
4.32181, 198.277
4.32472, 197.135
4.32762, 197.135
4.33052, 195.999
4.33342, 0
4.33633, 0
4.33923, 0
4.34213, 0
4.34503, 0
4.34794, 0
4.35084, 0
4.35374, 0
4.35664, 0
4.35955, 0
4.36245, 0
4.36535, 0
4.36825, 0
4.37116, 0
4.37406, 0
4.37696, 0
4.37986, 0
4.38277, 0
4.38567, 0
4.38857, 0
4.39147, 0
4.39438, 0
4.39728, 0
4.40018, 0
4.40308, 0
4.40599, 0
4.40889, 0
4.41179, 0
4.41469, 0
4.4176, 0
4.4205, 0
4.4234, 0
4.4263, 0
4.42921, 0
4.43211, 0
4.43501, 0
4.43791, 0
4.44082, 0
4.44372, 0
4.44662, 0
4.44952, 0
4.45243, 0
4.45533, 0
4.45823, 0
4.46113, 0
4.46404, 0
4.46694, 0
4.46984, 0
4.47274, 0
4.47565, 0
4.47855, 0
4.48145, 153.778
4.48435, 152.011
4.48726, 151.136
4.49016, 151.136
4.49306, 150.265
4.49596, 150.265
4.49887, 149.4
4.50177, 150.265
4.50467, 150.265
4.50757, 150.265
4.51048, 150.265
4.51338, 150.265
4.51628, 150.265
4.51918, 149.4
4.52209, 149.4
4.52499, 149.4
4.52789, 149.4
4.53079, 149.4
4.5337, 150.265
4.5366, 150.265
4.5395, 150.265
4.5424, 150.265
4.54531, 149.4
4.54821, 149.4
4.55111, 149.4
4.55401, 149.4
4.55692, 149.4
4.55982, 149.4
4.56272, 151.136
4.56562, 151.136
4.56853, 151.136
4.57143, 151.136
4.57433, 150.265
4.57723, 149.4
4.58014, 148.539
4.58304, 148.539
4.58594, 148.539
4.58884, 148.539
4.59175, 149.4
4.59465, 149.4
4.59755, 151.136
4.60045, 150.265
4.60336, 150.265
4.60626, 149.4
4.60916, 149.4
4.61206, 149.4
4.61497, 150.265
4.61787, 150.265
4.62077, 150.265
4.62367, 149.4
4.62658, 148.539
4.62948, 148.539
4.63238, 149.4
4.63528, 149.4
4.63819, 149.4
4.64109, 150.265
4.64399, 152.011
4.64689, 152.011
4.6498, 151.136
4.6527, 150.265
4.6556, 150.265
4.6585, 149.4
4.66141, 149.4
4.66431, 150.265
4.66721, 150.265
4.67011, 150.265
4.67302, 150.265
4.67592, 149.4
4.67882, 149.4
4.68172, 149.4
4.68463, 148.539
4.68753, 149.4
4.69043, 149.4
4.69333, 149.4
4.69624, 149.4
4.69914, 150.265
4.70204, 150.265
4.70494, 150.265
4.70785, 150.265
4.71075, 149.4
4.71365, 148.539
4.71655, 147.684
4.71946, 147.684
4.72236, 147.684
4.72526, 151.136
4.72816, 183.933
4.73107, 184.999
4.73397, 188.232
4.73687, 194.87
4.73977, 195.999
4.74268, 197.135
4.74558, 195.999
4.74848, 197.135
4.75138, 198.277
4.75429, 198.277
4.75719, 199.425
4.76009, 200.58
4.76299, 200.58
4.7659, 200.58
4.7688, 200.58
4.7717, 200.58
4.7746, 200.58
4.77751, 200.58
4.78041, 200.58
4.78331, 201.742
4.78621, 201.742
4.78912, 201.742
4.79202, 201.742
4.79492, 201.742
4.79782, 200.58
4.80073, 200.58
4.80363, 200.58
4.80653, 200.58
4.80943, 200.58
4.81234, 201.742
4.81524, 200.58
4.81814, 200.58
4.82104, 200.58
4.82395, 200.58
4.82685, 200.58
4.82975, 201.742
4.83265, 201.742
4.83556, 202.911
4.83846, 202.911
4.84136, 202.911
4.84426, 201.742
4.84717, 199.425
4.85007, 197.135
4.85297, 197.135
4.85587, 197.135
4.85878, 197.135
4.86168, 199.425
4.86458, 199.425
4.86748, 200.58
4.87039, 200.58
4.87329, 199.425
4.87619, 198.277
4.87909, 197.135
4.882, 198.277
4.8849, 197.135
4.8878, 198.277
4.8907, 199.425
4.89361, 200.58
4.89651, 199.425
4.89941, 199.425
4.90231, 198.277
4.90522, 197.135
4.90812, 198.277
4.91102, 198.277
4.91392, 199.425
4.91683, 200.58
4.91973, 200.58
4.92263, 200.58
4.92553, 199.425
4.92844, 198.277
4.93134, 197.135
4.93424, 197.135
4.93714, 198.277
4.94005, 198.277
4.94295, 199.425
4.94585, 199.425
4.94875, 200.58
4.95166, 199.425
4.95456, 199.425
4.95746, 198.277
4.96036, 198.277
4.96327, 198.277
4.96617, 198.277
4.96907, 198.277
4.97197, 199.425
4.97488, 199.425
4.97778, 199.425
4.98068, 200.58
4.98358, 200.58
4.98649, 200.58
4.98939, 199.425
4.99229, 199.425
4.99519, 199.425
4.9981, 199.425
5.001, 199.425
5.0039, 200.58
5.0068, 199.425
5.00971, 200.58
5.01261, 200.58
5.01551, 200.58
5.01841, 200.58
5.02132, 200.58
5.02422, 200.58
5.02712, 201.742
5.03002, 201.742
5.03293, 201.742
5.03583, 201.742
5.03873, 200.58
5.04163, 198.277
5.04454, 197.135
5.04744, 0
5.05034, 0
5.05324, 0
5.05615, 0
5.05905, 0
5.06195, 0
5.06485, 0
5.06776, 0
5.07066, 0
5.07356, 0
5.07646, 0
5.07937, 0
5.08227, 0
5.08517, 0
5.08807, 0
5.09098, 0
5.09388, 0
5.09678, 0
5.09968, 0
5.10258, 0
5.10549, 0
5.10839, 0
5.11129, 0
5.11419, 0
5.1171, 0
5.12, 0
5.1229, 0
5.1258, 0
5.12871, 0
5.13161, 0
5.13451, 0
5.13741, 0
5.14032, 0
5.14322, 0
5.14612, 0
5.14902, 0
5.15193, 0
5.15483, 0
5.15773, 0
5.16063, 0
5.16354, 0
5.16644, 0
5.16934, 0
5.17225, 0
5.17515, 0
5.17805, 0
5.18095, 0
5.18386, 0
5.18676, 0
5.18966, 0
5.19256, 0
5.19547, 0
5.19837, 0
5.20127, 0
5.20417, 0
5.20707, 0
5.20998, 0
5.21288, 0
5.21578, 0
5.21868, 0
5.22159, 0
5.22449, 0
5.22739, 0
5.23029, 0
5.2332, 0
5.2361, 0
5.239, 0
5.2419, 0
5.24481, 0
5.24771, 0
5.25061, 0
5.25351, 0
5.25642, 0
5.25932, 0
5.26222, 0
5.26512, 0
5.26803, 0
5.27093, 0
5.27383, 0
5.27673, 0
5.27964, 0
5.28254, 0
5.28544, 0
5.28834, 0
5.29125, 0
5.29415, 0
5.29705, 0
5.29995, 0
5.30286, 0
5.30576, 0
5.30866, 0
5.31156, 0
5.31447, 0
5.31737, 0
5.32027, 0
5.32317, 0
5.32608, 0
5.32898, 0
5.33188, 0
5.33478, 0
5.33769, 227.76
5.34059, 230.407
5.34349, 233.084
5.34639, 237.158
5.3493, 238.532
5.3522, 239.914
5.3551, 239.914
5.358, 239.914
5.36091, 238.532
5.36381, 237.158
5.36671, 237.158
5.36961, 237.158
5.37252, 237.158
5.37542, 238.532
5.37832, 238.532
5.38122, 238.532
5.38413, 238.532
5.38703, 237.158
5.38993, 237.158
5.39283, 237.158
5.39574, 237.158
5.39864, 237.158
5.40154, 237.158
5.40444, 235.792
5.40735, 235.792
5.41025, 235.792
5.41315, 237.158
5.41605, 237.158
5.41896, 237.158
5.42186, 237.158
5.42476, 237.158
5.42766, 235.792
5.43057, 235.792
5.43347, 235.792
5.43637, 235.792
5.43927, 237.158
5.44218, 237.158
5.44508, 237.158
5.44798, 237.158
5.45088, 235.792
5.45379, 235.792
5.45669, 237.158
5.45959, 237.158
5.46249, 237.158
5.4654, 237.158
5.4683, 237.158
5.4712, 237.158
5.4741, 237.158
5.47701, 235.792
5.47991, 235.792
5.48281, 237.158
5.48571, 237.158
5.48862, 238.532
5.49152, 237.158
5.49442, 237.158
5.49732, 237.158
5.50023, 237.158
5.50313, 237.158
5.50603, 237.158
5.50893, 235.792
5.51184, 237.158
5.51474, 237.158
5.51764, 237.158
5.52054, 238.532
5.52345, 238.532
5.52635, 238.532
5.52925, 238.532
5.53215, 238.532
5.53506, 238.532
5.53796, 239.914
5.54086, 241.304
5.54376, 242.701
5.54667, 245.522
5.54957, 248.374
5.55247, 252.716
5.55537, 254.18
5.55828, 252.716
5.56118, 249.813
5.56408, 245.522
5.56698, 238.532
5.56989, 235.792
5.57279, 234.434
5.57569, 230.407
5.57859, 230.407
5.5815, 234.434
5.5844, 237.158
5.5873, 238.532
5.5902, 238.532
5.59311, 238.532
5.59601, 237.158
5.59891, 234.434
5.60181, 234.434
5.60472, 233.084
5.60762, 231.741
5.61052, 229.08
5.61342, 229.08
5.61633, 227.76
5.61923, 227.76
5.62213, 227.76
5.62503, 227.76
5.62794, 230.407
5.63084, 231.741
5.63374, 234.434
5.63664, 231.741
5.63955, 235.792
5.64245, 237.158
5.64535, 237.158
5.64825, 239.914
5.65116, 239.914
5.65406, 237.158
5.65696, 235.792
5.65986, 234.434
5.66277, 235.792
5.66567, 235.792
5.66857, 235.792
5.67147, 235.792
5.67438, 235.792
5.67728, 234.434
5.68018, 234.434
5.68308, 234.434
5.68599, 235.792
5.68889, 235.792
5.69179, 235.792
5.69469, 235.792
5.6976, 235.792
5.7005, 235.792
5.7034, 235.792
5.7063, 235.792
5.70921, 235.792
5.71211, 235.792
5.71501, 235.792
5.71791, 235.792
5.72082, 235.792
5.72372, 235.792
5.72662, 235.792
5.72952, 235.792
5.73243, 235.792
5.73533, 235.792
5.73823, 235.792
5.74113, 235.792
5.74404, 235.792
5.74694, 234.434
5.74984, 234.434
5.75274, 235.792
5.75565, 235.792
5.75855, 235.792
5.76145, 238.532
5.76435, 238.532
5.76726, 237.158
5.77016, 235.792
5.77306, 235.792
5.77596, 235.792
5.77887, 234.434
5.78177, 235.792
5.78467, 235.792
5.78757, 235.792
5.79048, 235.792
5.79338, 237.158
5.79628, 237.158
5.79918, 238.532
5.80209, 237.158
5.80499, 235.792
5.80789, 235.792
5.81079, 235.792
5.8137, 235.792
5.8166, 235.792
5.8195, 237.158
5.8224, 237.158
5.82531, 238.532
5.82821, 238.532
5.83111, 235.792
5.83401, 0
5.83692, 0
5.83982, 0
5.84272, 0
5.84562, 0
5.84853, 0
5.85143, 0
5.85433, 0
5.85723, 0
5.86014, 0
5.86304, 0
5.86594, 0
5.86884, 0
5.87175, 0
5.87465, 0
5.87755, 0
5.88045, 0
5.88336, 0
5.88626, 0
5.88916, 0
5.89206, 0
5.89497, 0
5.89787, 0
5.90077, 0
5.90367, 0
5.90658, 0
5.90948, 0
5.91238, 0
5.91528, 0
5.91819, 0
5.92109, 0
5.92399, 0
5.92689, 0
5.9298, 0
5.9327, 0
5.9356, 0
5.9385, 0
5.94141, 0
5.94431, 0
5.94721, 0
5.95011, 0
5.95302, 0
5.95592, 0
5.95882, 0
5.96172, 0
5.96463, 0
5.96753, 0
5.97043, 0
5.97333, 0
5.97624, 0
5.97914, 0
5.98204, 0
5.98494, 0
5.98785, 0
5.99075, 0
5.99365, 0
5.99655, 0
5.99946, 0
6.00236, 0
6.00526, 0
6.00816, 0
6.01107, 0
6.01397, 0
6.01687, 0
6.01977, 0
6.02268, 0
6.02558, 0
6.02848, 0
6.03138, 0
6.03429, 0
6.03719, 0
6.04009, 0
6.04299, 0
6.0459, 0
6.0488, 0
6.0517, 0
6.0546, 0
6.05751, 0
6.06041, 0
6.06331, 0
6.06621, 0
6.06912, 0
6.07202, 0
6.07492, 0
6.07782, 0
6.08073, 0
6.08363, 0
6.08653, 0
6.08943, 0
6.09234, 0
6.09524, 0
6.09814, 0
6.10104, 0
6.10395, 0
6.10685, 0
6.10975, 0
6.11265, 0
6.11556, 0
6.11846, 0
6.12136, 0
6.12426, 0
6.12717, 0
6.13007, 0
6.13297, 0
6.13587, 0
6.13878, 0
6.14168, 0
6.14458, 0
6.14748, 0
6.15039, 0
6.15329, 0
6.15619, 0
6.15909, 0
6.162, 0
6.1649, 0
6.1678, 0
6.1707, 0
6.17361, 0
6.17651, 0
6.17941, 0
6.18231, 0
6.18522, 0
6.18812, 0
6.19102, 0
6.19392, 0
6.19683, 0
6.19973, 0
6.20263, 0
6.20553, 0
6.20844, 0
6.21134, 0
6.21424, 0
6.21714, 0
6.22005, 0
6.22295, 0
6.22585, 0
6.22875, 230.407
6.23166, 234.434
6.23456, 237.158
6.23746, 239.914
6.24036, 241.304
6.24327, 239.914
6.24617, 237.158
6.24907, 235.792
6.25197, 235.792
6.25488, 237.158
6.25778, 238.532
6.26068, 237.158
6.26358, 238.532
6.26649, 237.158
6.26939, 235.792
6.27229, 235.792
6.27519, 235.792
6.2781, 237.158
6.281, 235.792
6.2839, 238.532
6.2868, 238.532
6.28971, 238.532
6.29261, 235.792
6.29551, 235.792
6.29841, 235.792
6.30132, 235.792
6.30422, 237.158
6.30712, 237.158
6.31002, 237.158
6.31293, 235.792
6.31583, 235.792
6.31873, 235.792
6.32163, 235.792
6.32454, 235.792
6.32744, 237.158
6.33034, 237.158
6.33324, 237.158
6.33614, 237.158
6.33905, 237.158
6.34195, 237.158
6.34485, 237.158
6.34775, 238.532
6.35066, 238.532
6.35356, 238.532
6.35646, 237.158
6.35936, 237.158
6.36227, 235.792
6.36517, 235.792
6.36807, 235.792
6.37098, 235.792
6.37388, 235.792
6.37678, 235.792
6.37968, 235.792
6.38259, 235.792
6.38549, 237.158
6.38839, 0
6.39129, 0
6.3942, 0
6.3971, 0
6.4, 0
6.4029, 0
6.40581, 0
6.40871, 0
6.41161, 0
6.41451, 0
6.41742, 0
6.42032, 0
6.42322, 0
6.42612, 0
6.42903, 0
6.43193, 0
6.43483, 0
6.43773, 0
6.44063, 0
6.44354, 0
6.44644, 0
6.44934, 0
6.45224, 0
6.45515, 0
6.45805, 0
6.46095, 0
6.46385, 0
6.46676, 0
6.46966, 0
6.47256, 0
6.47546, 0
6.47837, 0
6.48127, 0
6.48417, 0
6.48707, 235.792
6.48998, 233.084
6.49288, 231.741
6.49578, 233.084
6.49868, 233.084
6.50159, 234.434
6.50449, 237.158
6.50739, 238.532
6.51029, 238.532
6.5132, 239.914
6.5161, 238.532
6.519, 237.158
6.5219, 235.792
6.52481, 235.792
6.52771, 237.158
6.53061, 237.158
6.53351, 238.532
6.53642, 238.532
6.53932, 238.532
6.54222, 237.158
6.54512, 237.158
6.54803, 237.158
6.55093, 237.158
6.55383, 237.158
6.55673, 237.158
6.55964, 237.158
6.56254, 237.158
6.56544, 237.158
6.56834, 235.792
6.57125, 235.792
6.57415, 235.792
6.57705, 237.158
6.57995, 237.158
6.58286, 237.158
6.58576, 237.158
6.58866, 237.158
6.59156, 237.158
6.59447, 237.158
6.59737, 237.158
6.60027, 237.158
6.60317, 237.158
6.60608, 237.158
6.60898, 237.158
6.61188, 237.158
6.61478, 235.792
6.61769, 237.158
6.62059, 237.158
6.62349, 237.158
6.62639, 237.158
6.6293, 237.158
6.6322, 237.158
6.6351, 237.158
6.638, 235.792
6.64091, 237.158
6.64381, 237.158
6.64671, 237.158
6.64961, 238.532
6.65252, 238.532
6.65542, 239.914
6.65832, 241.304
6.66122, 242.701
6.66413, 244.107
6.66703, 246.944
6.66993, 248.374
6.67283, 249.813
6.67574, 249.813
6.67864, 248.374
6.68154, 246.944
6.68444, 245.522
6.68735, 246.944
6.69025, 246.944
6.69315, 248.374
6.69605, 249.813
6.69896, 251.26
6.70186, 254.18
6.70476, 254.18
6.70766, 254.18
6.71057, 251.26
6.71347, 248.374
6.71637, 246.944
6.71927, 246.944
6.72218, 248.374
6.72508, 252.716
6.72798, 251.26
6.73088, 254.18
6.73379, 258.623
6.73669, 258.623
6.73959, 258.623
6.74249, 260.121
6.7454, 255.652
6.7483, 252.716
6.7512, 252.716
6.7541, 251.26
6.75701, 249.813
6.75991, 255.652
6.76281, 251.26
6.76571, 249.813
6.76862, 249.813
6.77152, 249.813
6.77442, 248.374
6.77732, 249.813
6.78023, 251.26
6.78313, 252.716
6.78603, 254.18
6.78893, 254.18
6.79184, 254.18
6.79474, 252.716
6.79764, 251.26
6.80054, 251.26
6.80345, 249.813
6.80635, 249.813
6.80925, 251.26
6.81215, 252.716
6.81506, 254.18
6.81796, 254.18
6.82086, 254.18
6.82376, 254.18
6.82667, 252.716
6.82957, 251.26
6.83247, 251.26
6.83537, 249.813
6.83828, 249.813
6.84118, 248.374
6.84408, 248.374
6.84698, 248.374
6.84989, 246.944
6.85279, 245.522
6.85569, 244.107
6.85859, 244.107
6.8615, 245.522
6.8644, 246.944
6.8673, 248.374
6.8702, 249.813
6.87311, 249.813
6.87601, 251.26
6.87891, 251.26
6.88181, 251.26
6.88472, 251.26
6.88762, 249.813
6.89052, 249.813
6.89342, 249.813
6.89633, 249.813
6.89923, 249.813
6.90213, 251.26
6.90503, 251.26
6.90794, 252.716
6.91084, 252.716
6.91374, 252.716
6.91664, 252.716
6.91955, 252.716
6.92245, 251.26
6.92535, 251.26
6.92825, 249.813
6.93116, 249.813
6.93406, 251.26
6.93696, 251.26
6.93986, 251.26
6.94277, 251.26
6.94567, 252.716
6.94857, 251.26
6.95147, 251.26
6.95438, 251.26
6.95728, 249.813
6.96018, 249.813
6.96308, 249.813
6.96599, 249.813
6.96889, 251.26
6.97179, 251.26
6.97469, 252.716
6.9776, 252.716
6.9805, 252.716
6.9834, 252.716
6.9863, 251.26
6.98921, 251.26
6.99211, 251.26
6.99501, 249.813
6.99791, 249.813
7.00082, 251.26
7.00372, 251.26
7.00662, 251.26
7.00952, 251.26
7.01243, 252.716
7.01533, 252.716
7.01823, 251.26
7.02113, 249.813
7.02404, 249.813
7.02694, 248.374
7.02984, 249.813
7.03274, 249.813
7.03565, 251.26
7.03855, 252.716
7.04145, 252.716
7.04435, 252.716
7.04726, 251.26
7.05016, 251.26
7.05306, 251.26
7.05596, 251.26
7.05887, 251.26
7.06177, 251.26
7.06467, 251.26
7.06757, 252.716
7.07048, 252.716
7.07338, 252.716
7.07628, 252.716
7.07918, 252.716
7.08209, 252.716
7.08499, 251.26
7.08789, 249.813
7.09079, 249.813
7.0937, 249.813
7.0966, 249.813
7.0995, 249.813
7.1024, 251.26
7.10531, 252.716
7.10821, 252.716
7.11111, 252.716
7.11401, 251.26
7.11692, 0
7.11982, 0
7.12272, 0
7.12562, 0
7.12853, 0
7.13143, 0
7.13433, 0
7.13723, 0
7.14014, 0
7.14304, 0
7.14594, 0
7.14884, 0
7.15175, 0
7.15465, 0
7.15755, 0
7.16045, 0
7.16336, 0
7.16626, 0
7.16916, 0
7.17206, 0
7.17497, 0
7.17787, 0
7.18077, 0
7.18367, 0
7.18658, 0
7.18948, 0
7.19238, 0
7.19528, 0
7.19819, 0
7.20109, 0
7.20399, 0
7.20689, 0
7.2098, 0
7.2127, 0
7.2156, 0
7.2185, 0
7.22141, 0
7.22431, 0
7.22721, 0
7.23011, 0
7.23302, 0
7.23592, 0
7.23882, 0
7.24172, 0
7.24463, 0
7.24753, 0
7.25043, 0
7.25333, 0
7.25624, 0
7.25914, 0
7.26204, 0
7.26494, 0
7.26785, 0
7.27075, 0
7.27365, 0
7.27655, 0
7.27946, 0
7.28236, 0
7.28526, 0
7.28816, 0
7.29107, 0
7.29397, 0
7.29687, 0
7.29977, 0
7.30268, 0
7.30558, 0
7.30848, 0
7.31138, 0
7.31429, 0
7.31719, 0
7.32009, 0
7.32299, 0
7.3259, 0
7.3288, 0
7.3317, 0
7.3346, 0
7.33751, 0
7.34041, 0
7.34331, 0
7.34621, 0
7.34912, 0
7.35202, 0
7.35492, 0
7.35782, 0
7.36073, 0
7.36363, 0
7.36653, 0
7.36943, 0
7.37234, 0
7.37524, 0
7.37814, 0
7.38104, 251.26
7.38395, 251.26
7.38685, 251.26
7.38975, 251.26
7.39265, 251.26
7.39556, 251.26
7.39846, 249.813
7.40136, 248.374
7.40426, 248.374
7.40717, 246.944
7.41007, 246.944
7.41297, 245.522
7.41587, 246.944
7.41878, 257.133
7.42168, 264.668
7.42458, 270.854
7.42748, 277.185
7.43039, 280.406
7.43329, 282.03
7.43619, 282.03
7.43909, 283.664
7.442, 282.03
7.4449, 282.03
7.4478, 280.406
7.4507, 282.03
7.45361, 282.03
7.45651, 280.406
7.45941, 282.03
7.46231, 285.307
7.46522, 285.307
7.46812, 285.307
7.47102, 285.307
7.47392, 285.307
7.47683, 283.664
7.47973, 282.03
7.48263, 278.791
7.48553, 278.791
7.48844, 280.406
7.49134, 282.03
7.49424, 285.307
7.49714, 285.307
7.50005, 285.307
7.50295, 285.307
7.50585, 285.307
7.50875, 282.03
7.51166, 277.185
7.51456, 275.589
7.51746, 275.589
7.52036, 278.791
7.52327, 283.664
7.52617, 285.307
7.52907, 286.96
7.53197, 286.96
7.53488, 286.96
7.53778, 285.307
7.54068, 282.03
7.54358, 288.623
7.54649, 288.623
7.54939, 297.08
7.55229, 298.801
7.55519, 300.532
7.5581, 300.532
7.561, 300.532
7.5639, 298.801
7.5668, 298.801
7.56971, 298.801
7.57261, 298.801
7.57551, 298.801
7.57841, 298.801
7.58132, 297.08
7.58422, 298.801
7.58712, 298.801
7.59002, 298.801
7.59293, 298.801
7.59583, 298.801
7.59873, 300.532
7.60163, 300.532
7.60454, 302.273
7.60744, 305.785
7.61034, 309.338
7.61324, 316.569
7.61615, 329.631
7.61905, 333.461
7.62195, 337.336
7.62485, 337.336
7.62776, 339.29
7.63066, 339.29
7.63356, 337.336
7.63646, 337.336
7.63937, 337.336
7.64227, 337.336
7.64517, 337.336
7.64807, 337.336
7.65098, 339.29
7.65388, 339.29
7.65678, 339.29
7.65968, 339.29
7.66259, 339.29
7.66549, 337.336
7.66839, 339.29
7.67129, 337.336
7.67419, 339.29
7.6771, 339.29
7.68, 339.29
7.6829, 341.256
7.6858, 341.256
7.68871, 337.336
7.69161, 337.336
7.69451, 335.393
7.69741, 335.393
7.70032, 0
7.70322, 0
7.70612, 0
7.70902, 0
7.71193, 0
7.71483, 0
7.71773, 0
7.72063, 0
7.72354, 0
7.72644, 0
7.72934, 0
7.73224, 0
7.73515, 0
7.73805, 0
7.74095, 0
7.74385, 0
7.74676, 0
7.74966, 0
7.75256, 0
7.75547, 0
7.75837, 0
7.76127, 0
7.76417, 0
7.76708, 0
7.76998, 0
7.77288, 0
7.77578, 0
7.77868, 0
7.78159, 0
7.78449, 0
7.78739, 0
7.79029, 0
7.7932, 0
7.7961, 0
7.799, 0
7.8019, 0
7.80481, 0
7.80771, 0
7.81061, 0
7.81351, 0
7.81642, 0
7.81932, 0
7.82222, 0
7.82512, 0
7.82803, 0
7.83093, 0
7.83383, 0
7.83673, 0
7.83964, 0
7.84254, 0
7.84544, 0
7.84834, 0
7.85125, 0
7.85415, 0
7.85705, 0
7.85995, 0
7.86286, 0
7.86576, 0
7.86866, 0
7.87156, 0
7.87447, 0
7.87737, 0
7.88027, 0
7.88317, 0
7.88608, 0
7.88898, 0
7.89188, 0
7.89478, 0
7.89769, 0
7.90059, 0
7.90349, 0
7.90639, 0
7.9093, 0
7.9122, 0
7.9151, 0
7.918, 0
7.92091, 0
7.92381, 0
7.92671, 0
7.92961, 0
7.93252, 0
7.93542, 0
7.93832, 0
7.94122, 0
7.94413, 0
7.94703, 0
7.94993, 0
7.95283, 0
7.95574, 0
7.95864, 0
7.96154, 0
7.96444, 0
7.96735, 0
7.97025, 0
7.97315, 0
7.97605, 0
7.97896, 0
7.98186, 0
7.98476, 0
7.98766, 0
7.99057, 0
7.99347, 0
7.99637, 0
7.99927, 0
8.00218, 0
8.00508, 0
8.00798, 0
8.01088, 0
8.01379, 0
8.01669, 0
8.01959, 0
8.02249, 0
8.0254, 0
8.0283, 0
8.0312, 0
8.0341, 0
8.03701, 0
8.03991, 0
8.04281, 0
8.04571, 0
8.04862, 0
8.05152, 0
8.05442, 0
8.05732, 0
8.06023, 0
8.06313, 0
8.06603, 0
8.06893, 0
8.07184, 0
8.07474, 0
8.07764, 0
8.08054, 0
8.08345, 0
8.08635, 0
8.08925, 0
8.09215, 0
8.09506, 0
8.09796, 0
8.10086, 0
8.10376, 0
8.10667, 0
8.10957, 0
8.11247, 0
8.11537, 0
8.11828, 0
8.12118, 0
8.12408, 0
8.12698, 0
8.12989, 0
8.13279, 0
8.13569, 0
8.13859, 0
8.1415, 0
8.1444, 0
8.1473, 0
8.1502, 0
8.15311, 0
8.15601, 0
8.15891, 0
8.16181, 0
8.16472, 0
8.16762, 0
8.17052, 0
8.17342, 0
8.17633, 0
8.17923, 0
8.18213, 0
8.18503, 0
8.18794, 0
8.19084, 0
8.19374, 0
8.19664, 0
8.19955, 0
8.20245, 0
8.20535, 0
8.20825, 0
8.21116, 0
8.21406, 0
8.21696, 0
8.21986, 0
8.22277, 0
8.22567, 0
8.22857, 0
8.23147, 0
8.23438, 0
8.23728, 0
8.24018, 0
8.24308, 0
8.24599, 0
8.24889, 0
8.25179, 0
8.25469, 0
8.2576, 0
8.2605, 0
8.2634, 0
8.2663, 0
8.26921, 0
8.27211, 0
8.27501, 0
8.27791, 0
8.28082, 0
8.28372, 0
8.28662, 0
8.28952, 0
8.29243, 0
8.29533, 0
8.29823, 0
8.30113, 0
8.30404, 0
8.30694, 0
8.30984, 0
8.31274, 0
8.31565, 0
8.31855, 0
8.32145, 0
8.32435, 0
8.32726, 0
8.33016, 0
8.33306, 0
8.33596, 0
8.33887, 0
8.34177, 0
8.34467, 0
8.34757, 0
8.35048, 0
8.35338, 0
8.35628, 222.558
8.35918, 225.144
8.36209, 225.144
8.36499, 225.144
8.36789, 225.144
8.37079, 223.847
8.3737, 223.847
8.3766, 223.847
8.3795, 223.847
8.3824, 223.847
8.38531, 222.558
8.38821, 223.847
8.39111, 223.847
8.39401, 225.144
8.39692, 225.144
8.39982, 225.144
8.40272, 225.144
8.40562, 225.144
8.40853, 225.144
8.41143, 225.144
8.41433, 225.144
8.41723, 223.847
8.42014, 223.847
8.42304, 223.847
8.42594, 225.144
8.42884, 225.144
8.43175, 225.144
8.43465, 223.847
8.43755, 223.847
8.44045, 223.847
8.44336, 223.847
8.44626, 223.847
8.44916, 223.847
8.45206, 225.144
8.45497, 226.448
8.45787, 226.448
8.46077, 226.448
8.46367, 225.144
8.46658, 223.847
8.46948, 221.276
8.47238, 220.002
8.47528, 218.735
8.47819, 218.735
8.48109, 218.735
8.48399, 220.002
8.48689, 221.276
8.4898, 222.558
8.4927, 223.847
8.4956, 223.847
8.4985, 225.144
8.50141, 225.144
8.50431, 223.847
8.50721, 223.847
8.51011, 223.847
8.51302, 223.847
8.51592, 222.558
8.51882, 222.558
8.52172, 222.558
8.52463, 222.558
8.52753, 223.847
8.53043, 223.847
8.53333, 223.847
8.53624, 223.847
8.53914, 223.847
8.54204, 223.847
8.54494, 223.847
8.54785, 223.847
8.55075, 222.558
8.55365, 222.558
8.55655, 222.558
8.55946, 222.558
8.56236, 222.558
8.56526, 223.847
8.56816, 223.847
8.57107, 223.847
8.57397, 223.847
8.57687, 223.847
8.57977, 225.144
8.58268, 223.847
8.58558, 223.847
8.58848, 222.558
8.59138, 222.558
8.59429, 223.847
8.59719, 222.558
8.60009, 222.558
8.60299, 222.558
8.6059, 223.847
8.6088, 223.847
8.6117, 223.847
8.6146, 225.144
8.61751, 225.144
8.62041, 225.144
8.62331, 225.144
8.62621, 225.144
8.62912, 225.144
8.63202, 225.144
8.63492, 225.144
8.63782, 225.144
8.64073, 225.144
8.64363, 225.144
8.64653, 226.448
8.64943, 225.144
8.65234, 225.144
8.65524, 225.144
8.65814, 225.144
8.66104, 225.144
8.66395, 226.448
8.66685, 226.448
8.66975, 225.144
8.67265, 225.144
8.67556, 225.144
8.67846, 223.847
8.68136, 222.558
8.68426, 0
8.68717, 0
8.69007, 0
8.69297, 0
8.69587, 0
8.69878, 0
8.70168, 0
8.70458, 0
8.70748, 0
8.71039, 0
8.71329, 0
8.71619, 0
8.71909, 0
8.722, 0
8.7249, 0
8.7278, 0
8.7307, 0
8.73361, 0
8.73651, 0
8.73941, 0
8.74231, 0
8.74522, 0
8.74812, 0
8.75102, 0
8.75392, 0
8.75683, 0
8.75973, 205.269
8.76263, 205.269
8.76553, 205.269
8.76844, 205.269
8.77134, 205.269
8.77424, 206.458
8.77714, 206.458
8.78005, 207.654
8.78295, 208.857
8.78585, 208.857
8.78875, 210.067
8.79166, 210.067
8.79456, 211.284
8.79746, 211.284
8.80036, 212.508
8.80327, 212.508
8.80617, 212.508
8.80907, 212.508
8.81197, 212.508
8.81488, 212.508
8.81778, 211.284
8.82068, 211.284
8.82358, 211.284
8.82649, 211.284
8.82939, 211.284
8.83229, 211.284
8.83519, 211.284
8.8381, 211.284
8.841, 211.284
8.8439, 212.508
8.8468, 212.508
8.8497, 212.508
8.85261, 212.508
8.85551, 212.508
8.85841, 212.508
8.86131, 212.508
8.86422, 212.508
8.86712, 212.508
8.87002, 212.508
8.87292, 212.508
8.87583, 212.508
8.87873, 212.508
8.88163, 212.508
8.88453, 212.508
8.88744, 212.508
8.89034, 212.508
8.89324, 212.508
8.89614, 212.508
8.89905, 212.508
8.90195, 212.508
8.90485, 212.508
8.90775, 212.508
8.91066, 212.508
8.91356, 212.508
8.91646, 212.508
8.91936, 212.508
8.92227, 212.508
8.92517, 212.508
8.92807, 212.508
8.93097, 212.508
8.93388, 212.508
8.93678, 212.508
8.93968, 212.508
8.94258, 212.508
8.94549, 211.284
8.94839, 211.284
8.95129, 210.067
8.9542, 210.067
8.9571, 207.654
8.96, 206.458
8.9629, 205.269
8.96581, 202.911
8.96871, 199.425
8.97161, 198.277
8.97451, 197.135
8.97742, 197.135
8.98032, 198.277
8.98322, 199.425
8.98612, 211.284
8.98903, 217.475
8.99193, 221.276
8.99483, 221.276
8.99773, 221.276
9.00064, 218.735
9.00354, 217.475
9.00644, 214.977
9.00934, 216.222
9.01225, 217.475
9.01515, 218.735
9.01805, 220.002
9.02095, 221.276
9.02386, 222.558
9.02676, 223.847
9.02966, 223.847
9.03256, 223.847
9.03547, 223.847
9.03837, 223.847
9.04127, 223.847
9.04417, 223.847
9.04708, 223.847
9.04998, 223.847
9.05288, 223.847
9.05578, 223.847
9.05868, 223.847
9.06159, 223.847
9.06449, 222.558
9.06739, 222.558
9.07029, 222.558
9.0732, 222.558
9.0761, 222.558
9.079, 222.558
9.0819, 222.558
9.08481, 222.558
9.08771, 222.558
9.09061, 222.558
9.09351, 223.847
9.09642, 223.847
9.09932, 223.847
9.10222, 223.847
9.10512, 223.847
9.10803, 223.847
9.11093, 223.847
9.11383, 223.847
9.11673, 222.558
9.11964, 222.558
9.12254, 222.558
9.12544, 222.558
9.12834, 222.558
9.13125, 221.276
9.13415, 222.558
9.13705, 222.558
9.13995, 222.558
9.14286, 222.558
9.14576, 222.558
9.14866, 222.558
9.15156, 222.558
9.15447, 222.558
9.15737, 222.558
9.16027, 222.558
9.16317, 222.558
9.16608, 222.558
9.16898, 222.558
9.17188, 222.558
9.17478, 222.558
9.17769, 222.558
9.18059, 222.558
9.18349, 222.558
9.18639, 222.558
9.1893, 221.276
9.1922, 221.276
9.1951, 221.276
9.198, 222.558
9.20091, 223.847
9.20381, 225.144
9.20671, 226.448
9.20961, 226.448
9.21252, 225.144
9.21542, 225.144
9.21832, 222.558
9.22122, 218.735
9.22413, 217.475
9.22703, 216.222
9.22993, 214.977
9.23283, 216.222
9.23574, 216.222
9.23864, 217.475
9.24154, 220.002
9.24444, 222.558
9.24735, 225.144
9.25025, 226.448
9.25315, 227.76
9.25605, 227.76
9.25896, 225.144
9.26186, 222.558
9.26476, 221.276
9.26766, 218.735
9.27057, 218.735
9.27347, 218.735
9.27637, 218.735
9.27927, 220.002
9.28218, 220.002
9.28508, 222.558
9.28798, 223.847
9.29088, 226.448
9.29379, 226.448
9.29669, 227.76
9.29959, 226.448
9.30249, 225.144
9.3054, 222.558
9.3083, 220.002
9.3112, 218.735
9.3141, 217.475
9.31701, 216.222
9.31991, 207.654
9.32281, 199.425
9.32571, 194.87
9.32862, 189.323
9.33152, 187.148
9.33442, 187.148
9.33732, 189.323
9.34023, 194.87
9.34313, 197.135
9.34603, 199.425
9.34893, 200.58
9.35184, 200.58
9.35474, 200.58
9.35764, 199.425
9.36054, 199.425
9.36345, 198.277
9.36635, 197.135
9.36925, 197.135
9.37215, 197.135
9.37506, 198.277
9.37796, 199.425
9.38086, 201.742
9.38376, 202.911
9.38667, 204.087
9.38957, 205.269
9.39247, 205.269
9.39537, 205.269
9.39828, 205.269
9.40118, 204.087
9.40408, 202.911
9.40698, 200.58
9.40989, 199.425
9.41279, 198.277
9.41569, 197.135
9.41859, 197.135
9.4215, 198.277
9.4244, 199.425
9.4273, 201.742
9.4302, 202.911
9.43311, 205.269
9.43601, 206.458
9.43891, 206.458
9.44181, 206.458
9.44472, 206.458
9.44762, 205.269
9.45052, 202.911
9.45342, 200.58
9.45633, 198.277
9.45923, 197.135
9.46213, 197.135
9.46503, 197.135
9.46794, 198.277
9.47084, 199.425
9.47374, 201.742
9.47664, 204.087
9.47955, 207.654
9.48245, 211.284
9.48535, 213.739
9.48825, 213.739
9.49116, 216.222
9.49406, 218.735
9.49696, 218.735
9.49986, 220.002
9.50277, 221.276
9.50567, 221.276
9.50857, 225.144
9.51147, 0
9.51438, 0
9.51728, 0
9.52018, 0
9.52308, 0
9.52599, 0
9.52889, 0
9.53179, 0
9.53469, 0
9.5376, 0
9.5405, 0
9.5434, 0
9.5463, 0
9.54921, 0
9.55211, 0
9.55501, 0
9.55791, 0
9.56082, 0
9.56372, 0
9.56662, 201.742
9.56952, 193.748
9.57243, 189.323
9.57533, 187.148
9.57823, 186.07
9.58113, 184.999
9.58404, 186.07
9.58694, 186.07
9.58984, 187.148
9.59274, 188.232
9.59565, 188.232
9.59855, 189.323
9.60145, 189.323
9.60435, 189.323
9.60726, 189.323
9.61016, 188.232
9.61306, 188.232
9.61596, 188.232
9.61887, 188.232
9.62177, 188.232
9.62467, 189.323
9.62757, 189.323
9.63048, 189.323
9.63338, 189.323
9.63628, 188.232
9.63918, 188.232
9.64209, 187.148
9.64499, 187.148
9.64789, 187.148
9.65079, 188.232
9.6537, 188.232
9.6566, 188.232
9.6595, 188.232
9.6624, 188.232
9.66531, 187.148
9.66821, 187.148
9.67111, 187.148
9.67401, 187.148
9.67692, 187.148
9.67982, 188.232
9.68272, 188.232
9.68562, 188.232
9.68853, 188.232
9.69143, 188.232
9.69433, 187.148
9.69723, 187.148
9.70014, 188.232
9.70304, 188.232
9.70594, 188.232
9.70884, 188.232
9.71175, 189.323
9.71465, 190.419
9.71755, 190.419
9.72045, 190.419
9.72336, 190.419
9.72626, 190.419
9.72916, 191.523
9.73206, 192.632
9.73497, 194.87
9.73787, 197.135
9.74077, 202.911
9.74367, 206.458
9.74658, 211.284
9.74948, 213.739
9.75238, 214.977
9.75528, 214.977
9.75819, 208.857
9.76109, 204.087
9.76399, 197.135
9.76689, 193.748
9.7698, 190.419
9.7727, 188.232
9.7756, 184.999
9.7785, 184.999
9.78141, 183.933
9.78431, 184.999
9.78721, 186.07
9.79011, 192.632
9.79302, 197.135
9.79592, 204.087
9.79882, 206.458
9.80172, 207.654
9.80463, 206.458
9.80753, 205.269
9.81043, 201.742
9.81333, 199.425
9.81624, 198.277
9.81914, 198.277
9.82204, 198.277
9.82494, 197.135
9.82785, 198.277
9.83075, 198.277
9.83365, 199.425
9.83655, 198.277
9.83946, 198.277
9.84236, 199.425
9.84526, 199.425
9.84816, 199.425
9.85107, 200.58
9.85397, 200.58
9.85687, 200.58
9.85977, 200.58
9.86268, 200.58
9.86558, 199.425
9.86848, 199.425
9.87138, 199.425
9.87429, 200.58
9.87719, 200.58
9.88009, 200.58
9.88299, 200.58
9.8859, 200.58
9.8888, 200.58
9.8917, 200.58
9.8946, 201.742
9.89751, 201.742
9.90041, 201.742
9.90331, 200.58
9.90621, 200.58
9.90912, 199.425
9.91202, 199.425
9.91492, 199.425
9.91782, 200.58
9.92073, 200.58
9.92363, 200.58
9.92653, 200.58
9.92943, 200.58
9.93234, 201.742
9.93524, 201.742
9.93814, 201.742
9.94104, 201.742
9.94395, 201.742
9.94685, 201.742
9.94975, 201.742
9.95265, 200.58
9.95556, 200.58
9.95846, 199.425
9.96136, 199.425
9.96426, 199.425
9.96717, 199.425
9.97007, 199.425
9.97297, 199.425
9.97587, 199.425
9.97878, 199.425
9.98168, 199.425
9.98458, 199.425
9.98748, 199.425
9.99039, 199.425
9.99329, 200.58
9.99619, 199.425
9.99909, 200.58
10.002, 200.58
10.0049, 200.58
10.0078, 199.425
10.0107, 199.425
10.0136, 198.277
10.0165, 198.277
10.0194, 197.135
10.0223, 0
10.0252, 0
10.0281, 0
10.031, 0
10.0339, 0
10.0368, 0
10.0397, 0
10.0426, 0
10.0455, 0
10.0484, 0
10.0513, 0
10.0542, 0
10.0571, 0
10.06, 0
10.0629, 0
10.0659, 0
10.0688, 0
10.0717, 0
10.0746, 0
10.0775, 0
10.0804, 0
10.0833, 0
10.0862, 0
10.0891, 0
10.092, 0
10.0949, 0
10.0978, 0
10.1007, 0
10.1036, 0
10.1065, 0
10.1094, 0
10.1123, 0
10.1152, 0
10.1181, 0
10.121, 0
10.1239, 0
10.1268, 0
10.1297, 0
10.1326, 0
10.1355, 0
10.1384, 0
10.1413, 0
10.1442, 0
10.1471, 0
10.15, 0
10.1529, 0
10.1558, 0
10.1587, 0
10.1616, 0
10.1645, 0
10.1674, 0
10.1703, 0
10.1732, 0
10.1761, 0
10.179, 0
10.182, 0
10.1849, 0
10.1878, 0
10.1907, 0
10.1936, 0
10.1965, 0
10.1994, 0
10.2023, 0
10.2052, 0
10.2081, 0
10.211, 0
10.2139, 0
10.2168, 0
10.2197, 0
10.2226, 0
10.2255, 0
10.2284, 0
10.2313, 0
10.2342, 0
10.2371, 0
10.24, 0
10.2429, 0
10.2458, 0
10.2487, 0
10.2516, 0
10.2545, 0
10.2574, 0
10.2603, 0
10.2632, 0
10.2661, 0
10.269, 0
10.2719, 0
10.2748, 0
10.2777, 0
10.2806, 0
10.2835, 0
10.2864, 0
10.2893, 0
10.2922, 0
10.2951, 0
10.298, 0
10.301, 0
10.3039, 0
10.3068, 0
10.3097, 0
10.3126, 0
10.3155, 0
10.3184, 0
10.3213, 0
10.3242, 0
10.3271, 0
10.33, 0
10.3329, 0
10.3358, 0
10.3387, 0
10.3416, 0
10.3445, 0
10.3474, 0
10.3503, 0
10.3532, 0
10.3561, 0
10.359, 0
10.3619, 0
10.3648, 0
10.3677, 0
10.3706, 0
10.3735, 0
10.3764, 0
10.3793, 0
10.3822, 0
10.3851, 0
10.388, 0
10.3909, 0
10.3938, 0
10.3967, 0
10.3996, 0
10.4025, 0
10.4054, 0
10.4083, 0
10.4112, 0
10.4141, 0
10.4171, 0
10.42, 0
10.4229, 0
10.4258, 0
10.4287, 0
10.4316, 0
10.4345, 0
10.4374, 0
10.4403, 0
10.4432, 0
10.4461, 0
10.449, 0
10.4519, 0
10.4548, 0
10.4577, 0
10.4606, 0
10.4635, 0
10.4664, 0
10.4693, 0
10.4722, 0
10.4751, 0
10.478, 0
10.4809, 0
10.4838, 0
10.4867, 0
10.4896, 0
10.4925, 0
10.4954, 0
10.4983, 0
10.5012, 0
10.5041, 0
10.507, 0
10.5099, 0
10.5128, 0
10.5157, 0
10.5186, 0
10.5215, 0
10.5244, 0
10.5273, 0
10.5302, 0
10.5332, 0
10.5361, 0
10.539, 0
10.5419, 0
10.5448, 0
10.5477, 0
10.5506, 0
10.5535, 0
10.5564, 0
10.5593, 0
10.5622, 0
10.5651, 0
10.568, 0
10.5709, 0
10.5738, 0
10.5767, 0
10.5796, 0
10.5825, 0
10.5854, 0
10.5883, 0
10.5912, 0
10.5941, 0
10.597, 0
10.5999, 0
10.6028, 0
10.6057, 0
10.6086, 0
10.6115, 0
10.6144, 0
10.6173, 0
10.6202, 0
10.6231, 0
10.626, 0
10.6289, 0
10.6318, 0
10.6347, 0
10.6376, 0
10.6405, 0
10.6434, 0
10.6463, 0
10.6493, 0
10.6522, 0
10.6551, 0
10.658, 0
10.6609, 0
10.6638, 0
10.6667, 0
10.6696, 0
10.6725, 0
10.6754, 0
10.6783, 0
10.6812, 0
10.6841, 0
10.687, 0
10.6899, 0
10.6928, 0
10.6957, 0
10.6986, 0
10.7015, 0
10.7044, 0
10.7073, 0
10.7102, 0
10.7131, 0
10.716, 0
10.7189, 0
10.7218, 0
10.7247, 0
10.7276, 0
10.7305, 0
10.7334, 0
10.7363, 0
10.7392, 0
10.7421, 0
10.745, 0
10.7479, 0
10.7508, 0
10.7537, 0
10.7566, 0
10.7595, 0
10.7624, 0
10.7654, 0
10.7683, 0
10.7712, 0
10.7741, 0
10.777, 0
10.7799, 0
10.7828, 0
10.7857, 0
10.7886, 0
10.7915, 0
10.7944, 0
10.7973, 0
10.8002, 0
10.8031, 0
10.806, 0
10.8089, 0
10.8118, 0
10.8147, 0
10.8176, 0
10.8205, 0
10.8234, 0
10.8263, 0
10.8292, 0
10.8321, 0
10.835, 0
10.8379, 0
10.8408, 0
10.8437, 0
10.8466, 0
10.8495, 0
10.8524, 0
10.8553, 0
10.8582, 0
10.8611, 0
10.864, 0
10.8669, 0
10.8698, 0
10.8727, 0
10.8756, 0
10.8785, 0
10.8815, 0
10.8844, 0
10.8873, 0
10.8902, 0
10.8931, 0
10.896, 0
10.8989, 0
10.9018, 0
10.9047, 0
10.9076, 0
10.9105, 0
10.9134, 0
10.9163, 0
10.9192, 0
10.9221, 0
10.925, 0
10.9279, 0
10.9308, 0
10.9337, 0
10.9366, 0
10.9395, 0
10.9424, 0
10.9453, 0
10.9482, 0
10.9511, 0
10.954, 0
10.9569, 0
10.9598, 0
10.9627, 0
10.9656, 0
10.9685, 0
10.9714, 0
10.9743, 0
10.9772, 0
10.9801, 0
10.983, 0
10.9859, 0
10.9888, 0
10.9917, 0
10.9946, 283.664
10.9976, 283.664
11.0005, 283.664
11.0034, 283.664
11.0063, 283.664
11.0092, 283.664
11.0121, 283.664
11.015, 283.664
11.0179, 283.664
11.0208, 283.664
11.0237, 283.664
11.0266, 283.664
11.0295, 283.664
11.0324, 283.664
11.0353, 283.664
11.0382, 283.664
11.0411, 283.664
11.044, 283.664
11.0469, 282.03
11.0498, 282.03
11.0527, 282.03
11.0556, 282.03
11.0585, 283.664
11.0614, 283.664
11.0643, 283.664
11.0672, 283.664
11.0701, 283.664
11.073, 283.664
11.0759, 283.664
11.0788, 283.664
11.0817, 283.664
11.0846, 283.664
11.0875, 283.664
11.0904, 283.664
11.0933, 283.664
11.0962, 283.664
11.0991, 283.664
11.102, 283.664
11.1049, 283.664
11.1078, 283.664
11.1107, 283.664
11.1137, 283.664
11.1166, 283.664
11.1195, 283.664
11.1224, 283.664
11.1253, 283.664
11.1282, 283.664
11.1311, 283.664
11.134, 283.664
11.1369, 283.664
11.1398, 283.664
11.1427, 283.664
11.1456, 283.664
11.1485, 283.664
11.1514, 283.664
11.1543, 283.664
11.1572, 283.664
11.1601, 283.664
11.163, 283.664
11.1659, 283.664
11.1688, 283.664
11.1717, 283.664
11.1746, 283.664
11.1775, 283.664
11.1804, 283.664
11.1833, 283.664
11.1862, 283.664
11.1891, 283.664
11.192, 283.664
11.1949, 283.664
11.1978, 283.664
11.2007, 283.664
11.2036, 283.664
11.2065, 283.664
11.2094, 283.664
11.2123, 283.664
11.2152, 283.664
11.2181, 283.664
11.221, 283.664
11.2239, 283.664
11.2268, 283.664
11.2298, 283.664
11.2327, 283.664
11.2356, 282.03
11.2385, 282.03
11.2414, 282.03
11.2443, 282.03
11.2472, 282.03
11.2501, 282.03
11.253, 283.664
11.2559, 283.664
11.2588, 283.664
11.2617, 283.664
11.2646, 283.664
11.2675, 283.664
11.2704, 283.664
11.2733, 283.664
11.2762, 283.664
11.2791, 283.664
11.282, 282.03
11.2849, 283.664
11.2878, 283.664
11.2907, 283.664
11.2936, 283.664
11.2965, 283.664
11.2994, 283.664
11.3023, 282.03
11.3052, 282.03
11.3081, 282.03
11.311, 282.03
11.3139, 283.664
11.3168, 283.664
11.3197, 283.664
11.3226, 283.664
11.3255, 283.664
11.3284, 283.664
11.3313, 283.664
11.3342, 283.664
11.3371, 283.664
11.34, 283.664
11.3429, 283.664
11.3458, 283.664
11.3488, 0
11.3517, 0
11.3546, 0
11.3575, 0
11.3604, 0
11.3633, 0
11.3662, 0
11.3691, 0
11.372, 0
11.3749, 0
11.3778, 0
11.3807, 374.298
11.3836, 372.142
11.3865, 372.142
11.3894, 372.142
11.3923, 374.298
11.3952, 376.466
11.3981, 378.647
11.401, 378.647
11.4039, 378.647
11.4068, 378.647
11.4097, 378.647
11.4126, 378.647
11.4155, 378.647
11.4184, 378.647
11.4213, 378.647
11.4242, 378.647
11.4271, 380.84
11.43, 380.84
11.4329, 380.84
11.4358, 380.84
11.4387, 380.84
11.4416, 380.84
11.4445, 380.84
11.4474, 380.84
11.4503, 380.84
11.4532, 380.84
11.4561, 380.84
11.459, 380.84
11.462, 380.84
11.4649, 380.84
11.4678, 380.84
11.4707, 380.84
11.4736, 378.647
11.4765, 380.84
11.4794, 380.84
11.4823, 380.84
11.4852, 378.647
11.4881, 378.647
11.491, 378.647
11.4939, 378.647
11.4968, 380.84
11.4997, 380.84
11.5026, 380.84
11.5055, 380.84
11.5084, 380.84
11.5113, 380.84
11.5142, 378.647
11.5171, 378.647
11.52, 378.647
11.5229, 378.647
11.5258, 378.647
11.5287, 378.647
11.5316, 380.84
11.5345, 378.647
11.5374, 378.647
11.5403, 378.647
11.5432, 378.647
11.5461, 378.647
11.549, 378.647
11.5519, 378.647
11.5548, 378.647
11.5577, 380.84
11.5606, 380.84
11.5635, 380.84
11.5664, 378.647
11.5693, 378.647
11.5722, 378.647
11.5751, 378.647
11.578, 378.647
11.581, 378.647
11.5839, 378.647
11.5868, 378.647
11.5897, 378.647
11.5926, 378.647
11.5955, 378.647
11.5984, 378.647
11.6013, 378.647
11.6042, 378.647
11.6071, 378.647
11.61, 378.647
11.6129, 378.647
11.6158, 376.466
11.6187, 376.466
11.6216, 378.647
11.6245, 378.647
11.6274, 378.647
11.6303, 378.647
11.6332, 378.647
11.6361, 378.647
11.639, 378.647
11.6419, 378.647
11.6448, 378.647
11.6477, 378.647
11.6506, 378.647
11.6535, 378.647
11.6564, 378.647
11.6593, 378.647
11.6622, 378.647
11.6651, 378.647
11.668, 378.647
11.6709, 378.647
11.6738, 378.647
11.6767, 378.647
11.6796, 378.647
11.6825, 378.647
11.6854, 378.647
11.6883, 378.647
11.6912, 378.647
11.6941, 378.647
11.6971, 378.647
11.7, 378.647
11.7029, 378.647
11.7058, 378.647
11.7087, 378.647
11.7116, 378.647
11.7145, 378.647
11.7174, 378.647
11.7203, 378.647
11.7232, 378.647
11.7261, 378.647
11.729, 378.647
11.7319, 378.647
11.7348, 378.647
11.7377, 378.647
11.7406, 378.647
11.7435, 378.647
11.7464, 380.84
11.7493, 380.84
11.7522, 380.84
11.7551, 380.84
11.758, 380.84
11.7609, 380.84
11.7638, 380.84
11.7667, 380.84
11.7696, 380.84
11.7725, 380.84
11.7754, 380.84
11.7783, 380.84
11.7812, 380.84
11.7841, 380.84
11.787, 380.84
11.7899, 380.84
11.7928, 380.84
11.7957, 0
11.7986, 0
11.8015, 0
11.8044, 0
