0,0
0.0029025,0
0.005805,0
0.0087075,0
0.01161,0
0.014512,0
0.017415,0
0.020317,440
0.02322,440
0.026122,440
0.029025,440
0.031927,440
0.03483,440
0.037732,440
0.040635,440
0.043537,440
0.04644,440
0.049342,440
0.052245,440
0.055147,440
0.05805,440
0.060952,440
0.063855,440
0.066757,440
0.06966,440
0.072562,440
0.075465,440
0.078367,440
0.08127,440
0.084172,440
0.087075,440
0.089977,440
0.09288,440
0.095782,440
0.098685,440
0.10159,440
0.10449,440
0.10739,440
0.11029,440
0.1132,440
0.1161,440
0.119,440
0.1219,440
0.12481,440
0.12771,440
0.13061,440
0.13351,440
0.13642,440
0.13932,440
0.14222,440
0.14512,440
0.14803,440
0.15093,440
0.15383,440
0.15673,440
0.15964,440
0.16254,440
0.16544,440
0.16834,440
0.17125,440
0.17415,440
0.17705,440
0.17995,440
0.18286,440
0.18576,440
0.18866,440
0.19156,0
0.19447,0
0.19737,0
0.20027,0
0.20317,0
0.20608,0
0.20898,0
0.21188,0
0.21478,0
0.21769,0
0.22059,0
0.22349,0
0.22639,0
0.2293,0
0.2322,0
0.2351,0
0.238,659.26
0.24091,659.26
0.24381,659.26
0.24671,659.26
0.24961,659.26
0.25252,659.26
0.25542,659.26
0.25832,659.26
0.26122,659.26
0.26413,659.26
0.26703,659.26
0.26993,659.26
0.27283,659.26
0.27574,659.26
0.27864,659.26
0.28154,659.26
0.28444,659.26
0.28735,659.26
0.29025,659.26
0.29315,659.26
0.29605,659.26
0.29896,659.26
0.30186,659.26
0.30476,659.26
0.30766,659.26
0.31057,659.26
0.31347,659.26
0.31637,659.26
0.31927,659.26
0.32218,659.26
0.32508,659.26
0.32798,659.26
0.33088,659.26
0.33379,659.26
0.33669,659.26
0.33959,659.26
0.34249,659.26
0.3454,659.26
0.3483,659.26
0.3512,659.26
0.3541,659.26
0.35701,659.26
0.35991,659.26
0.36281,659.26
0.36571,659.26
0.36862,659.26
0.37152,659.26
0.37442,659.26
0.37732,659.26
0.38023,659.26
0.38313,659.26
0.38603,659.26
0.38893,659.26
0.39184,659.26
0.39474,659.26
0.39764,659.26
0.40054,659.26
0.40345,659.26
0.40635,659.26
0.40925,659.26
0.41215,0
0.41506,0
0.41796,0
0.42086,0
0.42376,0
0.42667,0
0.42957,0
0.43247,0
0.43537,0
0.43828,0
0.44118,0
0.44408,880
0.44698,880
0.44989,880
0.45279,880
0.45569,880
0.45859,880
0.4615,880
0.4644,880
0.4673,880
0.4702,880
0.47311,880
0.47601,880
0.47891,880
0.48181,880
0.48472,880
0.48762,880
0.49052,880
0.49342,880
0.49633,880
0.49923,880
0.50213,880
0.50503,880
0.50794,880
0.51084,880
0.51374,880
0.51664,880
0.51955,880
0.52245,880
0.52535,880
0.52825,880
0.53116,880
0.53406,880
0.53696,880
0.53986,880
0.54277,880
0.54567,880
0.54857,880
0.55147,880
0.55438,880
0.55728,880
0.56018,880
0.56308,880
0.56599,880
0.56889,880
0.57179,880
0.57469,880
0.5776,880
0.5805,880
0.5834,880
0.5863,880
0.58921,880
0.59211,880
0.59501,880
0.59791,880
0.60082,880
0.60372,880
0.60662,880
0.60952,880
0.61243,880
0.61533,880
0.61823,880
0.62113,880
0.62404,0
0.62694,0
0.62984,0
0.63274,0
0.63565,0
0.63855,0
0.64145,987.77
0.64435,987.77
0.64726,987.77
0.65016,987.77
0.65306,987.77
0.65596,987.77
0.65887,987.77
0.66177,987.77
0.66467,987.77
0.66757,987.77
0.67048,987.77
0.67338,987.77
0.67628,987.77
0.67918,987.77
0.68209,987.77
0.68499,987.77
0.68789,987.77
0.69079,987.77
0.6937,987.77
0.6966,987.77
0.6995,987.77
0.7024,987.77
0.70531,987.77
0.70821,987.77
0.71111,987.77
0.71401,987.77
0.71692,987.77
0.71982,987.77
0.72272,987.77
0.72562,987.77
0.72853,987.77
0.73143,987.77
0.73433,987.77
0.73723,987.77
0.74014,987.77
0.74304,987.77
0.74594,987.77
0.74884,987.77
0.75175,987.77
0.75465,987.77
0.75755,987.77
0.76045,987.77
0.76336,987.77
0.76626,987.77
0.76916,987.77
0.77206,987.77
0.77497,987.77
0.77787,987.77
0.78077,987.77
0.78367,987.77
0.78658,987.77
0.78948,987.77
0.79238,987.77
0.79528,987.77
0.79819,987.77
0.80109,987.77
0.80399,987.77
0.80689,987.77
0.8098,987.77
0.8127,987.77
0.8156,987.77
0.8185,987.77
0.82141,987.77
0.82431,987.77
0.82721,987.77
0.83011,987.77
0.83302,0
0.83592,0
0.83882,0
0.84172,0
0.84463,0
0.84753,0
0.85043,0
0.85333,0
0.85624,1318.5
0.85914,1318.5
0.86204,1318.5
0.86494,1318.5
0.86785,1318.5
0.87075,1318.5
0.87365,1318.5
0.87655,1318.5
0.87946,1318.5
0.88236,1318.5
0.88526,1318.5
0.88816,1318.5
0.89107,1318.5
0.89397,1318.5
0.89687,1318.5
0.89977,1318.5
0.90268,1318.5
0.90558,1318.5
0.90848,1318.5
0.91138,1318.5
0.91429,1318.5
0.91719,1318.5
0.92009,1318.5
0.92299,1318.5
0.9259,1318.5
0.9288,1318.5
0.9317,1318.5
0.9346,1318.5
0.93751,1318.5
0.94041,1318.5
0.94331,1318.5
0.94621,1318.5
0.94912,1318.5
0.95202,1318.5
0.95492,1318.5
0.95782,1318.5
0.96073,1318.5
0.96363,1318.5
0.96653,1318.5
0.96943,1318.5
0.97234,1318.5
0.97524,1318.5
0.97814,1318.5
0.98104,1318.5
0.98395,1318.5
0.98685,1318.5
0.98975,1318.5
0.99265,1318.5
0.99556,1318.5
0.99846,1318.5
1.0014,1318.5
1.0043,1318.5
1.0072,1318.5
1.0101,1318.5
1.013,1318.5
1.0159,1318.5
1.0188,1318.5
1.0217,1318.5
1.0246,1318.5
1.0275,1318.5
1.0304,1318.5
1.0333,1318.5
1.0362,1318.5
1.0391,1318.5
1.042,1318.5
1.0449,1318.5
1.0478,1318.5
1.0507,1318.5
1.0536,1318.5
1.0565,1318.5
1.0594,1318.5
1.0623,1318.5
1.0652,1318.5
1.0681,1318.5
1.071,1318.5
1.0739,1318.5
1.0768,1318.5
1.0797,1318.5
1.0826,1318.5
1.0855,1318.5
1.0884,1318.5
1.0913,1318.5
1.0942,1318.5
1.0971,1318.5
1.1,1318.5
1.1029,1318.5
1.1059,1318.5
1.1088,1318.5
1.1117,1318.5
1.1146,1318.5
1.1175,1318.5
1.1204,1318.5
1.1233,1318.5
1.1262,1318.5
1.1291,1318.5
1.132,1318.5
1.1349,1318.5
1.1378,1318.5
1.1407,1318.5
1.1436,1318.5
1.1465,1318.5
1.1494,1318.5
1.1523,1318.5
1.1552,1318.5
1.1581,1318.5
1.161,1318.5
1.1639,1318.5
1.1668,1318.5
1.1697,1318.5
1.1726,1318.5
1.1755,1318.5
1.1784,1318.5
1.1813,1318.5
1.1842,1318.5
1.1871,1318.5
1.19,1318.5
1.1929,1318.5
1.1958,1318.5
1.1987,1318.5
1.2016,1318.5
1.2045,1318.5
1.2074,1318.5
1.2103,1318.5
1.2132,1318.5
1.2161,1318.5
1.219,1318.5
1.222,1318.5
1.2249,1318.5
1.2278,1318.5
1.2307,1318.5
1.2336,1318.5
1.2365,1318.5
1.2394,1318.5
1.2423,1318.5
1.2452,1318.5
1.2481,0
1.251,0
1.2539,0
1.2568,0
1.2597,0
1.2626,0
1.2655,0
1.2684,0
1.2713,0
1.2742,0
1.2771,0
1.28,0
1.2829,0
1.2858,0
1.2887,0
1.2916,440
1.2945,440
1.2974,440
1.3003,440
1.3032,440
1.3061,440
1.309,440
1.3119,440
1.3148,440
1.3177,440
1.3206,440
1.3235,440
1.3264,440
1.3293,440
1.3322,440
1.3351,440
1.338,440
1.341,440
1.3439,440
1.3468,440
1.3497,440
1.3526,440
1.3555,440
1.3584,440
1.3613,440
1.3642,440
1.3671,440
1.37,440
1.3729,440
1.3758,440
1.3787,440
1.3816,440
1.3845,440
1.3874,440
1.3903,440
1.3932,440
1.3961,440
1.399,440
1.4019,440
1.4048,440
1.4077,440
1.4106,440
1.4135,440
1.4164,440
1.4193,440
1.4222,440
1.4251,440
1.428,440
1.4309,440
1.4338,440
1.4367,440
1.4396,440
1.4425,440
1.4454,440
1.4483,440
1.4512,440
1.4541,440
1.4571,440
1.46,0
1.4629,0
1.4658,0
1.4687,0
1.4716,0
1.4745,0
1.4774,0
1.4803,0
1.4832,0
1.4861,0
1.489,0
1.4919,0
1.4948,0
1.4977,0
1.5006,659.26
1.5035,659.26
1.5064,659.26
1.5093,659.26
1.5122,659.26
1.5151,659.26
1.518,659.26
1.5209,659.26
1.5238,659.26
1.5267,659.26
1.5296,659.26
1.5325,659.26
1.5354,659.26
1.5383,659.26
1.5412,659.26
1.5441,659.26
1.547,659.26
1.5499,659.26
1.5528,659.26
1.5557,659.26
1.5586,659.26
1.5615,659.26
1.5644,659.26
1.5673,659.26
1.5702,659.26
1.5732,659.26
1.5761,659.26
1.579,659.26
1.5819,659.26
1.5848,659.26
1.5877,659.26
1.5906,659.26
1.5935,659.26
1.5964,659.26
1.5993,659.26
1.6022,659.26
1.6051,659.26
1.608,659.26
1.6109,659.26
1.6138,659.26
1.6167,659.26
1.6196,659.26
1.6225,659.26
1.6254,659.26
1.6283,659.26
1.6312,659.26
1.6341,659.26
1.637,659.26
1.6399,659.26
1.6428,659.26
1.6457,659.26
1.6486,659.26
1.6515,659.26
1.6544,659.26
1.6573,659.26
1.6602,659.26
1.6631,659.26
1.666,659.26
1.6689,659.26
1.6718,659.26
1.6747,0
1.6776,0
1.6805,0
1.6834,0
1.6863,0
1.6893,0
1.6922,0
1.6951,0
1.698,0
1.7009,0
1.7038,0
1.7067,880
1.7096,880
1.7125,880
1.7154,880
1.7183,880
1.7212,880
1.7241,880
1.727,880
1.7299,880
1.7328,880
1.7357,880
1.7386,880
1.7415,880
1.7444,880
1.7473,880
1.7502,880
1.7531,880
1.756,880
1.7589,880
1.7618,880
1.7647,880
1.7676,880
1.7705,880
1.7734,880
1.7763,880
1.7792,880
1.7821,880
1.785,880
1.7879,880
1.7908,880
1.7937,880
1.7966,880
1.7995,880
1.8024,880
1.8054,880
1.8083,880
1.8112,880
1.8141,880
1.817,880
1.8199,880
1.8228,880
1.8257,880
1.8286,880
1.8315,880
1.8344,880
1.8373,880
1.8402,880
1.8431,880
1.846,880
1.8489,880
1.8518,880
1.8547,880
1.8576,880
1.8605,880
1.8634,880
1.8663,880
1.8692,880
1.8721,880
1.875,880
1.8779,880
1.8808,880
1.8837,880
1.8866,0
1.8895,0
1.8924,0
1.8953,0
1.8982,0
1.9011,0
1.904,987.77
1.9069,987.77
1.9098,987.77
1.9127,987.77
1.9156,987.77
1.9185,987.77
1.9215,987.77
1.9244,987.77
1.9273,987.77
1.9302,987.77
1.9331,987.77
1.936,987.77
1.9389,987.77
1.9418,987.77
1.9447,987.77
1.9476,987.77
1.9505,987.77
1.9534,987.77
1.9563,987.77
1.9592,987.77
1.9621,987.77
1.965,987.77
1.9679,987.77
1.9708,987.77
1.9737,987.77
1.9766,987.77
1.9795,987.77
1.9824,987.77
1.9853,987.77
1.9882,987.77
1.9911,987.77
1.994,987.77
1.9969,987.77
1.9998,987.77
2.0027,987.77
2.0056,987.77
2.0085,987.77
2.0114,987.77
2.0143,987.77
2.0172,987.77
2.0201,987.77
2.023,987.77
2.0259,987.77
2.0288,987.77
2.0317,987.77
2.0346,987.77
2.0376,987.77
2.0405,987.77
2.0434,987.77
2.0463,987.77
2.0492,987.77
2.0521,987.77
2.055,987.77
2.0579,987.77
2.0608,987.77
2.0637,987.77
2.0666,987.77
2.0695,987.77
2.0724,987.77
2.0753,987.77
2.0782,987.77
2.0811,987.77
2.084,987.77
2.0869,987.77
2.0898,987.77
2.0927,987.77
2.0956,987.77
2.0985,987.77
2.1014,987.77
2.1043,987.77
2.1072,987.77
2.1101,987.77
2.113,987.77
2.1159,987.77
2.1188,987.77
2.1217,987.77
2.1246,987.77
2.1275,987.77
2.1304,987.77
2.1333,987.77
2.1362,987.77
2.1391,987.77
2.142,987.77
2.1449,987.77
2.1478,987.77
2.1507,987.77
2.1537,987.77
2.1566,987.77
2.1595,987.77
2.1624,987.77
2.1653,987.77
2.1682,987.77
2.1711,987.77
2.174,987.77
2.1769,987.77
2.1798,987.77
2.1827,987.77
2.1856,987.77
2.1885,987.77
2.1914,987.77
2.1943,987.77
2.1972,987.77
2.2001,987.77
2.203,987.77
2.2059,987.77
2.2088,987.77
2.2117,987.77
2.2146,987.77
2.2175,987.77
2.2204,987.77
2.2233,987.77
2.2262,987.77
2.2291,987.77
2.232,987.77
2.2349,987.77
2.2378,987.77
2.2407,987.77
2.2436,987.77
2.2465,987.77
2.2494,987.77
2.2523,987.77
2.2552,987.77
2.2581,987.77
2.261,987.77
2.2639,987.77
2.2668,987.77
2.2698,987.77
2.2727,987.77
2.2756,987.77
2.2785,987.77
2.2814,987.77
2.2843,987.77
2.2872,987.77
2.2901,987.77
2.293,987.77
2.2959,987.77
2.2988,987.77
2.3017,987.77
2.3046,987.77
2.3075,987.77
2.3104,987.77
2.3133,0
2.3162,0
2.3191,0
2.322,0
2.3249,0
2.3278,0
2.3307,0
2.3336,0
2.3365,0
2.3394,0
2.3423,0
2.3452,0
2.3481,0
2.351,0
2.3539,1174.7
2.3568,1174.7
2.3597,1174.7
2.3626,1174.7
2.3655,1174.7
2.3684,1174.7
2.3713,1174.7
2.3742,1174.7
2.3771,1174.7
2.38,1174.7
2.3829,1174.7
2.3859,1174.7
2.3888,1174.7
2.3917,1174.7
2.3946,1174.7
2.3975,1174.7
2.4004,1174.7
2.4033,1174.7
2.4062,1174.7
2.4091,1174.7
2.412,1174.7
2.4149,1174.7
2.4178,1174.7
2.4207,1174.7
2.4236,1174.7
2.4265,1174.7
2.4294,1174.7
2.4323,1174.7
2.4352,1174.7
2.4381,1174.7
2.441,1174.7
2.4439,1174.7
2.4468,1174.7
2.4497,1174.7
2.4526,1174.7
2.4555,1174.7
2.4584,1174.7
2.4613,1174.7
2.4642,1174.7
2.4671,1174.7
2.47,1174.7
2.4729,1174.7
2.4758,1174.7
2.4787,1174.7
2.4816,1174.7
2.4845,1174.7
2.4874,1174.7
2.4903,1174.7
2.4932,1174.7
2.4961,1174.7
2.499,1174.7
2.502,1174.7
2.5049,1174.7
2.5078,1174.7
2.5107,1174.7
2.5136,0
2.5165,0
2.5194,0
2.5223,0
2.5252,0
2.5281,0
2.531,0
2.5339,0
2.5368,0
2.5397,0
2.5426,392
2.5455,392
2.5484,392
2.5513,392
2.5542,392
2.5571,392
2.56,392
2.5629,392
2.5658,392
2.5687,392
2.5716,392
2.5745,392
2.5774,392
2.5803,392
2.5832,392
2.5861,392
2.589,392
2.5919,392
2.5948,392
2.5977,392
2.6006,392
2.6035,392
2.6064,392
2.6093,392
2.6122,392
2.6151,392
2.618,392
2.621,392
2.6239,392
2.6268,392
2.6297,392
2.6326,392
2.6355,392
2.6384,392
2.6413,392
2.6442,392
2.6471,392
2.65,392
2.6529,392
2.6558,392
2.6587,392
2.6616,392
2.6645,392
2.6674,392
2.6703,392
2.6732,392
2.6761,392
2.679,392
2.6819,392
2.6848,392
2.6877,392
2.6906,392
2.6935,392
2.6964,392
2.6993,392
2.7022,392
2.7051,392
2.708,392
2.7109,392
2.7138,392
2.7167,392
2.7196,0
2.7225,0
2.7254,0
2.7283,0
2.7312,0
2.7341,0
2.7371,0
2.74,0
2.7429,0
2.7458,0
2.7487,587.33
2.7516,587.33
2.7545,587.33
2.7574,587.33
2.7603,587.33
2.7632,587.33
2.7661,587.33
2.769,587.33
2.7719,587.33
2.7748,587.33
2.7777,587.33
2.7806,587.33
2.7835,587.33
2.7864,587.33
2.7893,587.33
2.7922,587.33
2.7951,587.33
2.798,587.33
2.8009,587.33
2.8038,587.33
2.8067,587.33
2.8096,587.33
2.8125,587.33
2.8154,587.33
2.8183,587.33
2.8212,587.33
2.8241,587.33
2.827,587.33
2.8299,587.33
2.8328,587.33
2.8357,587.33
2.8386,587.33
2.8415,587.33
2.8444,587.33
2.8473,587.33
2.8502,587.33
2.8532,587.33
2.8561,587.33
2.859,587.33
2.8619,587.33
2.8648,587.33
2.8677,587.33
2.8706,587.33
2.8735,587.33
2.8764,587.33
2.8793,587.33
2.8822,587.33
2.8851,587.33
2.888,587.33
2.8909,587.33
2.8938,587.33
2.8967,587.33
2.8996,587.33
2.9025,587.33
2.9054,587.33
2.9083,587.33
2.9112,587.33
2.9141,587.33
2.917,587.33
2.9199,587.33
2.9228,587.33
2.9257,587.33
2.9286,587.33
2.9315,587.33
2.9344,587.33
2.9373,587.33
2.9402,0
2.9431,0
2.946,0
2.9489,0
2.9518,0
2.9547,0
2.9576,0
2.9605,0
2.9634,0
2.9663,0
2.9693,880
2.9722,880
2.9751,880
2.978,880
2.9809,880
2.9838,880
2.9867,880
2.9896,880
2.9925,880
2.9954,880
2.9983,880
3.0012,880
3.0041,880
3.007,880
3.0099,880
3.0128,880
3.0157,880
3.0186,880
3.0215,880
3.0244,880
3.0273,880
3.0302,880
3.0331,880
3.036,880
3.0389,880
3.0418,880
3.0447,880
3.0476,880
3.0505,880
3.0534,880
3.0563,880
3.0592,880
3.0621,880
3.065,880
3.0679,880
3.0708,880
3.0737,880
3.0766,880
3.0795,880
3.0824,880
3.0854,880
3.0883,880
3.0912,880
3.0941,880
3.097,880
3.0999,880
3.1028,880
3.1057,880
3.1086,880
3.1115,880
3.1144,880
3.1173,880
3.1202,880
3.1231,880
3.126,880
3.1289,880
3.1318,880
3.1347,880
3.1376,880
3.1405,880
3.1434,880
3.1463,0
3.1492,0
3.1521,0
3.155,0
3.1579,0
3.1608,0
3.1637,987.77
3.1666,987.77
3.1695,987.77
3.1724,987.77
3.1753,987.77
3.1782,987.77
3.1811,987.77
3.184,987.77
3.1869,987.77
3.1898,987.77
3.1927,987.77
3.1956,987.77
3.1985,987.77
3.2015,987.77
3.2044,987.77
3.2073,987.77
3.2102,987.77
3.2131,987.77
3.216,987.77
3.2189,987.77
3.2218,987.77
3.2247,987.77
3.2276,987.77
3.2305,987.77
3.2334,987.77
3.2363,987.77
3.2392,987.77
3.2421,987.77
3.245,987.77
3.2479,987.77
3.2508,987.77
3.2537,987.77
3.2566,987.77
3.2595,987.77
3.2624,987.77
3.2653,987.77
3.2682,987.77
3.2711,987.77
3.274,987.77
3.2769,987.77
3.2798,987.77
3.2827,987.77
3.2856,987.77
3.2885,987.77
3.2914,987.77
3.2943,987.77
3.2972,987.77
3.3001,987.77
3.303,987.77
3.3059,987.77
3.3088,987.77
3.3117,987.77
3.3146,987.77
3.3176,987.77
3.3205,987.77
3.3234,987.77
3.3263,987.77
3.3292,987.77
3.3321,987.77
3.335,987.77
3.3379,987.77
3.3408,987.77
3.3437,987.77
3.3466,987.77
3.3495,987.77
3.3524,987.77
3.3553,987.77
3.3582,987.77
3.3611,987.77
3.364,987.77
3.3669,987.77
3.3698,987.77
3.3727,987.77
3.3756,987.77
3.3785,987.77
3.3814,987.77
3.3843,987.77
3.3872,987.77
3.3901,987.77
3.393,987.77
3.3959,987.77
3.3988,987.77
3.4017,987.77
3.4046,987.77
3.4075,987.77
3.4104,987.77
3.4133,987.77
3.4162,987.77
3.4191,987.77
3.422,987.77
3.4249,987.77
3.4278,987.77
3.4307,987.77
3.4337,987.77
3.4366,987.77
3.4395,987.77
3.4424,987.77
3.4453,987.77
3.4482,987.77
3.4511,987.77
3.454,987.77
3.4569,987.77
3.4598,987.77
3.4627,987.77
3.4656,987.77
3.4685,987.77
3.4714,987.77
3.4743,987.77
3.4772,987.77
3.4801,987.77
3.483,987.77
3.4859,987.77
3.4888,987.77
3.4917,987.77
3.4946,987.77
3.4975,987.77
3.5004,987.77
3.5033,987.77
3.5062,987.77
3.5091,987.77
3.512,987.77
3.5149,987.77
3.5178,987.77
3.5207,987.77
3.5236,987.77
3.5265,987.77
3.5294,987.77
3.5323,987.77
3.5352,987.77
3.5381,987.77
3.541,987.77
3.5439,987.77
3.5468,987.77
3.5498,987.77
3.5527,987.77
3.5556,987.77
3.5585,987.77
3.5614,987.77
3.5643,987.77
3.5672,987.77
3.5701,987.77
3.573,987.77
3.5759,987.77
3.5788,987.77
3.5817,987.77
3.5846,987.77
3.5875,987.77
3.5904,987.77
3.5933,987.77
3.5962,987.77
3.5991,987.77
3.602,987.77
3.6049,987.77
3.6078,987.77
3.6107,987.77
3.6136,987.77
3.6165,987.77
3.6194,987.77
3.6223,987.77
3.6252,987.77
3.6281,987.77
3.631,987.77
3.6339,987.77
3.6368,987.77
3.6397,987.77
3.6426,987.77
3.6455,987.77
3.6484,987.77
3.6513,987.77
3.6542,987.77
3.6571,987.77
3.66,987.77
3.6629,987.77
3.6659,987.77
3.6688,987.77
3.6717,987.77
3.6746,987.77
3.6775,987.77
3.6804,987.77
3.6833,987.77
3.6862,987.77
3.6891,987.77
3.692,987.77
3.6949,987.77
3.6978,987.77
3.7007,987.77
3.7036,987.77
3.7065,987.77
3.7094,987.77
3.7123,987.77
3.7152,987.77
3.7181,987.77
3.721,987.77
3.7239,987.77
3.7268,987.77
3.7297,987.77
3.7326,987.77
3.7355,987.77
3.7384,987.77
3.7413,987.77
3.7442,987.77
3.7471,987.77
3.75,987.77
3.7529,987.77
3.7558,987.77
3.7587,987.77
3.7616,987.77
3.7645,987.77
3.7674,0
3.7703,0
3.7732,0
3.7761,0
3.779,0
3.782,0
3.7849,0
3.7878,0
3.7907,392
3.7936,392
3.7965,392
3.7994,392
3.8023,392
3.8052,392
3.8081,392
3.811,392
3.8139,392
3.8168,392
3.8197,392
3.8226,392
3.8255,392
3.8284,392
3.8313,392
3.8342,392
3.8371,392
3.84,392
3.8429,392
3.8458,392
3.8487,392
3.8516,392
3.8545,392
3.8574,392
3.8603,392
3.8632,392
3.8661,392
3.869,392
3.8719,392
3.8748,392
3.8777,392
3.8806,392
3.8835,392
3.8864,392
3.8893,392
3.8922,392
3.8951,392
3.898,392
3.901,392
3.9039,392
3.9068,392
3.9097,392
3.9126,392
3.9155,392
3.9184,392
3.9213,392
3.9242,392
3.9271,392
3.93,392
3.9329,392
3.9358,392
3.9387,392
3.9416,392
3.9445,392
3.9474,392
3.9503,392
3.9532,392
3.9561,392
3.959,392
3.9619,392
3.9648,392
3.9677,392
3.9706,392
3.9735,392
3.9764,392
3.9793,392
3.9822,0
3.9851,0
3.988,0
3.9909,0
3.9938,0
3.9967,0
3.9996,0
4.0025,0
4.0054,0
4.0083,587.33
4.0112,587.33
4.0141,587.33
4.0171,587.33
4.02,587.33
4.0229,587.33
4.0258,587.33
4.0287,587.33
4.0316,587.33
4.0345,587.33
4.0374,587.33
4.0403,587.33
4.0432,587.33
4.0461,587.33
4.049,587.33
4.0519,587.33
4.0548,587.33
4.0577,587.33
4.0606,587.33
4.0635,587.33
4.0664,587.33
4.0693,587.33
4.0722,587.33
4.0751,587.33
4.078,587.33
4.0809,587.33
4.0838,587.33
4.0867,587.33
4.0896,587.33
4.0925,587.33
4.0954,587.33
4.0983,587.33
4.1012,587.33
4.1041,587.33
4.107,587.33
4.1099,587.33
4.1128,587.33
4.1157,587.33
4.1186,587.33
4.1215,587.33
4.1244,587.33
4.1273,587.33
4.1302,587.33
4.1332,587.33
4.1361,587.33
4.139,587.33
4.1419,587.33
4.1448,587.33
4.1477,587.33
4.1506,587.33
4.1535,587.33
4.1564,587.33
4.1593,587.33
4.1622,587.33
4.1651,587.33
4.168,587.33
4.1709,587.33
4.1738,587.33
4.1767,587.33
4.1796,587.33
4.1825,587.33
4.1854,587.33
4.1883,587.33
4.1912,587.33
4.1941,587.33
4.197,587.33
4.1999,0
4.2028,0
4.2057,0
4.2086,0
4.2115,0
4.2144,0
4.2173,0
4.2202,0
4.2231,0
4.226,0
4.2289,880
4.2318,880
4.2347,880
4.2376,880
4.2405,880
4.2434,880
4.2463,880
4.2493,880
4.2522,880
4.2551,880
4.258,880
4.2609,880
4.2638,880
4.2667,880
4.2696,880
4.2725,880
4.2754,880
4.2783,880
4.2812,880
4.2841,880
4.287,880
4.2899,880
4.2928,880
4.2957,880
4.2986,880
4.3015,880
4.3044,880
4.3073,880
4.3102,880
4.3131,880
4.316,880
4.3189,880
4.3218,880
4.3247,880
4.3276,880
4.3305,880
4.3334,880
4.3363,880
4.3392,880
4.3421,880
4.345,880
4.3479,880
4.3508,880
4.3537,880
4.3566,880
4.3595,880
4.3624,880
4.3654,880
4.3683,880
4.3712,880
4.3741,880
4.377,880
4.3799,880
4.3828,880
4.3857,880
4.3886,880
4.3915,880
4.3944,880
4.3973,880
4.4002,880
4.4031,880
4.406,880
4.4089,0
4.4118,0
4.4147,0
4.4176,0
4.4205,0
4.4234,0
4.4263,987.77
4.4292,987.77
4.4321,987.77
4.435,987.77
4.4379,987.77
4.4408,987.77
4.4437,987.77
4.4466,987.77
4.4495,987.77
4.4524,987.77
4.4553,987.77
4.4582,987.77
4.4611,987.77
4.464,987.77
4.4669,987.77
4.4698,987.77
4.4727,987.77
4.4756,987.77
4.4785,987.77
4.4815,987.77
4.4844,987.77
4.4873,987.77
4.4902,987.77
4.4931,987.77
4.496,987.77
4.4989,987.77
4.5018,987.77
4.5047,987.77
4.5076,987.77
4.5105,987.77
4.5134,987.77
4.5163,987.77
4.5192,987.77
4.5221,987.77
4.525,987.77
4.5279,987.77
4.5308,987.77
4.5337,987.77
4.5366,987.77
4.5395,987.77
4.5424,987.77
4.5453,987.77
4.5482,987.77
4.5511,987.77
4.554,987.77
4.5569,987.77
4.5598,987.77
4.5627,987.77
4.5656,987.77
4.5685,987.77
4.5714,987.77
4.5743,987.77
4.5772,987.77
4.5801,987.77
4.583,987.77
4.5859,987.77
4.5888,987.77
4.5917,987.77
4.5946,987.77
4.5976,987.77
4.6005,987.77
4.6034,987.77
4.6063,987.77
4.6092,987.77
4.6121,987.77
4.615,987.77
4.6179,987.77
4.6208,987.77
4.6237,987.77
4.6266,987.77
4.6295,987.77
4.6324,987.77
4.6353,987.77
4.6382,987.77
4.6411,987.77
4.644,987.77
4.6469,987.77
4.6498,987.77
4.6527,987.77
4.6556,987.77
4.6585,987.77
4.6614,987.77
4.6643,987.77
4.6672,987.77
4.6701,987.77
4.673,987.77
4.6759,987.77
4.6788,987.77
4.6817,987.77
4.6846,987.77
4.6875,987.77
4.6904,987.77
4.6933,987.77
4.6962,987.77
4.6991,987.77
4.702,987.77
4.7049,987.77
4.7078,987.77
4.7107,987.77
4.7137,987.77
4.7166,987.77
4.7195,987.77
4.7224,987.77
4.7253,987.77
4.7282,987.77
4.7311,987.77
4.734,987.77
4.7369,987.77
4.7398,987.77
4.7427,987.77
4.7456,987.77
4.7485,987.77
4.7514,987.77
4.7543,987.77
4.7572,987.77
4.7601,987.77
4.763,987.77
4.7659,987.77
4.7688,987.77
4.7717,987.77
4.7746,987.77
4.7775,987.77
4.7804,987.77
4.7833,987.77
4.7862,987.77
4.7891,987.77
4.792,987.77
4.7949,987.77
4.7978,987.77
4.8007,987.77
4.8036,987.77
4.8065,987.77
4.8094,987.77
4.8123,987.77
4.8152,987.77
4.8181,987.77
4.821,987.77
4.8239,987.77
4.8268,987.77
4.8298,987.77
4.8327,987.77
4.8356,0
4.8385,0
4.8414,0
4.8443,0
4.8472,0
4.8501,0
4.853,0
4.8559,0
4.8588,0
4.8617,0
4.8646,0
4.8675,0
4.8704,0
4.8733,0
4.8762,1174.7
4.8791,1174.7
4.882,1174.7
4.8849,1174.7
4.8878,1174.7
4.8907,1174.7
4.8936,1174.7
4.8965,1174.7
4.8994,1174.7
4.9023,1174.7
4.9052,1174.7
4.9081,1174.7
4.911,1174.7
4.9139,1174.7
4.9168,1174.7
4.9197,1174.7
4.9226,1174.7
4.9255,1174.7
4.9284,1174.7
4.9313,1174.7
4.9342,1174.7
4.9371,1174.7
4.94,1174.7
4.9429,1174.7
4.9459,1174.7
4.9488,1174.7
4.9517,1174.7
4.9546,1174.7
4.9575,1174.7
4.9604,1174.7
4.9633,1174.7
4.9662,1174.7
4.9691,1174.7
4.972,1174.7
4.9749,1174.7
4.9778,1174.7
4.9807,1174.7
4.9836,1174.7
4.9865,1174.7
4.9894,1174.7
4.9923,1174.7
4.9952,1174.7
4.9981,1174.7
5.001,1174.7
5.0039,0
