0, 24.8826, 0
0.0464399, 28.8428, 0
0.0928798, 22.8944, 0
0.13932, 27.2505, 0
0.18576, 9.18289, 0
0.2322, 13.2389, 0
0.278639, 8.21678, 0
0.325079, 4.73076, 0
0.371519, 4.49798, 0
0.417959, 9.62556, 0
0.464399, 9.44547, 0
0.510839, 12.0276, 0
0.557279, 8.91112, 0
0.603719, 5.11242, 0
0.650159, 5.02291, 0
0.696599, 2.1643, 0
0.743039, -0.690518, 0
0.789478, -1.57054, 0
0.835918, -1.58264, 0
0.882358, -3.35139, 0
0.928798, -3.02204, 0
0.975238, -6.169, 0
1.02168, 3.06906, 0
1.06812, 3.62187, 0
1.11456, 8.40785, 0
1.161, 8.14969, 0
1.20744, 6.83443, 0
1.25388, 5.0654, 0
1.30032, 4.00632, 0
1.34676, 1.08182, 0
1.3932, -0.960104, 0
1.43964, -3.09247, 0
1.48608, 5.89026, 0
1.53252, 12.2305, 0
1.57896, 2.36164, 0
1.6254, 3.64124, 0
1.67184, 3.14393, 0
1.71828, 0.651793, 0
1.76472, -1.16285, 0
1.81116, -2.23775, 0
1.8576, -0.943084, 0
1.90404, -0.281234, 0
1.95048, -0.445544, 0
1.99692, -0.215125, 0
2.04336, -4.15382, 0
2.0898, -6.53812, 0
2.13624, -7.55473, 0
2.18268, -7.34295, 0
2.22912, -6.16896, 0
2.27556, -7.23256, 0
2.322, -6.17556, 0
2.36844, -7.30058, 0
2.41488, -7.98575, 0
2.46132, -8.39109, 0
2.50776, -8.91397, 0
2.55419, -5.67364, 0
2.60063, -14.3707, 0
2.64707, -17.7263, 0
2.69351, -17.7572, 0
2.73995, -17.8495, 0
2.78639, -16.2793, 0
2.83283, -15.1805, 0
2.87927, 0.740098, 0
2.92571, -2.11234, 0
2.97215, -7.17763, 0
3.01859, -9.82821, 0
3.06503, -9.17927, 0
3.11147, -9.53471, 0
3.15791, -9.94662, 0
3.20435, -10.2005, 0
3.25079, -10.6342, 0
3.29723, -10.9464, 0
3.34367, -9.83432, 0
3.39011, -3.11392, 0
3.43655, -4.45636, 0
3.48299, -2.49054, 0
3.52943, 1.36146, 0
3.57587, 5.52, 1
3.62231, 2.47534, 1
3.66875, 4.80366, 1
3.71519, 5.19719, 1
3.76163, 3.10984, 1
3.80807, 3.62528, 1
3.85451, 9.70531, 1
3.90095, 9.54263, 1
3.94739, 16.6877, 1
3.99383, 13.8976, 1
4.04027, 11.2677, 1
4.08671, 0.406108, 1
4.13315, 4.45318, 1
4.17959, 3.48313, 1
4.22603, 1.49253, 1
4.27247, 5.64051, 1
4.31891, 12.8247, 1
4.36535, 9.52511, 1
4.41179, 4.94361, 1
4.45823, 10.5268, 1
4.50467, 7.38102, 1
4.55111, 6.71374, 1
4.59755, 7.24077, 1
4.64399, 2.56365, 1
4.69043, 4.96311, 1
4.73687, 0.832335, 1
4.78331, 10.548, 1
4.82975, 5.03089, 1
4.87619, 11.6728, 1
4.92263, 17.5056, 1
4.96907, 13.9441, 1
5.01551, 10.9483, 1
5.06195, 11.1713, 1
5.10839, 7.4728, 1
5.15483, 5.15397, 1
5.20127, 8.21092, 1
5.24771, 1.81372, 1
5.29415, 0.483328, 1
5.34059, 7.31251, 1
5.38703, 5.51815, 1
5.43347, 6.22515, 1
5.47991, 3.84301, 1
5.52635, -0.175035, 1
5.57279, 0.800128, 1
5.61923, -0.817406, 1
5.66567, -1.32875, 1
5.71211, 3.07883, 1
5.75855, 24.6171, 1
5.80499, 21.6521, 1
5.85143, 17.1738, 1
5.89787, 21.924, 1
5.94431, 20.1853, 1
5.99075, 16.6763, 1
6.03719, 12.4215, 1
6.08363, 11.8182, 1
6.13007, 9.54386, 1
6.17651, 11.0182, 1
6.22295, 10.9316, 1
6.26939, -1.39848, 1
6.31583, 4.3318, 1
6.36227, -0.989833, 0
6.40871, 3.52901, 0
6.45515, 6.28632, 0
6.50159, 6.36548, 0
6.54803, 11.9126, 0
6.59447, 8.82708, 0
6.64091, 5.42785, 0
6.68735, -0.502845, 0
6.73379, -7.22446, 0
6.78023, -2.02694, 0
6.82667, -6.33332, 0
6.87311, 2.83319, 0
6.91955, 0.271545, 0
6.96599, 5.71066, 0
7.01243, 3.97992, 0
7.05887, 2.28021, 0
7.10531, 1.11245, 0
7.15175, -3.05786, 0
7.19819, -4.936, 0
7.24463, -6.95893, 0
7.29107, -9.13136, 0
7.33751, -2.54625, 0
7.38395, -2.01374, 0
7.43039, -8.12689, 0
7.47683, -7.70815, 0
7.52327, -8.83221, 0
7.56971, -0.639132, 0
7.61615, -5.12211, 0
7.66259, -4.39249, 0
7.70902, -4.44921, 0
7.75547, -4.84903, 0
7.8019, -3.02276, 0
7.84834, 2.10883, 0
7.89478, 1.78178, 0
7.94122, 1.08875, 0
7.98766, -1.5365, 0
8.0341, 4.52945, 0
8.08054, 3.72456, 0
8.12698, 1.36246, 0
8.17342, 1.50898, 0
8.21986, 2.96446, 0
8.2663, 4.42044, 0
8.31274, 0.313421, 0
8.35918, -1.57983, 0
8.40562, -3.74689, 0
8.45206, -0.853752, 0
8.4985, -7.93599, 0
8.54494, -11.8245, 0
8.59138, -11.8041, 0
8.63782, -12.1893, 0
8.68426, -11.5457, 0
8.7307, -10.5566, 0
8.77714, -10.9245, 0
8.82358, -10.7744, 0
8.87002, -10.5583, 0
8.91646, 1.44582, 0
8.9629, -5.01671, 0
9.00934, -8.37122, 0
9.05578, -7.1006, 0
9.10222, -6.16693, 0
9.14866, -9.0998, 0
9.1951, -10.5176, 0
9.24154, -4.68512, 0
9.28798, -7.52516, 0
9.33442, -1.26482, 0
9.38086, -2.98431, 0
9.4273, -2.33869, 0
9.47374, -2.46557, 0
9.52018, -1.97092, 0
9.56662, 0.680309, 0
9.61306, 1.22623, 0
9.6595, -4.43645, 0
9.70594, -2.86439, 0
9.75238, 0.874149, 0
9.79882, -0.875033, 0
9.84526, 0.84067, 0
9.8917, 5.17282, 0
9.93814, 5.14581, 0
9.98458, 2.45774, 0
10.031, -10.1595, 0
10.0775, -8.92823, 0
10.1239, -10.7302, 0
10.1703, -8.58044, 0
10.2168, -4.13712, 0
10.2632, -8.31341, 0
10.3097, -8.76426, 0
10.3561, -8.90716, 0
10.4025, -8.68707, 0
10.449, -4.44388, 0
10.4954, 6.13655, 0
10.5419, 1.0934, 0
10.5883, 0.00660669, 0
10.6347, 9.29407, 0
10.6812, 16.3997, 0
10.7276, 17.2734, 0
10.7741, 11.9802, 0
10.8205, 11.1025, 0
10.8669, 5.80026, 0
10.9134, 4.3883, 0
10.9598, 1.12139, 0
11.0063, -0.298344, 0
11.0527, -2.73401, 0
11.0991, 1.30318, 0
11.1456, 3.45686, 0
11.192, 3.99155, 0
11.2385, 9.30077, 0
11.2849, 5.64724, 0
11.3313, 2.68754, 0
11.3778, -2.77959, 0
11.4242, -5.01141, 0
11.4707, -9.30161, 0
11.5171, -9.88073, 0
11.5635, -10.3963, 0
11.61, -11.7929, 0
11.6564, -11.5996, 0
11.7029, -11.7982, 0
11.7493, -11.9817, 0
11.7957, -8.60917, 0
11.8422, -9.16474, 0
11.8886, -4.72379, 0
11.9351, -10.7888, 0
11.9815, -5.43637, 0
12.0279, -3.23532, 0
12.0744, -2.8473, 0
12.1208, -0.220718, 0
12.1673, 0.787366, 0
12.2137, -0.886641, 0
12.2601, 0.39078, 0
12.3066, -6.20707, 0
12.353, -8.12048, 0
12.3995, -6.46433, 0
12.4459, -4.89738, 0
12.4923, 1.671, 0
12.5388, -2.80721, 0
12.5852, 3.74572, 0
12.6317, 6.39875, 0
12.6781, -0.842372, 0
12.7245, -2.88068, 0
12.771, -5.4499, 0
12.8174, -7.89487, 0
12.8639, -9.16709, 0
12.9103, -6.92517, 0
12.9567, -12.1302, 0
13.0032, -14.7243, 0
13.0496, -16.9332, 0
13.0961, -16.7769, 0
13.1425, -4.03856, 0
13.1889, -5.87909, 0
13.2354, -3.23768, 0
13.2818, -4.44982, 0
13.3283, -5.19701, 0
13.3747, -6.26728, 0
13.4211, -1.60524, 0
13.4676, -6.18002, 0
13.514, 3.27393, 0
13.5605, -1.23994, 0
13.6069, -2.8729, 0
13.6533, 3.69766, 0
13.6998, 2.16483, 0
13.7462, -0.112636, 0
13.7927, -1.39353, 0
13.8391, -0.508211, 0
13.8855, 1.07584, 0
13.932, -3.94774, 0
13.9784, -4.49014, 0
14.0249, -3.67365, 0
14.0713, -7.5081, 0
14.1177, -6.5742, 0
14.1642, -7.69114, 0
14.2106, -10.8716, 0
14.2571, -11.9326, 0
14.3035, -12.115, 0
14.3499, -13.2681, 0
14.3964, -13.226, 0
14.4428, -12.3183, 0
14.4893, -0.466707, 0
14.5357, -1.36597, 0
14.5821, -3.82855, 0
14.6286, -6.15326, 0
14.675, -4.45068, 0
14.7215, -3.90142, 0
14.7679, -3.49187, 0
14.8143, -0.736023, 0
14.8608, -0.794799, 0
14.9072, -1.73, 0
14.9537, -5.84975, 0
15.0001, 0.907302, 0
15.0465, -0.0205892, 0
15.093, 1.63714, 0
15.1394, -3.62479, 0
15.1859, 0.234131, 0
15.2323, -3.17096, 0
15.2787, -1.55809, 0
15.3252, 1.80474, 0
15.3716, 1.68465, 0
15.418, -7.68457, 0
15.4645, -1.18719, 0
15.5109, 1.43513, 0
15.5574, 1.44034, 0
15.6038, 2.06545, 0
15.6502, 2.04107, 0
15.6967, -3.18185, 0
15.7431, -3.52599, 0
15.7896, 4.8852, 0
15.836, 5.85082, 0
15.8824, 1.0438, 0
15.9289, 2.47097, 0
15.9753, -1.35181, 0
16.0218, -2.39834, 0
16.0682, -3.00115, 0
16.1146, -1.99884, 0
16.1611, -1.64647, 0
16.2075, -0.581414, 0
16.254, -0.637573, 0
16.3004, -1.56269, 0
16.3468, -4.77744, 0
16.3933, -6.77951, 0
16.4397, -7.86296, 0
16.4862, -9.26567, 0
16.5326, -10.6853, 0
16.579, -8.03128, 0
16.6255, -6.94996, 0
16.6719, -8.23015, 0
16.7184, -9.6962, 0
16.7648, -3.14098, 0
16.8112, -4.55545, 0
16.8577, -4.56255, 0
16.9041, -0.143372, 0
16.9506, -0.858999, 0
16.997, 1.8847, 0
17.0434, 4.44183, 0
17.0899, 5.24105, 0
17.1363, 9.35761, 0
17.1828, 5.59187, 0
17.2292, -0.879762, 0
17.2756, -2.01273, 0
17.3221, 4.8936, 0
17.3685, 1.82025, 0
17.415, -0.423633, 0
17.4614, 2.55211, 0
17.5078, -0.207497, 0
17.5543, 1.18949, 0
17.6007, -1.79623, 0
17.6472, -1.64972, 0
17.6936, 3.01553, 0
17.74, 7.58425, 0
17.7865, 0.462823, 0
17.8329, -1.08943, 0
17.8794, 0.886658, 0
17.9258, 1.34224, 0
17.9722, -6.9347, 0
18.0187, 3.11889, 0
18.0651, -2.04229, 0
18.1116, -2.99082, 0
18.158, 0.596334, 0
18.2044, 2.0638, 0
18.2509, -1.48086, 0
18.2973, -1.85753, 0
18.3438, 4.44256, 0
18.3902, 3.92165, 0
18.4366, 5.0565, 0
18.4831, 3.97175, 0
18.5295, 2.36818, 0
18.576, -2.05803, 0
18.6224, 4.07942, 0
18.6688, 1.49446, 0
18.7153, -1.15791, 0
18.7617, -1.96009, 0
18.8082, -0.654773, 0
18.8546, -0.739394, 0
18.901, 1.28985, 0
18.9475, 4.05866, 0
18.9939, 5.379, 0
19.0404, 1.56794, 0
19.0868, -8.78484, 0
19.1332, -9.21884, 0
19.1797, -5.10715, 0
19.2261, -5.80184, 0
19.2726, -7.41783, 0
19.319, -0.811578, 0
19.3654, -3.72662, 0
19.4119, -1.11795, 0
19.4583, 4.10704, 0
19.5048, 0.896717, 0
19.5512, 4.39291, 0
19.5976, 5.39965, 0
19.6441, -0.194637, 0
19.6905, -5.08551, 0
19.737, -3.05309, 0
19.7834, 5.50055, 0
19.8298, 1.73739, 0
19.8763, 6.29787, 0
19.9227, 5.85363, 0
19.9692, 0.853171, 0
20.0156, -4.91812, 0
20.062, -1.03311, 0
20.1085, -1.0155, 0
20.1549, 4.21472, 0
20.2014, 7.26498, 0
20.2478, 7.17494, 0
20.2942, -3.0501, 0
20.3407, -1.61922, 0
20.3871, -0.116157, 0
20.4336, 1.98495, 0
20.48, 10.1684, 0
20.5264, 3.10997, 0
20.5729, -1.29114, 0
20.6193, 4.20711, 0
20.6658, 6.31639, 0
20.7122, 10.5332, 0
20.7586, 7.41935, 0
20.8051, 1.85662, 0
20.8515, -3.71485, 0
20.898, -4.67661, 0
20.9444, -7.03542, 0
20.9908, -7.95448, 0
21.0373, -9.53137, 0
21.0837, -9.73141, 0
21.1302, -8.89932, 0
21.1766, -6.40944, 0
21.223, -3.41126, 0
21.2695, 2.46809, 0
21.3159, -1.14107, 0
21.3624, -4.44147, 0
21.4088, -7.13615, 0
21.4552, -4.98574, 0
21.5017, -3.27401, 0
21.5481, 1.42074, 0
21.5946, 5.46892, 0
21.641, 6.73108, 0
21.6874, 6.23189, 0
21.7339, 4.03444, 0
21.7803, -1.00006, 0
21.8268, -3.95741, 0
21.8732, -5.37876, 0
21.9196, -5.9887, 0
21.9661, -7.51307, 0
22.0125, -2.89493, 0
22.059, -2.00247, 0
22.1054, 3.28798, 0
22.1518, 6.87346, 0
22.1983, -0.511354, 0
22.2447, -3.59104, 0
22.2912, -5.0749, 0
22.3376, -6.40443, 0
22.384, -7.40919, 0
22.4305, -1.68252, 0
22.4769, 3.61327, 0
22.5234, 2.21151, 0
22.5698, 2.55644, 0
22.6162, -3.3523, 0
22.6627, -4.3944, 0
22.7091, -0.212344, 0
22.7556, -4.37529, 0
22.802, 0.413147, 0
22.8484, 8.56994, 0
22.8949, 8.85449, 0
22.9413, -5.35416, 0
22.9878, 1.58186, 0
23.0342, -0.730029, 0
23.0806, 8.00301, 0
23.1271, 7.58389, 0
23.1735, 5.23719, 0
23.22, -0.524714, 0
23.2664, -3.84907, 0
23.3128, -6.18541, 0
23.3593, -7.57136, 0
23.4057, -4.01944, 0
23.4522, -4.40778, 0
23.4986, 0.782023, 0
23.545, -0.684287, 0
23.5915, -0.147897, 0
23.6379, -0.207398, 0
23.6844, -6.44062, 0
23.7308, -1.23001, 0
23.7772, -5.58876, 0
23.8237, -7.34403, 0
23.8701, 1.68243, 0
23.9166, 6.58045, 0
23.963, 7.1841, 0
24.0094, 3.07922, 0
24.0559, -0.6967, 0
24.1023, -4.9283, 0
24.1488, -6.99179, 0
24.1952, -7.58078, 0
24.2416, -8.49655, 0
24.2881, -2.0125, 0
24.3345, 2.67428, 0
24.381, 4.46377, 0
24.4274, 2.88333, 0
24.4738, -3.79265, 0
24.5203, -5.79706, 0
24.5667, -0.895262, 0
24.6132, -4.23072, 0
24.6596, -2.64083, 0
24.706, 4.84189, 0
24.7525, -0.172197, 0
24.7989, -5.65365, 0
24.8454, -7.27025, 0
24.8918, -9.3979, 0
24.9382, -10.1433, 0
24.9847, -2.00942, 0
25.0311, 4.90365, 0
25.0776, 6.74648, 0
25.124, 4.70522, 0
25.1704, 0.0221952, 0
25.2169, -0.568188, 0
25.2633, 1.63186, 0
25.3098, 5.34557, 0
25.3562, 3.23746, 0
25.4026, 5.03752, 0
25.4491, 0.993132, 0
25.4955, -0.489395, 0
25.542, -4.15834, 0
25.5884, -5.96879, 0
25.6348, -5.46129, 0
25.6813, -4.05528, 0
25.7277, -0.329197, 0
25.7741, 1.67415, 0
25.8206, 1.51327, 0
25.867, 2.03594, 0
25.9135, 2.08419, 0
25.9599, -6.45682, 0
26.0063, 1.04864, 0
26.0528, -5.72504, 0
26.0992, -0.549132, 0
26.1457, 0.906975, 0
26.1921, -0.946692, 0
26.2385, -6.75352, 0
26.285, -5.11837, 0
26.3314, -1.47317, 0
26.3779, -1.2265, 0
26.4243, 3.68513, 0
26.4707, 0.396579, 0
26.5172, -0.00762469, 0
26.5636, -1.2476, 0
26.6101, -5.11716, 0
26.6565, 4.0761, 0
26.7029, 2.04736, 0
26.7494, -0.139694, 0
26.7958, 2.33851, 0
26.8423, 1.98758, 0
26.8887, -4.25704, 0
26.9351, 4.51382, 0
26.9816, 2.39563, 0
27.028, 1.76779, 0
27.0745, 0.674385, 0
27.1209, -0.0641055, 0
27.1673, -6.412, 0
27.2138, -8.85642, 0
27.2602, -5.10442, 0
27.3067, -13.4234, 0
27.3531, -5.41808, 0
27.3995, -12.093, 0
27.446, -0.679325, 0
27.4924, -5.69243, 0
27.5389, -1.28634, 0
27.5853, 1.72712, 0
27.6317, 4.57651, 0
27.6782, 1.74471, 0
27.7246, -2.51881, 0
27.7711, -2.83024, 0
27.8175, -5.76537, 0
27.8639, -8.37329, 0
27.9104, -8.10472, 0
27.9568, -11.3292, 0
28.0033, -6.11642, 0
28.0497, 3.04046, 0
28.0961, -3.94118, 0
28.1426, -2.1799, 0
28.189, 3.98344, 0
28.2355, 2.37289, 0
28.2819, 0.891063, 0
28.3283, 0.0152221, 0
28.3748, -8.15277, 0
28.4212, 0.818202, 0
28.4677, 0.922508, 0
28.5141, 0.609809, 0
28.5605, -1.98889, 0
28.607, -4.45692, 0
28.6534, -2.49618, 0
28.6999, -8.09187, 0
28.7463, -4.53399, 0
28.7927, -0.462814, 0
28.8392, 2.29342, 0
28.8856, 3.23389, 0
28.9321, -3.68753, 0
28.9785, -4.61475, 0
29.0249, -1.29455, 0
29.0714, -0.378436, 0
29.1178, -2.77728, 0
29.1643, -4.58732, 0
29.2107, -2.55253, 0
29.2571, -6.30708, 0
29.3036, -5.32282, 0
29.35, -9.34424, 0
29.3965, -9.84759, 0
29.4429, -2.79424, 0
29.4893, -5.68975, 0
29.5358, -9.52027, 0
29.5822, 0.462435, 0
29.6287, -3.68979, 0
29.6751, -8.10148, 0
29.7215, -13.2847, 0
29.768, 0.302027, 0
29.8144, -7.76262, 0
29.8609, 1.02889, 0
29.9073, -0.281973, 0
29.9537, -3.11848, 0
30.0002, -7.24269, 0
30.0466, -7.54405, 0
30.0931, -5.62075, 0
30.1395, -1.02443, 0
30.1859, -6.19994, 0
30.2324, -1.82044, 0
30.2788, -0.229564, 0
30.3253, -3.37086, 0
30.3717, -2.08403, 0
30.4181, -4.71157, 0
30.4646, -0.763749, 0
30.511, -2.46285, 0
30.5575, -4.31128, 0
30.6039, 1.96436, 0
30.6503, -1.36528, 0
30.6968, 3.03873, 0
30.7432, 0.701763, 0
30.7897, -0.48727, 0
30.8361, -3.3929, 0
30.8825, -3.9727, 0
30.929, -5.50148, 0
30.9754, -8.66832, 0
31.0219, -3.54785, 0
31.0683, -9.06277, 0
31.1147, -10.5983, 0
31.1612, -12.6941, 0
31.2076, -6.49536, 0
31.2541, -2.90141, 0
31.3005, -5.78788, 0
31.3469, 0.331809, 0
31.3934, 5.15717, 0
31.4398, 0.175726, 0
31.4863, 6.26988, 0
31.5327, 2.56842, 0
31.5791, -6.16593, 0
31.6256, -1.51375, 0
31.672, -5.01721, 0
31.7185, -6.92615, 0
31.7649, 1.13123, 0
31.8113, -4.91491, 0
31.8578, -2.75254, 0
31.9042, -9.83843, 0
31.9507, -6.19892, 0
31.9971, 0.00973078, 0
32.0435, -0.286848, 0
32.09, 0.893437, 0
32.1364, 1.50197, 0
32.1829, 2.08417, 0
32.2293, 5.16467, 0
32.2757, 6.60207, 0
32.3222, 3.8314, 0
32.3686, 1.71502, 0
32.4151, -2.37219, 0
32.4615, -7.34669, 0
32.5079, -8.6092, 0
32.5544, -5.01263, 0
32.6008, -7.63578, 0
32.6473, 1.97412, 0
32.6937, -5.1119, 0
32.7401, -2.65475, 0
32.7866, 6.05422, 0
32.833, 5.48186, 0
32.8795, 7.41174, 0
32.9259, 0.622477, 0
32.9723, 8.53368, 0
33.0188, 0.809952, 0
33.0652, 8.62243, 0
33.1117, -7.89935, 0
33.1581, -5.39928, 0
33.2045, 5.37314, 0
33.251, 5.0001, 0
33.2974, 8.24348, 0
33.3439, 4.05114, 0
33.3903, 5.36312, 0
33.4367, 4.4326, 0
33.4832, -2.41918, 0
33.5296, 5.66261, 0
33.5761, 4.74626, 0
33.6225, 3.75753, 0
33.6689, 1.88064, 0
33.7154, -1.21965, 0
33.7618, 1.77195, 0
33.8083, -2.19883, 0
33.8547, 4.59909, 0
33.9011, 3.27926, 0
33.9476, 6.23309, 0
33.994, 3.33126, 0
34.0405, 2.26357, 0
34.0869, -0.709786, 0
34.1333, 2.69129, 0
34.1798, 5.573, 0
34.2262, 0.367621, 0
34.2727, -3.13266, 0
34.3191, 3.85484, 0
34.3655, -4.27284, 0
34.412, -6.06742, 0
34.4584, -6.90827, 0
34.5049, -6.70768, 0
34.5513, -7.88663, 0
34.5977, -8.11558, 0
34.6442, -9.12648, 0
34.6906, -9.8488, 0
34.7371, -5.97588, 0
34.7835, -1.96254, 0
34.8299, 3.55176, 0
34.8764, 2.92103, 0
34.9228, 3.05343, 0
34.9693, 3.33938, 0
35.0157, 4.30268, 0
35.0621, 1.59328, 0
35.1086, 1.28447, 0
35.155, 4.33158, 0
35.2015, 1.54344, 0
35.2479, -0.498702, 0
35.2943, -2.04617, 0
35.3408, -3.09746, 0
35.3872, 4.83666, 0
35.4337, 2.43615, 0
35.4801, -0.898168, 0
35.5265, -2.6796, 0
35.573, 1.88789, 0
35.6194, -0.327999, 0
35.6659, -1.73336, 0
35.7123, -3.80713, 0
35.7587, 6.18217, 0
35.8052, 2.6453, 0
35.8516, -1.54614, 0
35.898, 1.06932, 0
35.9445, 7.43543, 0
35.9909, -5.17053, 0
36.0374, -7.33917, 0
36.0838, -6.53267, 0
36.1302, -5.75798, 0
36.1767, -7.30231, 0
36.2231, 5.66222, 0
36.2696, 3.27729, 0
36.316, -1.45904, 0
36.3624, 5.80424, 0
36.4089, -1.13892, 0
36.4553, 0.493118, 0
36.5018, -1.70041, 0
36.5482, -1.89683, 0
36.5947, -4.52553, 0
36.6411, 7.54101, 0
36.6875, 5.81334, 0
36.734, 5.14604, 0
36.7804, 5.89667, 0
36.8268, 4.94132, 0
36.8733, 0.0738906, 0
36.9197, -1.55959, 0
36.9662, -4.81197, 0
37.0126, -5.35636, 0
37.059, 0.507945, 0
37.1055, 4.42323, 0
37.1519, -1.13261, 0
37.1984, -2.28237, 0
37.2448, -3.58034, 0
37.2912, 2.58956, 0
37.3377, 1.67844, 0
37.3841, -4.28497, 0
37.4306, -1.57015, 0
37.477, -5.02963, 0
37.5234, 1.86552, 0
37.5699, -1.17952, 0
37.6163, -2.77195, 0
37.6628, -2.90617, 0
37.7092, -3.24245, 0
37.7556, 0.17621, 0
37.8021, -0.128971, 0
37.8485, 0.787363, 0
37.895, -2.71486, 0
37.9414, -1.19682, 0
37.9878, -0.290446, 0
38.0343, -3.20574, 0
38.0807, -7.69802, 0
38.1272, -6.21117, 0
38.1736, -3.67791, 0
38.22, 1.73422, 0
38.2665, 0.233076, 0
38.3129, -8.19809, 0
38.3594, -10.2436, 0
38.4058, -11.0535, 0
38.4522, -11.4886, 0
38.4987, -0.691048, 0
38.5451, -3.2274, 0
38.5916, -2.45434, 0
38.638, -0.0493924, 0
38.6844, -5.0914, 0
38.7309, -3.92041, 0
38.7773, -9.26588, 0
38.8238, -4.28644, 0
38.8702, -1.91128, 0
38.9166, -7.87436, 0
38.9631, -8.86898, 0
39.0095, -14.6988, 0
39.056, -15.1418, 0
39.1024, -14.3419, 0
39.1488, -14.3651, 0
39.1953, -15.0361, 0
39.2417, -13.0588, 0
39.2882, -14.5842, 0
39.3346, -15.9887, 0
39.381, -15.9366, 0
39.4275, -13.1733, 0
39.4739, -12.8311, 0
39.5204, -10.4497, 0
39.5668, -12.233, 0
39.6132, -1.25101, 0
39.6597, -4.2069, 0
39.7061, -5.51421, 0
39.7526, -2.20468, 0
39.799, -3.97651, 0
39.8454, -0.543878, 0
39.8919, -1.06718, 0
39.9383, -3.00818, 0
39.9848, -6.35282, 0
40.0312, -7.66467, 0
40.0776, -9.0549, 0
40.1241, -10.031, 0
40.1705, -10.7049, 0
40.217, -14.0067, 0
40.2634, -13.3068, 0
40.3098, -13.0234, 0
40.3563, -16.2876, 0
40.4027, -16.8311, 0
40.4492, -14.5597, 0
40.4956, -18.0371, 0
40.542, -17.179, 0
40.5885, -16.6114, 0
40.6349, -17.7564, 0
40.6814, -14.9966, 0
40.7278, 0.105843, 0
40.7742, 16.4322, 1
40.8207, 24.9036, 1
40.8671, 24.2488, 1
40.9136, 21.401, 1
40.96, 22.5135, 1
41.0064, 19.4394, 1
41.0529, 21.1933, 1
41.0993, 19.7971, 1
41.1458, 18.85, 1
41.1922, 19.4317, 1
41.2386, 18.8972, 1
41.2851, 19.121, 1
41.3315, 19.8319, 1
41.378, 20.4278, 1
41.4244, 16.5073, 1
41.4708, 19.2806, 1
41.5173, 18.8308, 1
41.5637, 19.0846, 1
41.6102, 17.5945, 1
41.6566, 17.3416, 1
41.703, 18.3525, 1
41.7495, 16.8171, 1
41.7959, 18.3898, 1
41.8424, 16.9277, 1
41.8888, 19.1688, 1
41.9352, 19.3839, 1
41.9817, 20.4767, 1
42.0281, 20.86, 1
42.0746, 17.2293, 1
42.121, 15.767, 1
42.1674, 5.94344, 1
42.2139, 3.73599, 1
42.2603, 5.44744, 1
42.3068, 8.48943, 1
42.3532, 4.6748, 1
42.3996, 1.94251, 1
42.4461, 9.24676, 1
42.4925, 7.55221, 1
42.539, 4.28198, 1
42.5854, 6.98108, 1
42.6318, 3.33067, 1
42.6783, 2.52066, 1
42.7247, 4.88434, 1
42.7712, 3.93549, 1
42.8176, 3.29131, 1
42.864, 2.16967, 1
42.9105, 1.91915, 1
42.9569, 3.8488, 1
43.0034, 8.1765, 1
43.0498, 15.3736, 1
43.0962, 14.7589, 1
43.1427, 7.05125, 1
43.1891, 10.3644, 1
43.2356, 10.4835, 1
43.282, 11.6502, 1
43.3284, 12.9424, 1
43.3749, 11.3925, 1
43.4213, 11.5449, 1
43.4678, 14.4186, 1
43.5142, 12.4821, 1
43.5606, 14.9687, 1
43.6071, 13.8362, 1
43.6535, 14.5043, 1
43.7, 13.2129, 1
43.7464, 14.3793, 1
43.7928, 16.4981, 1
43.8393, 13.1171, 1
43.8857, 10.3035, 1
43.9322, 10.7926, 1
43.9786, 11.973, 1
44.025, 7.10807, 1
44.0715, 8.42574, 1
44.1179, 11.0716, 1
44.1644, 7.60737, 1
44.2108, 11.7605, 1
44.2572, 12.7867, 1
44.3037, 14.4015, 1
44.3501, 17.3249, 1
44.3966, 19.815, 1
44.443, 13.6138, 1
44.4894, 13.9117, 1
44.5359, 14.2883, 1
44.5823, 12.8719, 1
44.6288, 13.9042, 1
44.6752, 13.7482, 1
44.7216, 14.7967, 1
44.7681, 15.9868, 1
44.8145, 14.3648, 1
44.861, 13.369, 1
44.9074, 9.87478, 1
44.9538, 16.1253, 1
45.0003, 15.7815, 1
45.0467, 15.1779, 1
45.0932, 19.3786, 1
45.1396, 17.6539, 1
45.186, 20.213, 1
45.2325, 18.8356, 1
45.2789, 22.5138, 1
45.3254, 18.6172, 1
45.3718, 19.9208, 1
45.4182, 15.5982, 1
45.4647, 10.9949, 1
45.5111, 8.63367, 1
45.5576, 8.25127, 1
45.604, 9.20433, 1
45.6504, 8.07213, 1
45.6969, 11.0144, 1
45.7433, 9.4501, 1
45.7897, 9.51361, 1
45.8362, 10.3524, 1
45.8826, 11.7196, 1
45.9291, 10.4258, 1
45.9755, 3.23398, 1
46.0219, 5.9658, 1
46.0684, 4.98179, 1
46.1148, 9.15915, 1
46.1613, 6.97076, 1
46.2077, 8.90789, 1
46.2542, 8.87908, 1
46.3006, 8.30672, 1
46.347, 8.507, 1
46.3935, 9.08624, 1
46.4399, 9.87323, 1
46.4864, 10.2755, 1
46.5328, 10.1706, 1
46.5792, 11.8178, 1
46.6257, 13.1402, 1
46.6721, 14.4664, 1
46.7185, 18.433, 1
46.765, 20.0092, 1
46.8114, 13.9205, 1
46.8579, 8.11019, 1
46.9043, 10.9601, 1
46.9507, 11.006, 1
46.9972, 10.1815, 1
47.0436, 10.9826, 1
47.0901, 11.5736, 1
47.1365, 13.0095, 1
47.1829, 15.5051, 1
47.2294, 18.0262, 1
47.2758, 15.9289, 1
47.3223, 16.7386, 1
47.3687, 19.0549, 1
47.4151, 16.8952, 1
47.4616, 15.3846, 1
47.508, 16.4161, 1
47.5545, 16.7628, 1
47.6009, 17.0749, 1
47.6473, 14.0472, 1
47.6938, 16.0116, 1
47.7402, 9.04542, 1
47.7867, 12.3663, 1
47.8331, 14.4508, 1
47.8795, 11.5072, 1
47.926, 11.1088, 1
47.9724, 11.1616, 1
48.0189, 13.467, 1
48.0653, 18.1802, 1
48.1117, 18.7479, 1
48.1582, 15.4846, 1
48.2046, 17.6648, 1
48.2511, 4.83838, 1
48.2975, 6.38967, 1
48.3439, 4.77818, 1
48.3904, 4.84946, 1
48.4368, 2.95668, 1
48.4833, 4.21157, 1
48.5297, 5.11891, 1
48.5761, 5.10427, 1
48.6226, 6.70411, 1
48.669, 7.37668, 1
48.7155, 8.7141, 1
48.7619, 11.1251, 1
48.8083, 5.8304, 1
48.8548, 8.91316, 1
48.9012, 7.73813, 1
48.9477, 8.32162, 1
48.9941, 8.4809, 1
49.0405, 10.5993, 1
49.087, 10.683, 1
49.1334, 12.6996, 1
49.1799, 10.6044, 1
49.2263, 10.5349, 1
49.2727, 11.469, 1
49.3192, 11.3206, 1
49.3656, 14.5461, 1
49.4121, 10.4861, 1
49.4585, 13.7545, 1
49.5049, 13.8698, 1
49.5514, 13.45, 1
49.5978, 11.2249, 1
49.6443, 8.12492, 1
49.6907, 9.28765, 1
49.7371, 8.99564, 1
49.7836, 6.54019, 1
49.83, 8.318, 1
49.8765, 8.50007, 1
49.9229, 7.88853, 1
49.9693, 7.86506, 1
50.0158, 8.51535, 1
50.0622, 11.2737, 1
50.1087, 13.9589, 1
50.1551, 13.2578, 1
50.2015, 10.5639, 1
50.248, 14.9485, 1
50.2944, 11.6908, 1
50.3409, 7.1618, 1
50.3873, 8.76952, 1
50.4337, 7.9081, 1
50.4802, 7.75784, 1
50.5266, 4.85303, 1
50.5731, 11.3371, 1
50.6195, 8.72293, 1
50.6659, 14.0242, 1
50.7124, 11.7212, 1
50.7588, 9.98337, 1
50.8053, 10.7714, 1
50.8517, 13.2228, 1
50.8981, 13.5181, 1
50.9446, 6.68607, 1
50.991, 7.69446, 1
51.0375, 10.9714, 1
51.0839, 8.76418, 1
51.1303, 7.37858, 1
51.1768, 8.87308, 1
51.2232, 8.50559, 1
51.2697, 4.20244, 1
51.3161, 7.29684, 1
51.3625, 11.1882, 1
51.409, 4.75319, 1
51.4554, 5.75673, 1
51.5019, 5.30357, 1
51.5483, 2.82914, 1
51.5947, -1.38733, 1
51.6412, -1.85562, 1
51.6876, -0.822439, 1
51.7341, 0.888035, 1
51.7805, 4.75875, 1
51.8269, 4.58371, 1
51.8734, 1.61423, 1
51.9198, 3.98368, 1
51.9663, -2.98665, 1
52.0127, -8.28064, 1
52.0591, -2.28744, 1
52.1056, 6.75913, 1
52.152, 5.0448, 1
52.1985, 4.51393, 0
52.2449, 0.0292546, 0
52.2913, 1.98536, 0
52.3378, 2.75857, 0
52.3842, 1.02755, 0
52.4307, -0.668154, 0
52.4771, 8.70436, 0
52.5235, 1.7183, 0
52.57, -1.51251, 0
52.6164, -1.19324, 0
52.6629, 1.58001, 0
52.7093, 1.05139, 0
52.7557, 1.77046, 0
52.8022, -1.35919, 0
52.8486, 7.75007, 0
52.8951, 4.53354, 0
52.9415, -0.581224, 0
52.9879, -3.02333, 0
53.0344, 6.40486, 0
53.0808, -1.50699, 0
53.1273, -1.17004, 0
53.1737, -4.66559, 0
53.2201, -2.94115, 0
53.2666, -3.02615, 0
53.313, -3.4695, 0
53.3595, 6.28451, 0
53.4059, 4.71729, 0
53.4523, -0.829693, 0
53.4988, 7.17778, 0
53.5452, -2.31722, 0
53.5917, -0.713411, 0
53.6381, -5.16505, 0
53.6845, -5.30067, 0
53.731, -6.61597, 0
53.7774, 7.77363, 0
53.8239, 9.23306, 0
53.8703, 5.22686, 0
53.9167, 7.75859, 0
53.9632, 1.98682, 0
54.0096, 0.556191, 0
54.0561, -2.68705, 0
54.1025, -2.47802, 0
54.1489, -4.73302, 0
54.1954, 0.127574, 0
54.2418, -1.99215, 0
54.2883, -4.04173, 0
54.3347, 13.2399, 0
54.3811, -0.108074, 0
54.4276, -6.85249, 0
54.474, -10.0079, 0
54.5205, -10.368, 0
54.5669, -9.58114, 0
54.6133, 0.84203, 0
54.6598, -1.81785, 0
54.7062, -2.7532, 0
54.7527, -0.590812, 0
54.7991, -7.74881, 0
54.8455, 2.00925, 0
54.892, -2.05038, 0
54.9384, 2.03944, 0
54.9849, 2.03383, 0
55.0313, 0.670236, 0
55.0777, 5.77985, 0
55.1242, 3.17662, 0
55.1706, 1.34439, 0
55.2171, -3.16651, 0
55.2635, -0.323379, 0
55.3099, 5.00269, 0
55.3564, 12.9283, 0
55.4028, 10.4771, 0
55.4493, 6.71704, 0
55.4957, 3.19946, 0
55.5421, -0.387005, 0
55.5886, 0.730977, 0
55.635, -1.60791, 0
55.6814, -2.75685, 0
55.7279, -3.79994, 0
55.7743, 2.97058, 0
55.8208, -1.86801, 0
55.8672, -3.08464, 0
55.9137, -3.47937, 0
55.9601, 4.315, 0
56.0065, 4.97727, 0
56.053, 6.07693, 0
56.0994, 7.43822, 0
56.1459, 7.38028, 0
56.1923, 8.12418, 0
56.2387, 7.22334, 0
56.2852, 11.3714, 0
56.3316, 7.95634, 0
56.3781, 7.87505, 0
56.4245, -6.4135, 0
56.4709, -9.03851, 0
56.5174, -7.71838, 0
56.5638, -11.6552, 0
56.6102, -11.9737, 0
56.6567, -3.86324, 0
56.7031, -1.39835, 0
56.7496, -3.51462, 0
56.796, -6.04055, 0
56.8424, -1.93469, 0
56.8889, 7.21621, 0
56.9353, 3.81675, 0
56.9818, 1.54303, 0
57.0282, -1.67721, 0
57.0746, -3.47714, 0
57.1211, -2.23064, 0
57.1675, -4.69032, 0
57.214, -4.3173, 0
57.2604, -2.22839, 0
57.3068, -3.74231, 0
57.3533, -2.83714, 0
57.3997, -10.1298, 0
57.4462, -4.04806, 0
57.4926, 0.33497, 0
57.539, -5.08906, 0
57.5855, -1.41463, 0
57.6319, 2.64778, 0
57.6784, 4.22744, 0
57.7248, 4.63561, 0
57.7712, 5.24733, 0
57.8177, 3.9066, 0
57.8641, -4.31022, 0
57.9106, -8.02904, 0
57.957, -9.62788, 0
58.0034, -10.1229, 0
58.0499, 2.28796, 0
58.0963, -0.753879, 0
58.1428, 4.19712, 0
58.1892, 3.95911, 0
58.2356, 3.55283, 0
58.2821, -0.667794, 0
58.3285, -2.42552, 0
58.375, -2.45969, 0
58.4214, -2.61404, 0
58.4678, -3.1018, 0
58.5143, -4.93949, 0
58.5607, -2.00024, 0
58.6072, -8.18844, 0
58.6536, -10.3053, 0
58.7, -14.6737, 0
58.7465, -8.28312, 0
58.7929, -8.08147, 0
58.8394, -2.46702, 0
58.8858, -4.80986, 0
58.9322, -3.35165, 0
58.9787, 2.3241, 0
59.0251, 4.48014, 0
59.0716, 1.17061, 0
59.118, -3.33066, 0
59.1644, 5.05788, 0
59.2109, 8.20925, 0
59.2573, 5.9239, 0
59.3038, 7.52407, 0
59.3502, 2.62293, 0
59.3966, -1.97343, 0
59.4431, -5.89638, 0
59.4895, -5.2984, 0
59.536, -3.92236, 0
59.5824, 2.62322, 0
59.6288, -5.55605, 0
59.6753, -1.89041, 0
59.7217, -2.47117, 0
59.7682, -8.15939, 0
59.8146, -9.29143, 0
59.861, -12.3875, 0
59.9075, -4.11506, 0
59.9539, 1.69574, 0
60.0004, 2.86815, 0
60.0468, 2.87524, 0
60.0932, 6.16239, 0
60.1397, 6.38595, 0
60.1861, 6.73801, 0
60.2326, -8.02893, 0
60.279, -5.4407, 0
60.3254, -6.89853, 0
60.3719, -7.42735, 0
60.4183, -5.69028, 0
60.4648, 0.0841399, 0
60.5112, 1.65485, 0
60.5576, 1.66394, 0
60.6041, 3.46827, 0
60.6505, -1.10047, 0
60.697, -7.42262, 0
60.7434, 1.2644, 0
60.7898, 0.834534, 0
60.8363, -1.32617, 0
60.8827, 0.0320147, 0
60.9292, 5.98477, 0
60.9756, 8.30851, 0
61.022, 9.82491, 0
61.0685, 6.40101, 0
61.1149, 7.41809, 0
61.1614, -2.91614, 0
61.2078, -4.61503, 0
61.2542, -6.21661, 0
61.3007, -7.82903, 0
61.3471, -8.93508, 0
61.3936, -9.55918, 0
61.44, -2.88122, 0
61.4864, -5.63033, 0
61.5329, -2.11244, 0
61.5793, 2.8594, 0
61.6258, 5.09376, 0
61.6722, 5.52328, 0
61.7186, 7.9154, 0
61.7651, 5.63315, 0
61.8115, 10.3858, 0
61.858, 11.9207, 0
61.9044, 9.71326, 0
61.9508, 6.81359, 0
61.9973, 3.24679, 0
62.0437, -2.17788, 0
62.0902, -4.37256, 0
62.1366, -5.86822, 0
62.183, -6.32473, 0
62.2295, -6.45195, 0
62.2759, -6.36265, 0
62.3224, -8.04329, 0
62.3688, -7.88775, 0
62.4152, -8.55835, 0
62.4617, -9.16627, 0
62.5081, -9.64362, 0
62.5546, -7.77591, 0
62.601, -4.81465, 0
62.6474, -4.86604, 0
62.6939, -4.95165, 0
62.7403, 2.44181, 0
62.7868, -6.17424, 0
62.8332, -2.27933, 0
62.8796, -2.05668, 0
62.9261, -0.408616, 0
62.9725, 0.566102, 0
63.019, -3.86509, 0
63.0654, 3.50794, 0
63.1118, 1.97702, 0
63.1583, -1.38325, 0
63.2047, -2.80059, 0
63.2512, 0.407407, 0
63.2976, -3.95601, 0
63.344, -3.867, 0
63.3905, -5.19574, 0
63.4369, -6.44004, 0
63.4834, -9.81198, 0
63.5298, -2.60778, 0
63.5762, -8.44098, 0
63.6227, -12.8134, 0
63.6691, -3.53444, 0
63.7156, -5.36481, 0
63.762, -13.2531, 0
63.8084, -4.83061, 0
63.8549, -9.49934, 0
63.9013, -9.33895, 0
63.9478, -12.1348, 0
63.9942, -11.2429, 0
64.0406, 1.94874, 0
64.0871, -10.8534, 0
64.1335, -10.1714, 0
64.18, -10.3875, 0
64.2264, -11.386, 0
64.2728, -10.6545, 0
64.3193, -12.6607, 0
64.3657, -13.5095, 0
64.4122, -13.5952, 0
64.4586, -13.461, 0
64.505, -13.9176, 0
64.5515, -13.8994, 0
64.5979, -13.9561, 0
64.6444, -13.2533, 0
64.6908, -12.6904, 0
64.7372, -13.3824, 0
64.7837, -13.9776, 0
64.8301, -4.55946, 0
64.8766, -6.83097, 0
64.923, 0.219256, 0
64.9694, -2.54348, 0
65.0159, -7.89984, 0
65.0623, -5.4147, 0
65.1087, -7.52615, 0
65.1552, -1.58291, 0
65.2016, -4.00844, 0
65.2481, -6.61928, 0
65.2945, -8.56296, 0
65.341, -10.1527, 0
65.3874, -11.8253, 0
65.4338, -11.5707, 0
65.4803, -13.2376, 0
65.5267, -15.0062, 0
65.5732, -13.346, 0
65.6196, -13.8715, 0
65.666, -15.9825, 0
65.7125, -13.273, 0
65.7589, -13.2388, 0
65.8054, -13.9818, 0
65.8518, -11.6073, 0
65.8982, -12.0826, 1
65.9447, -13.0918, 1
65.9911, 0.202187, 1
66.0376, 12.2014, 1
66.084, 14.6325, 1
66.1304, 3.33087, 1
66.1769, 3.89947, 1
66.2233, 2.94891, 1
66.2698, 2.08044, 1
66.3162, 2.60088, 1
66.3626, 12.5847, 1
66.4091, 22.4197, 1
66.4555, 22.7855, 1
66.502, 25.0848, 1
66.5484, 25.1338, 1
66.5948, 27.0514, 1
66.6413, 22.1293, 1
66.6877, 13.1898, 1
66.7341, 15.6792, 1
66.7806, 17.961, 1
66.827, 17.2599, 1
66.8735, 16.0018, 1
66.9199, 11.8199, 1
66.9663, 10.3497, 1
67.0128, 18.9944, 1
67.0592, 19.5633, 1
67.1057, 18.5204, 1
67.1521, 14.2684, 1
67.1985, 13.9694, 1
67.245, 15.9226, 1
67.2914, 14.9378, 1
67.3379, 14.1053, 1
67.3843, 12.811, 1
67.4307, 13.9438, 1
67.4772, 12.3732, 1
67.5236, 5.55144, 1
67.5701, 4.00042, 1
67.6165, 5.18631, 1
67.6629, 7.40098, 1
67.7094, 4.97797, 1
67.7558, 1.22299, 1
67.8023, 4.18922, 1
67.8487, 3.27498, 1
67.8951, 4.4742, 1
67.9416, 8.68423, 1
67.988, 13.9149, 1
68.0345, 15.4698, 1
68.0809, 16.7741, 1
68.1273, 18.0186, 1
68.1738, 19.5218, 1
68.2202, 20.2406, 1
68.2667, 16.6193, 1
68.3131, 21.0848, 1
68.3595, 19.6705, 1
68.406, 6.65756, 1
68.4524, 7.45543, 1
68.4989, 4.79522, 1
68.5453, 1.92667, 1
68.5917, 8.66199, 1
68.6382, 3.97741, 1
68.6846, 3.57362, 1
68.7311, 6.28156, 1
68.7775, 13.8265, 1
68.8239, 14.6337, 1
68.8704, 16.3235, 1
68.9168, 16.5217, 1
68.9633, 15.1418, 1
69.0097, 12.9772, 1
69.0561, 9.80656, 1
69.1026, 5.1624, 1
69.149, -0.758724, 1
69.1955, 10.1386, 1
69.2419, 16.9739, 1
69.2883, 16.4084, 1
69.3348, 14.1048, 1
69.3812, 19.2878, 1
69.4277, 17.2192, 1
69.4741, 16.6211, 1
69.5205, 10.3752, 1
69.567, 12.3643, 1
69.6134, 13.0658, 1
69.6599, 13.8001, 1
69.7063, 12.9558, 1
69.7527, 13.0909, 1
69.7992, 5.86526, 1
69.8456, 4.89198, 1
69.8921, 11.3854, 1
69.9385, 5.36036, 1
69.9849, 3.12352, 1
70.0314, 6.50466, 1
70.0778, 6.48092, 1
70.1243, 5.27123, 1
70.1707, 2.51255, 1
70.2171, -0.519668, 1
70.2636, 0.318429, 1
70.31, 9.38376, 1
70.3565, 8.84405, 1
70.4029, 5.95164, 1
70.4493, 3.58224, 1
70.4958, 1.48412, 1
70.5422, 0.00689225, 1
70.5887, -0.564757, 1
70.6351, -2.0299, 1
70.6815, -1.76939, 1
70.728, -0.248225, 1
70.7744, 10.2672, 1
70.8209, 15.8432, 1
70.8673, 10.7329, 1
70.9137, 3.01124, 1
70.9602, 1.79266, 1
71.0066, 1.46617, 1
71.0531, 0.563911, 1
71.0995, 6.13732, 1
71.1459, 7.41726, 1
71.1924, 5.28407, 1
71.2388, 2.40188, 1
71.2853, 0.11253, 1
71.3317, 0.324754, 1
71.3781, 3.87081, 1
71.4246, -0.640526, 1
71.471, -0.37075, 1
71.5175, 2.12347, 1
71.5639, 8.18656, 1
71.6103, 11.4403, 1
71.6568, 13.3432, 1
71.7032, 11.7841, 1
71.7497, 7.09676, 1
71.7961, 8.0553, 1
71.8425, 12.8402, 1
71.889, 14.3446, 1
71.9354, 15.1025, 1
71.9819, 5.86432, 1
72.0283, 4.1211, 1
72.0747, 3.53168, 1
72.1212, 7.43333, 1
72.1676, 9.32896, 1
72.2141, 9.4565, 1
72.2605, 11.7912, 1
72.3069, 11.1699, 1
72.3534, 11.4121, 1
72.3998, 4.54067, 1
72.4463, 6.388, 1
72.4927, 7.08114, 1
72.5391, 5.06817, 1
72.5856, 1.82901, 1
72.632, 5.59517, 1
72.6785, -0.426051, 1
72.7249, 13.5812, 1
72.7713, 14.2333, 1
72.8178, 13.3584, 1
72.8642, 8.10183, 1
72.9107, 0.793422, 1
72.9571, 0.676992, 1
73.0035, 0.845949, 1
73.05, 2.0512, 1
73.0964, 4.15359, 1
73.1429, 6.44777, 1
73.1893, 9.16621, 1
73.2357, 9.45878, 1
73.2822, 12.202, 1
73.3286, 14.3788, 1
73.3751, 15.5336, 1
73.4215, 16.0569, 1
73.4679, 9.53047, 1
73.5144, 9.97745, 1
73.5608, -1.36797, 1
73.6073, 0.0867052, 1
73.6537, -0.987293, 1
73.7001, 3.40286, 1
73.7466, 1.61435, 1
73.793, -2.72339, 1
73.8395, 1.00629, 1
73.8859, 9.44703, 1
73.9323, 11.0436, 1
73.9788, 3.42163, 1
74.0252, 2.3044, 1
74.0717, 0.290122, 1
74.1181, 8.15601, 1
74.1645, 17.0469, 1
74.211, 11.5109, 1
74.2574, 2.5261, 1
74.3039, 3.25697, 1
74.3503, 1.61492, 1
74.3967, 8.1769, 1
74.4432, 13.3175, 1
74.4896, 19.3486, 1
74.5361, 17.1219, 1
74.5825, 14.5686, 1
74.6289, 19.0799, 1
74.6754, 18.1511, 1
74.7218, 17.1007, 1
74.7683, 19.5837, 1
74.8147, 19.8758, 1
74.8611, 22.6189, 1
74.9076, 18.975, 1
74.954, 17.8763, 1
75.0005, 15.5039, 1
75.0469, 19.6864, 1
75.0933, 18.746, 1
75.1398, 17.8134, 1
75.1862, 14.9209, 1
75.2327, 25.6408, 1
75.2791, 11.534, 1
75.3255, 10.4437, 1
75.372, 24.4804, 1
75.4184, 19.7936, 1
75.4649, 21.3798, 1
75.5113, 12.3339, 1
75.5577, 12.3828, 1
75.6042, 12.2143, 1
75.6506, 11.3882, 1
75.6971, 9.79627, 1
75.7435, 4.57264, 1
75.7899, 6.3447, 1
75.8364, 4.68464, 1
75.8828, 7.73327, 1
75.9293, 8.53484, 1
75.9757, 12.2511, 1
76.0221, 7.63301, 1
76.0686, 11.6672, 1
76.115, 11.2367, 1
76.1615, 7.43114, 1
76.2079, 2.30914, 1
76.2543, -2.33236, 1
76.3008, -6.58473, 0
76.3472, -1.42481, 0
76.3937, -8.32812, 0
76.4401, -0.413714, 0
76.4865, -2.07461, 0
76.533, -2.90769, 0
76.5794, 2.07309, 0
76.6258, 0.90728, 0
76.6723, -6.46418, 0
76.7187, 1.1151, 0
76.7652, -0.352691, 0
76.8116, 2.5739, 0
76.858, -3.08761, 0
76.9045, -2.44732, 0
76.9509, -2.71992, 0
76.9974, -4.0468, 0
77.0438, -3.68995, 0
77.0902, -4.42074, 0
77.1367, -5.52666, 0
77.1831, -7.85679, 0
77.2296, -10.077, 0
77.276, -11.5598, 0
77.3224, -12.2989, 0
77.3689, -12.6028, 0
77.4153, -3.62761, 0
77.4618, -5.63018, 0
77.5082, -8.15106, 0
77.5546, -10.7108, 0
77.6011, -6.72533, 0
77.6475, -5.62304, 0
77.694, -8.57689, 0
77.7404, -4.16017, 0
77.7868, -5.73276, 0
77.8333, -6.20659, 0
77.8797, -4.34973, 0
77.9262, -0.77695, 0
77.9726, 1.50816, 0
78.0191, -2.88594, 0
78.0655, -1.76664, 0
78.1119, -4.5365, 0
78.1584, -7.13264, 0
78.2048, -7.76008, 0
78.2512, -9.44322, 0
78.2977, -9.78647, 0
78.3441, -9.90481, 0
78.3906, -10.3265, 0
78.437, -11.2249, 0
78.4834, -11.5792, 0
78.5299, -11.2601, 0
78.5763, -11.5686, 0
78.6228, -12.2453, 0
78.6692, -13.7829, 0
78.7156, -14.4839, 0
78.7621, -15.0991, 0
78.8085, -12.8516, 0
78.855, -15.0954, 0
78.9014, -15.0536, 0
78.9478, -13.6406, 0
78.9943, -14.714, 0
79.0407, -14.2422, 0
79.0872, -14.231, 1
79.1336, -13.7385, 1
79.18, 2.09815, 1
79.2265, 3.80231, 1
79.2729, 11.0574, 1
79.3194, 10.2346, 1
79.3658, 21.4463, 1
79.4122, 20.5587, 1
79.4587, 18.1332, 1
79.5051, 12.781, 1
79.5516, 9.20466, 1
79.598, 6.24374, 1
79.6444, 7.0603, 1
79.6909, 5.56968, 1
79.7373, 0.786091, 1
79.7838, 9.38952, 1
79.8302, 13.678, 1
79.8766, 14.6121, 1
79.9231, 10.5762, 1
79.9695, 6.12104, 1
80.016, 1.52384, 1
80.0624, 0.909729, 1
80.1088, 1.62304, 1
80.1553, 0.825373, 1
80.2017, 1.13782, 1
80.2482, 2.13562, 1
80.2946, 11.2581, 1
80.341, 17.0169, 1
80.3875, 16.555, 1
80.4339, 16.5178, 1
80.4804, 15.0633, 1
80.5268, 13.2162, 1
80.5732, 11.3765, 1
80.6197, 6.87694, 1
80.6661, 7.67347, 1
80.7126, 6.65911, 0
80.759, 8.56021, 0
80.8054, 4.64208, 0
80.8519, 2.38193, 0
80.8983, 3.32441, 0
80.9448, 1.55877, 0
80.9912, 5.17906, 0
81.0376, 4.75708, 0
81.0841, 3.79804, 0
81.1305, 7.02373, 0
81.177, -0.214762, 0
81.2234, -3.46824, 0
81.2698, -1.09868, 0
81.3163, 0.325629, 0
81.3627, -1.70889, 0
81.4092, -4.46573, 0
81.4556, -1.24234, 0
81.502, 1.83439, 1
81.5485, 13.8238, 1
81.5949, 11.0299, 1
81.6414, 10.2696, 1
81.6878, 5.08295, 1
81.7342, 5.09644, 1
81.7807, 2.58341, 1
81.8271, 2.03838, 1
81.8736, 1.18197, 1
81.92, 2.42378, 1
81.9664, 4.42877, 1
82.0129, 4.14811, 1
82.0593, 0.651612, 1
82.1058, 4.60799, 1
82.1522, 2.78014, 1
82.1986, -0.358539, 1
82.2451, 1.12548, 1
82.2915, 2.84587, 1
82.338, 3.3027, 1
82.3844, 2.0609, 1
82.4308, 2.43094, 1
82.4773, 0.691082, 1
82.5237, 1.92193, 1
82.5702, 14.5169, 1
82.6166, 16.4182, 1
82.663, 18.0944, 1
82.7095, 15.7803, 1
82.7559, 20.2993, 1
82.8024, 16.4946, 1
82.8488, 23.6472, 1
82.8952, 12.3773, 1
82.9417, 10.4126, 1
82.9881, 11.7053, 1
83.0346, 11.0116, 1
83.081, 10.9254, 1
83.1274, 10.0059, 1
83.1739, 9.91491, 1
83.2203, 9.61062, 1
83.2668, 10.5625, 1
83.3132, 9.8516, 1
83.3596, 4.62645, 1
83.4061, 3.44586, 1
83.4525, 4.09067, 1
83.499, 6.21046, 1
83.5454, 7.37146, 1
83.5918, 3.50012, 1
83.6383, -1.36797, 1
83.6847, -1.11243, 1
83.7312, -2.91837, 1
83.7776, -1.88311, 1
83.824, -4.95064, 1
83.8705, -5.41134, 1
83.9169, -5.06756, 1
83.9634, -7.6984, 1
84.0098, -5.13586, 1
84.0562, -3.91569, 1
84.1027, 4.82682, 0
84.1491, 3.11465, 0
84.1956, -3.5983, 0
84.242, -2.8801, 0
84.2884, -2.40699, 0
84.3349, -5.99007, 0
84.3813, 2.19687, 0
84.4278, -3.53099, 0
84.4742, -7.09641, 0
84.5206, -10.0508, 0
84.5671, -5.77053, 0
84.6135, -7.3654, 0
84.66, -10.6291, 0
84.7064, -12.5627, 0
84.7528, -13.3801, 0
84.7993, -15.4215, 0
84.8457, -13.3101, 0
84.8922, -13.6879, 0
84.9386, -14.175, 0
84.985, -14.3606, 0
85.0315, -15.9981, 0
85.0779, -15.5276, 0
85.1244, -14.7417, 0
85.1708, -16.1165, 0
85.2172, -16.9227, 1
85.2637, 13.9376, 1
85.3101, 18.8459, 1
85.3566, 18.0067, 1
85.403, 5.94647, 1
85.4494, 2.22785, 1
85.4959, 15.6855, 1
85.5423, 26.5508, 1
85.5888, 20.2179, 1
85.6352, 6.63318, 1
85.6816, 6.81181, 1
85.7281, 12.141, 1
85.7745, 20.6026, 1
85.821, 19.4166, 1
85.8674, 9.13505, 1
85.9138, 7.60722, 1
85.9603, 10.7697, 1
86.0067, 10.7106, 1
86.0532, 10.4245, 1
86.0996, 10.041, 1
86.146, 11.7568, 1
86.1925, 16.3241, 1
86.2389, 16.2474, 1
86.2854, 22.2878, 1
86.3318, 18.9371, 1
86.3782, 15.6518, 1
86.4247, 13.0384, 1
86.4711, 10.5845, 1
86.5175, 7.26997, 1
86.564, 7.78247, 1
86.6104, 7.88193, 1
86.6569, 7.6715, 1
86.7033, 0.286821, 1
86.7497, 8.17576, 1
86.7962, 11.6728, 1
86.8426, 12.2806, 1
86.8891, 4.11399, 1
86.9355, 2.76692, 1
86.9819, 0.997011, 1
87.0284, 0.809635, 1
87.0748, -0.785983, 1
87.1213, -1.40387, 1
87.1677, 0.705944, 1
87.2141, 12.5634, 1
87.2606, 14.1944, 1
87.307, 16.789, 1
87.3535, 18.0609, 1
87.3999, 17.0711, 1
87.4464, 15.6561, 1
87.4928, 19.9284, 1
87.5392, 16.9628, 1
87.5857, 10.9133, 1
87.6321, 15.0384, 1
87.6786, 11.5066, 1
87.725, 11.3614, 1
87.7714, 15.3927, 1
87.8179, 1.50712, 1
87.8643, 7.70955, 1
87.9108, 6.40036, 1
87.9572, 4.57707, 1
88.0036, 2.59363, 1
88.0501, 2.12205, 1
88.0965, 2.53417, 1
88.1429, 5.91662, 1
88.1894, 10.2337, 1
88.2358, 11.4469, 1
88.2823, 11.55, 1
88.3287, 13.87, 1
88.3751, 13.06, 1
88.4216, 14.5493, 1
88.468, 13.529, 1
88.5145, 13.2011, 1
88.5609, 7.19067, 1
88.6073, 12.4445, 1
88.6538, 15.9513, 1
88.7002, 17.7056, 1
88.7467, 16.5031, 1
88.7931, 16.7324, 1
88.8395, 17.3293, 1
88.886, 6.49111, 1
88.9324, 10.1074, 1
88.9789, 10.0601, 1
89.0253, 12.8029, 1
89.0717, 12.9049, 1
89.1182, 16.4245, 1
89.1646, 12.2066, 1
89.2111, 13.6492, 1
89.2575, 10.9713, 1
89.3039, 10.2276, 1
89.3504, 8.60292, 1
89.3968, 10.9032, 1
89.4433, 9.66566, 1
89.4897, 5.26753, 1
89.5361, -1.17389, 0
89.5826, -2.70132, 0
89.629, -3.03526, 0
89.6755, -7.51711, 0
89.7219, -7.39992, 0
89.7683, 0.402291, 0
89.8148, -1.10656, 0
89.8612, 0.282594, 0
89.9077, 4.00185, 0
89.9541, 2.5254, 0
90.0005, 6.9699, 0
90.047, 5.13024, 0
90.0934, 5.59116, 0
90.1399, 8.61085, 0
90.1863, 5.19346, 0
90.2327, 1.54738, 0
90.2792, 1.0479, 0
90.3256, -3.17498, 0
90.3721, -3.18507, 0
90.4185, -3.94886, 0
90.4649, -5.42226, 0
90.5114, -6.61468, 0
90.5578, -7.98209, 0
90.6043, -6.99911, 0
90.6507, -7.75973, 0
90.6971, -9.16962, 0
90.7436, -11.0516, 0
90.79, -12.5162, 0
90.8365, -4.36111, 1
90.8829, 2.34917, 1
90.9293, 12.7875, 1
90.9758, -4.96347, 1
91.0222, -5.06491, 1
91.0687, -7.4983, 1
91.1151, 13.0793, 1
91.1615, 12.8573, 1
91.208, 10.4043, 1
91.2544, 0.747428, 1
91.3009, 4.5428, 1
91.3473, 14.6927, 1
91.3937, 13.9059, 1
91.4402, 2.94247, 1
91.4866, 11.3441, 1
91.5331, 18.6602, 1
91.5795, 14.9223, 1
91.6259, 7.70176, 1
91.6724, 6.11836, 1
91.7188, 1.69059, 1
91.7653, -0.731453, 1
91.8117, 1.76852, 1
91.8581, -2.0698, 1
91.9046, -1.38592, 1
91.951, 1.53936, 1
91.9975, 6.03908, 1
92.0439, 5.8473, 1
92.0903, 7.32006, 1
92.1368, 13.7714, 1
92.1832, 6.87863, 1
92.2297, 5.60587, 1
92.2761, 3.03154, 1
92.3225, 2.86434, 1
92.369, 5.38395, 1
92.4154, 0.00709917, 1
92.4619, 4.47751, 1
92.5083, 7.12282, 1
92.5547, 8.19223, 1
92.6012, 7.38465, 1
92.6476, 13.6971, 1
92.6941, 9.89873, 1
92.7405, 9.16501, 1
92.7869, 12.1374, 1
92.8334, 8.475, 1
92.8798, 9.1361, 1
92.9263, 8.3936, 1
92.9727, 9.88096, 1
93.0191, 16.7445, 1
93.0656, 16.6958, 1
93.112, 7.01355, 1
93.1585, 5.46169, 1
93.2049, 6.50366, 1
93.2513, 9.48471, 1
93.2978, 6.1909, 1
93.3442, 8.13278, 1
93.3907, 10.5252, 1
93.4371, 9.76668, 1
93.4835, 13.2692, 1
93.53, 11.9662, 1
93.5764, 10.4481, 1
93.6229, 6.8865, 1
93.6693, 4.97031, 1
93.7157, 9.12002, 1
93.7622, 8.83749, 1
93.8086, 10.2438, 1
93.8551, 12.8683, 1
93.9015, 11.8183, 1
93.9479, 7.06249, 1
93.9944, 4.78199, 1
94.0408, 9.28656, 1
94.0873, 14.632, 1
94.1337, 9.91887, 1
94.1801, 6.66606, 1
94.2266, 5.00774, 1
94.273, 3.31726, 1
94.3195, 3.47302, 1
94.3659, 0.38095, 1
94.4123, 1.55002, 1
94.4588, 7.86235, 1
94.5052, 3.95546, 1
94.5517, 0.331619, 1
94.5981, 0.336788, 1
94.6445, 0.837515, 1
94.691, -2.17644, 1
94.7374, -0.739482, 1
94.7839, -0.745794, 1
94.8303, 3.85678, 1
94.8767, 9.52065, 1
94.9232, 6.29121, 1
94.9696, 3.53018, 1
95.0161, 5.11323, 1
95.0625, 0.654204, 1
95.1089, 2.01616, 1
95.1554, 2.54989, 1
95.2018, 0.497307, 1
95.2483, 2.9335, 1
95.2947, 5.07109, 1
95.3411, -0.172249, 1
95.3876, -0.996541, 1
95.434, 1.08221, 1
95.4805, 3.00655, 1
95.5269, 1.79771, 1
95.5733, 5.73846, 1
95.6198, 4.54196, 1
95.6662, 6.67124, 1
95.7127, 2.90157, 1
95.7591, 4.12507, 1
95.8055, 3.15008, 1
95.852, 4.25577, 1
95.8984, 19.996, 1
95.9449, 15.1473, 1
95.9913, 16.3943, 1
96.0377, 12.9659, 1
96.0842, 18.9357, 1
96.1306, 15.1224, 1
96.1771, 18.7533, 1
96.2235, 16.0539, 1
96.2699, 15.7413, 1
96.3164, 18.8747, 1
96.3628, 19.0785, 1
96.4092, 17.4591, 1
96.4557, 13.4582, 1
96.5021, 14.987, 1
96.5486, 13.6932, 1
96.595, 15.4286, 1
96.6414, 11.2218, 1
96.6879, 4.11457, 1
96.7343, 7.25584, 1
96.7808, 6.36739, 1
96.8272, 6.47631, 1
96.8736, 9.09157, 1
96.9201, 2.67305, 1
96.9665, 1.59335, 1
97.013, -2.91262, 1
97.0594, -3.27954, 1
97.1059, -1.20823, 0
97.1523, -2.27905, 0
97.1987, 0.453391, 0
97.2452, 5.34118, 0
97.2916, 10.0489, 0
97.3381, 8.79687, 0
97.3845, 9.85806, 0
97.4309, 7.15924, 0
97.4774, 3.59479, 0
97.5238, 2.82694, 0
97.5703, -0.290446, 0
97.6167, -0.543084, 0
97.6631, -1.35762, 0
97.7096, -2.09224, 0
97.756, -2.07605, 0
97.8025, -2.53984, 0
97.8489, -3.68727, 0
97.8953, -3.8585, 0
97.9418, -4.63793, 0
97.9882, -2.31115, 0
98.0346, -7.57269, 0
98.0811, -6.26215, 0
98.1275, -5.24881, 0
98.174, -5.96994, 0
98.2204, 8.27819, 1
98.2668, 17.1029, 1
98.3133, 20.4439, 1
98.3597, 14.8133, 1
98.4062, 10.8843, 1
98.4526, 10.167, 1
98.499, 6.27899, 1
98.5455, 9.3283, 1
98.5919, 12.4249, 1
98.6384, 15.1155, 1
98.6848, 11.3751, 1
98.7312, 16.2408, 1
98.7777, 9.61211, 1
98.8241, 18.7159, 1
98.8706, 14.1449, 1
98.917, 5.24499, 1
98.9634, 1.74937, 1
99.0099, 9.14978, 1
99.0563, 17.0655, 1
99.1028, 17.2126, 1
99.1492, 28.8181, 1
99.1956, 14.7423, 1
99.2421, 11.2528, 1
99.2885, 7.65896, 1
99.335, 10.3624, 1
99.3814, 14.796, 1
99.4278, 6.52861, 1
99.4743, 1.3805, 1
99.5207, 5.88612, 1
99.5672, 11.0786, 1
99.6136, 11.0908, 1
99.66, 6.65973, 1
99.7065, 12.2294, 1
99.7529, 13.5537, 1
99.7994, 10.8939, 1
99.8458, 11.5199, 1
99.8922, 13.5629, 1
99.9387, 12.2879, 1
99.9851, 8.64287, 1
100.032, 4.14535, 1
100.078, 5.53074, 1
100.124, 11.2796, 1
100.171, 16.1091, 1
100.217, 13.1459, 1
100.264, 12.1371, 1
100.31, 9.69335, 1
100.357, 5.59314, 1
100.403, 0.684886, 1
100.45, 1.671, 1
100.496, 3.08526, 1
100.542, 7.51943, 1
100.589, 4.88201, 1
100.635, 3.68314, 1
100.682, 1.12904, 1
100.728, 7.47833, 1
100.775, 13.0868, 1
100.821, 10.5548, 1
100.867, 11.6199, 1
100.914, 12.7384, 1
100.96, 15.2053, 1
101.007, 13.6322, 1
101.053, 15.6093, 1
101.1, 8.07429, 1
101.146, 10.8793, 1
101.193, 12.2295, 1
101.239, 11.6144, 1
101.285, 6.65821, 1
101.332, 6.79985, 1
101.378, 1.33993, 1
101.425, -1.45895, 1
101.471, 0.125248, 1
101.518, 11.2394, 1
101.564, 18.4056, 1
101.611, 15.2434, 1
101.657, 5.53744, 1
101.703, -0.894135, 1
101.75, 8.95831, 1
101.796, 10.0909, 1
101.843, 7.16721, 1
101.889, 8.76272, 1
101.936, 0.957704, 1
101.982, 8.60844, 1
102.028, 11.9384, 1
102.075, 11.8026, 1
102.121, 12.8526, 1
102.168, 14.4923, 1
102.214, 11.8358, 1
102.261, 12.288, 1
102.307, 1.32833, 1
102.354, 0.0608349, 1
102.4, -2.50415, 1
102.446, -2.66436, 1
102.493, -1.53467, 1
102.539, 1.67139, 1
102.586, -0.0988164, 1
102.632, 3.64727, 1
102.679, 8.41096, 1
102.725, 5.69976, 1
102.772, 0.48661, 1
102.818, 7.07016, 1
102.864, 13.6292, 1
102.911, 15.7186, 1
102.957, 16.7947, 1
103.004, 12.25, 1
103.05, 9.94341, 1
103.097, 7.04171, 1
103.143, 7.24887, 1
103.189, 8.66347, 1
103.236, 9.73632, 1
103.282, 9.93765, 1
103.329, 9.21303, 1
103.375, 10.1946, 1
103.422, 8.53236, 1
103.468, 9.09296, 1
103.515, 5.43737, 1
103.561, 2.00256, 1
103.607, -3.79522, 1
103.654, -2.59257, 1
103.7, 5.71573, 1
103.747, -0.170562, 1
103.793, 2.74265, 1
103.84, -3.93177, 1
103.886, -5.65262, 1
103.933, -3.48919, 1
103.979, -5.37035, 1
104.025, -5.04898, 1
104.072, -5.6589, 1
104.118, -2.82015, 1
104.165, 5.22557, 1
104.211, 16.9963, 1
104.258, 14.257, 1
104.304, 17.5128, 1
104.35, 11.7797, 1
104.397, 12.7763, 1
104.443, 13.6639, 1
104.49, 12.8707, 1
104.536, 15.7243, 1
104.583, 16.688, 1
104.629, 15.4018, 1
104.676, 18.0128, 1
104.722, 17.6508, 1
104.768, 15.1776, 1
104.815, 9.70257, 1
104.861, 5.30892, 1
104.908, 2.91299, 1
104.954, 2.63337, 1
105.001, 3.17597, 1
105.047, 13.2496, 1
105.094, 12.3263, 1
105.14, 12.1302, 1
105.186, 12.406, 1
105.233, 9.04997, 1
105.279, 6.85441, 1
105.326, 9.54337, 1
105.372, 8.04565, 1
105.419, 9.65174, 1
105.465, 8.14667, 1
105.511, 9.96411, 1
105.558, 12.2692, 1
105.604, 9.52124, 1
105.651, 9.53538, 1
105.697, 12.3489, 1
105.744, 10.1742, 1
105.79, 6.94384, 1
105.837, 6.04402, 1
105.883, 7.23916, 1
105.929, 4.67646, 1
105.976, 8.25223, 1
106.022, 8.43486, 1
106.069, 11.509, 1
106.115, 6.62408, 1
106.162, 4.58318, 1
106.208, 8.30813, 1
106.255, 2.89213, 1
106.301, 1.43985, 1
106.347, 2.05259, 1
106.394, 5.3716, 1
106.44, 1.42079, 1
106.487, 3.94174, 1
106.533, 5.93164, 1
106.58, 8.15389, 1
106.626, 7.53698, 1
106.672, 8.45537, 1
106.719, 11.1293, 1
106.765, 10.646, 1
106.812, 18.372, 1
106.858, 17.6488, 1
106.905, 13.7694, 1
106.951, 10.8114, 1
106.998, 12.4579, 1
107.044, 10.74, 1
107.09, 10.0304, 1
107.137, 13.27, 1
107.183, 11.5147, 1
107.23, 13.2829, 1
107.276, 14.8625, 1
107.323, 12.6739, 1
107.369, 8.85967, 1
107.416, 12.7993, 1
107.462, 9.62975, 1
107.508, 8.99976, 1
107.555, 11.7421, 1
107.601, 4.91087, 1
107.648, 6.6639, 1
107.694, 7.00707, 1
107.741, 5.75424, 1
107.787, 11.8262, 1
107.833, 10.7978, 1
107.88, 2.68887, 1
107.926, 7.825, 1
107.973, 9.28878, 1
108.019, 8.31746, 1
108.066, 4.52636, 1
108.112, 8.01679, 1
108.159, 6.80103, 1
108.205, 5.16656, 1
108.251, 5.32848, 1
108.298, 4.15344, 1
108.344, 4.41178, 1
108.391, 5.8656, 1
108.437, 9.32922, 1
108.484, 4.13412, 1
108.53, 3.55026, 1
108.577, 4.89019, 1
108.623, 5.49316, 1
108.669, 6.57077, 1
108.716, 6.46127, 1
108.762, 1.89621, 1
108.809, 1.45971, 1
108.855, -1.02043, 1
108.902, -2.23245, 1
108.948, -0.608021, 1
108.994, -0.394334, 1
109.041, 2.72845, 1
109.087, -1.22963, 1
109.134, -1.88022, 1
109.18, -3.60416, 1
109.227, 3.91435, 1
109.273, 3.17238, 1
109.32, 2.76817, 1
109.366, 0.229611, 1
109.412, 0.0840086, 1
109.459, 0.162491, 1
109.505, -2.33792, 1
109.552, -6.45645, 1
109.598, 10.7754, 0
109.645, -0.716979, 0
109.691, -0.119816, 0
109.738, -3.45457, 0
109.784, -3.38347, 0
109.83, -5.14597, 0
109.877, -4.53205, 0
109.923, 7.11839, 0
109.97, 7.85429, 0
110.016, 7.35674, 0
110.063, 2.29999, 0
110.109, 0.116262, 0
110.155, 2.79258, 0
110.202, -1.94056, 0
110.248, -1.21843, 0
110.295, -3.24318, 0
110.341, 5.29428, 0
110.388, 4.3333, 0
110.434, 2.16293, 0
110.481, 7.09265, 0
110.527, 3.66867, 0
110.573, 0.801059, 0
110.62, -1.13077, 0
110.666, -3.54707, 0
110.713, 5.85039, 0
110.759, 2.79392, 0
110.806, 2.3766, 0
110.852, 10.7757, 0
110.899, 0.720838, 0
110.945, 0.220222, 0
110.991, -2.27547, 0
111.038, -3.14436, 0
111.084, -4.54673, 0
111.131, -1.00923, 0
111.177, -1.56415, 0
111.224, -2.20035, 0
111.27, 0.908114, 0
111.316, -3.73449, 0
111.363, -1.67562, 0
111.409, 2.32292, 0
111.456, 1.19063, 0
111.502, 2.25333, 0
111.549, 6.90372, 0
111.595, 3.44167, 0
111.642, 5.11789, 0
111.688, 6.20939, 0
111.734, 1.52815, 0
111.781, -9.66798, 0
111.827, 0.795335, 0
111.874, 7.11486, 0
111.92, 8.10155, 0
111.967, 11.0377, 0
112.013, 8.92719, 0
112.06, 2.64314, 0
112.106, 1.73933, 0
112.152, -0.25488, 0
112.199, 1.01577, 0
112.245, -2.3992, 0
112.292, -3.51493, 0
112.338, 0.75699, 0
112.385, 5.40769, 0
112.431, 8.05565, 0
112.477, 1.52916, 0
112.524, 2.6309, 0
112.57, 8.50326, 0
112.617, 2.69882, 0
112.663, 6.57784, 0
112.71, 5.32769, 0
112.756, 7.17228, 0
112.803, 8.38315, 0
112.849, 11.7594, 0
112.895, 10.4848, 0
112.942, 7.92231, 0
112.988, -3.30424, 0
113.035, -6.24931, 0
113.081, -10.1219, 0
113.128, -10.1956, 0
113.174, -9.34464, 0
113.22, -7.1246, 0
113.267, -2.90868, 0
113.313, -1.90217, 0
113.36, -3.61099, 0
113.406, -6.4446, 0
113.453, 1.67396, 0
113.499, 2.57701, 0
113.546, 2.52672, 0
113.592, 0.800793, 0
113.638, -0.97128, 0
113.685, -2.36792, 0
113.731, -0.714689, 0
113.778, -4.67941, 0
113.824, -2.432, 0
113.871, -3.91613, 0
113.917, -3.68915, 0
113.964, -2.73639, 0
114.01, -7.62709, 0
114.056, -6.32104, 0
114.103, 0.788044, 0
114.149, -0.781818, 0
114.196, 0.768903, 0
114.242, 5.44426, 0
114.289, 7.79214, 0
114.335, 7.60477, 0
114.382, 4.70169, 0
114.428, 1.42341, 0
114.474, -3.39882, 0
114.521, -6.17832, 0
114.567, -6.65726, 0
114.614, -3.82941, 0
114.66, -3.98006, 0
114.707, 3.28332, 0
114.753, 2.97693, 0
114.799, 6.94174, 0
114.846, 2.16804, 0
114.892, 3.26673, 0
114.939, 0.678238, 0
114.985, -3.13347, 0
115.032, -4.32402, 0
115.078, -2.30579, 0
115.125, -3.64313, 0
115.171, -2.03401, 0
115.217, -5.83538, 0
115.264, -6.97602, 0
115.31, -3.29887, 0
115.357, -11.0854, 0
115.403, -6.87636, 0
115.45, -8.62326, 0
115.496, -6.63586, 0
115.542, -3.84036, 0
115.589, -1.27272, 0
115.635, 0.159546, 0
115.682, 0.864194, 0
115.728, 5.43689, 0
115.775, 2.0727, 0
115.821, 1.11545, 0
115.868, 1.32842, 0
115.914, -0.0240549, 0
115.96, 8.05116, 0
116.007, 6.95252, 0
116.053, 5.58291, 0
116.1, -3.05622, 0
116.146, -4.07737, 0
116.193, -5.57933, 0
116.239, -5.43523, 0
116.286, -2.11127, 0
116.332, -7.60222, 0
116.378, -2.32969, 0
116.425, -4.12489, 0
116.471, -13.2923, 0
116.518, -8.08086, 0
116.564, -14.5059, 0
116.611, -4.15789, 0
116.657, -2.11903, 0
116.703, -1.12603, 0
116.75, 2.68324, 0
116.796, 0.758221, 0
116.843, 2.82335, 0
116.889, 2.67945, 0
116.936, -7.51535, 0
116.982, -9.11963, 0
117.029, -8.96327, 0
117.075, -9.33806, 0
117.121, -9.03622, 0
117.168, -2.92469, 0
117.214, -1.466, 0
117.261, -2.60764, 0
117.307, -5.56349, 0
117.354, 1.9785, 0
117.4, -8.07278, 0
117.447, -0.689195, 0
117.493, 1.84176, 0
117.539, -0.326942, 0
117.586, 1.60379, 0
117.632, 2.93845, 0
117.679, 7.93982, 0
117.725, 9.30708, 0
117.772, 9.69375, 0
117.818, 6.89355, 0
117.864, -1.15283, 0
117.911, -6.57449, 0
117.957, -9.47209, 0
118.004, -12.4058, 0
118.05, -12.1646, 0
118.097, -1.82318, 0
118.143, -2.04459, 0
118.19, -2.25065, 0
118.236, 1.72315, 0
118.282, -1.65402, 0
118.329, -0.585929, 0
118.375, 1.928, 0
118.422, 5.30091, 0
118.468, 9.58944, 0
118.515, 14.8221, 0
118.561, 9.41076, 0
118.608, 4.712, 0
118.654, -0.891332, 0
118.7, -2.65542, 0
118.747, -3.48692, 0
118.793, -4.06635, 0
118.84, -5.62046, 0
118.886, -5.07228, 0
118.933, -4.14918, 0
118.979, -4.91155, 0
119.025, -6.3716, 0
119.072, -4.9029, 0
119.118, -9.73018, 0
119.165, -6.62388, 0
119.211, -3.62645, 0
119.258, -4.64929, 0
119.304, -2.50349, 0
119.351, -3.36712, 0
119.397, 0.817007, 0
119.443, 3.89168, 0
119.49, 1.65736, 0
119.536, 6.55908, 0
119.583, 3.27698, 0
119.629, -0.608862, 0
119.676, -0.240551, 0
119.722, -2.3588, 0
119.769, -6.11543, 0
119.815, -3.022, 0
119.861, -0.975881, 0
119.908, 1.69943, 0
119.954, -1.77486, 0
120.001, -2.5883, 0
120.047, -8.37179, 0
120.094, -1.88283, 0
120.14, -3.02974, 0
120.186, -5.91417, 0
120.233, 1.67392, 0
120.279, -7.00284, 0
120.326, -1.17002, 0
120.372, -2.6375, 0
120.419, -4.38, 0
120.465, -5.28089, 0
120.512, -6.31281, 0
120.558, -8.10711, 0
120.604, -8.86652, 0
120.651, -9.99303, 0
120.697, -10.0025, 0
120.744, -10.6038, 0
120.79, -0.821828, 0
120.837, 2.41372, 0
120.883, -3.08369, 0
120.93, -3.1897, 0
120.976, 0.889048, 0
121.022, 3.66053, 0
121.069, 3.253, 0
121.115, 3.24423, 0
121.162, -1.68501, 0
121.208, -0.728468, 0
121.255, -3.33663, 0
121.301, -4.52394, 0
121.347, -4.57317, 0
121.394, -3.63335, 0
121.44, -5.15482, 0
121.487, -4.91438, 0
121.533, -4.87129, 0
121.58, -7.5454, 0
121.626, -9.19656, 0
121.673, -9.28327, 0
121.719, -9.71171, 0
121.765, -8.43578, 0
121.812, -10.1528, 0
121.858, -4.56945, 0
121.905, -7.67283, 0
121.951, 3.77184, 0
121.998, -7.66974, 0
122.044, -13.3951, 0
122.091, -15.9681, 0
122.137, -10.7115, 0
122.183, -9.86659, 0
122.23, -5.61078, 0
122.276, -5.67225, 0
122.323, -6.14014, 0
122.369, -0.487004, 0
122.416, 10.1581, 0
122.462, 0.74094, 0
122.508, -7.26548, 0
122.555, -4.94506, 0
122.601, 2.5222, 0
122.648, 2.16673, 0
122.694, 0.919132, 0
122.741, 2.80517, 0
122.787, 0.751855, 0
122.834, 9.23232, 0
122.88, 4.99125, 0
122.926, 9.03642, 0
122.973, 5.08691, 0
123.019, 1.98038, 0
123.066, 6.99313, 0
123.112, 6.26021, 0
123.159, 5.363, 0
123.205, 7.5359, 0
123.252, 4.00708, 0
123.298, 7.94637, 0
123.344, -0.0609267, 0
123.391, -7.64173, 0
123.437, -5.1721, 0
123.484, -5.02567, 0
123.53, -3.83356, 0
123.577, -5.54013, 0
123.623, -8.0856, 0
123.669, -2.92706, 0
123.716, -4.27884, 0
123.762, -2.38466, 0
123.809, -2.64986, 0
123.855, -2.20055, 0
123.902, 3.89692, 0
123.948, -2.49838, 0
123.995, -2.14601, 0
124.041, -2.99699, 0
124.087, 2.03537, 0
124.134, -10.158, 0
124.18, -12.8012, 0
124.227, -14.8123, 0
124.273, 2.39573, 0
124.32, -0.683938, 0
124.366, -0.148337, 0
124.413, -2.45947, 0
124.459, -0.65994, 0
124.505, -4.9481, 0
124.552, -9.89457, 0
124.598, -9.96538, 0
124.645, -11.1535, 0
124.691, 0.266141, 0
124.738, 0.830586, 0
124.784, -1.22206, 0
124.83, -5.35733, 0
124.877, 5.7346, 0
124.923, -5.58441, 0
124.97, -4.94502, 0
125.016, -8.35463, 0
125.063, -1.5972, 0
125.109, -1.85485, 0
125.156, -8.47829, 0
125.202, -7.80332, 0
125.248, -10.6473, 0
125.295, -11.6825, 0
125.341, -12.1344, 0
125.388, -12.2573, 0
125.434, -11.5992, 0
125.481, -12.3596, 0
125.527, -13.1244, 0
125.574, -14.2067, 0
125.62, -14.6483, 0
125.666, -15.4083, 0
125.713, -15.4275, 0
125.759, -15.4665, 0
125.806, -16.0838, 0
125.852, -16.3359, 0
125.899, -0.960963, 0
125.945, -1.11175, 0
125.991, -4.07083, 0
126.038, -4.84626, 0
126.084, 1.4818, 0
126.131, -3.40565, 0
126.177, 2.28887, 0
126.224, -2.14471, 0
126.27, -0.373844, 0
126.317, -2.61792, 0
126.363, -8.19277, 0
126.409, -9.45214, 0
126.456, -11.2286, 0
126.502, -11.5697, 0
126.549, -12.6165, 0
126.595, -14.9963, 0
126.642, -13.8888, 0
126.688, -15.8718, 0
126.735, -16.1529, 0
126.781, -15.5237, 0
126.827, -16.8315, 0
126.874, -14.2976, 0
126.92, -16.2404, 0
126.967, -11.4421, 0
127.013, 0.965093, 0
127.06, 17.7276, 1
127.106, 18.6882, 1
127.152, 8.72547, 1
127.199, 26.4936, 1
127.245, 23.1218, 1
127.292, 11.8571, 1
127.338, 12.5329, 1
127.385, 12.6996, 1
127.431, 16.0378, 1
127.478, 28.7374, 1
127.524, 27.7509, 1
127.57, 25.1158, 1
127.617, 19.6429, 1
127.663, 21.6459, 1
127.71, 22.806, 1
127.756, 20.1301, 1
127.803, 21.0225, 1
127.849, 23.0195, 1
127.896, 25.0819, 1
127.942, 19.383, 1
127.988, 19.4665, 1
128.035, 10.2572, 1
128.081, 12.7105, 0
128.128, 9.31652, 0
128.174, 12.7525, 0
128.221, 13.2809, 0
128.267, 10.2881, 0
128.313, 8.09573, 0
128.36, 5.68118, 0
128.406, 5.85955, 0
128.453, 3.6775, 0
128.499, 1.58934, 0
128.546, 2.22661, 0
128.592, -0.287726, 0
128.639, 1.40186, 0
128.685, -2.644, 0
128.731, -1.71599, 0
128.778, -2.41594, 0
128.824, 0.890002, 0
128.871, 15.6238, 1
128.917, 21.39, 1
128.964, 19.5289, 1
129.01, 8.41633, 1
129.057, 6.57076, 1
129.103, 7.15246, 1
129.149, 5.53279, 1
129.196, 26.6399, 1
129.242, 37.0692, 1
129.289, 25.4533, 1
129.335, 23.0851, 1
129.382, 31.6101, 1
129.428, 33.5514, 1
129.474, 35.3263, 1
129.521, 24.4097, 1
129.567, 25.9342, 1
129.614, 33.3995, 1
129.66, 34.3153, 1
129.707, 28.1243, 1
129.753, 27.6278, 1
129.8, 20.8289, 1
129.846, 8.10029, 1
129.892, 22.2213, 1
129.939, 16.913, 1
129.985, 9.28543, 1
130.032, 8.15649, 1
130.078, 4.72991, 1
130.125, 5.83366, 1
130.171, 7.29611, 1
130.217, 5.90841, 1
130.264, 8.10075, 1
130.31, 4.75727, 1
130.357, 7.56238, 1
130.403, 6.47478, 1
130.45, 5.83858, 1
130.496, 3.94392, 1
130.543, 1.24436, 1
130.589, 0.165912, 1
130.635, -0.0658821, 1
130.682, -2.50861, 1
130.728, -3.01625, 1
130.775, -1.18189, 1
130.821, -1.53709, 1
130.868, 5.51394, 1
130.914, 11.0429, 1
130.961, 13.3392, 1
131.007, 15.2176, 1
131.053, 13.9454, 1
131.1, 14.0147, 1
131.146, 16.6335, 1
131.193, 12.5558, 1
131.239, 5.10905, 1
131.286, 11.1977, 1
131.332, 17.9253, 1
131.379, 16.1236, 1
131.425, 15.372, 1
131.471, 18.9877, 1
131.518, 14.9978, 1
131.564, 14.2408, 1
131.611, 16.2921, 1
131.657, 15.955, 1
131.704, 15.9664, 1
131.75, 16.6048, 1
131.796, 8.65725, 1
131.843, 6.48949, 1
131.889, 7.21401, 1
131.936, 9.24639, 1
131.982, 11.9116, 1
132.029, 7.43156, 1
132.075, 12.6099, 1
132.122, 11.5092, 1
132.168, 11.3466, 1
132.214, 7.94177, 1
132.261, 8.21963, 1
132.307, 1.34682, 1
132.354, 1.26517, 1
132.4, 1.16331, 1
132.447, 1.92028, 1
132.493, 11.1888, 1
132.54, 11.8437, 1
132.586, 2.50322, 1
132.632, 4.60776, 1
132.679, 3.40791, 1
132.725, 8.92472, 1
132.772, 13.1624, 1
132.818, 12.8702, 1
132.865, 12.348, 1
132.911, 13.3494, 1
132.957, 10.4706, 1
133.004, 5.63979, 1
133.05, 7.98737, 1
133.097, 10.2409, 1
133.143, 12.7919, 1
133.19, 11.2032, 1
133.236, 9.96822, 1
133.283, 15.9133, 1
133.329, 20.7559, 1
133.375, 14.0028, 1
133.422, 5.35924, 1
133.468, 6.443, 1
133.515, 6.33997, 1
133.561, 14.332, 1
133.608, 18.4154, 1
133.654, 21.6567, 1
133.701, 19.1893, 1
133.747, 12.9427, 1
133.793, 12.2085, 1
133.84, 11.2872, 1
133.886, 8.33415, 1
133.933, 9.16774, 1
133.979, 7.42384, 1
134.026, -0.308585, 1
134.072, 2.9555, 1
134.118, 6.4643, 1
134.165, 2.08107, 1
134.211, 8.54371, 1
134.258, 13.9068, 1
134.304, 17.5832, 1
134.351, 12.3665, 1
134.397, 8.5807, 1
134.444, 10.19, 1
134.49, 7.14908, 1
134.536, 7.10521, 1
134.583, 9.80324, 1
134.629, 14.7293, 1
134.676, 17.295, 1
134.722, 7.03702, 1
134.769, 8.42428, 1
134.815, 12.6803, 1
134.861, 9.05047, 1
134.908, 11.9197, 1
134.954, 5.41022, 1
135.001, 6.59447, 1
135.047, 2.83092, 1
135.094, 2.52796, 1
135.14, 2.27712, 1
135.187, 5.63461, 1
135.233, 7.34575, 1
135.279, 4.55663, 1
135.326, 1.5149, 1
135.372, 2.48663, 1
135.419, -0.0573852, 1
135.465, -0.674909, 1
135.512, 1.777, 1
135.558, 2.67672, 1
135.605, 3.95817, 1
135.651, 5.18679, 1
135.697, 4.37718, 1
135.744, 2.91975, 1
135.79, -0.527314, 1
135.837, 0.327162, 1
135.883, -0.91353, 1
135.93, 0.392169, 1
135.976, -5.33331, 1
136.022, -5.89619, 1
136.069, -5.71255, 1
136.115, 7.27482, 1
136.162, -1.30601, 1
136.208, -3.70487, 1
136.255, 2.35545, 1
136.301, -1.2896, 1
136.348, 2.79559, 1
136.394, -1.47008, 1
136.44, -0.962199, 1
136.487, -3.20277, 1
136.533, 2.34544, 1
136.58, 15.9811, 1
136.626, 16.9595, 1
136.673, 11.9723, 1
136.719, 9.9924, 1
136.766, 11.6266, 1
136.812, 13.4968, 1
136.858, 16.2765, 1
136.905, 13.4575, 1
136.951, 9.56057, 1
136.998, 6.63624, 1
137.044, 2.78944, 1
137.091, 8.94378, 1
137.137, 5.12188, 1
137.183, 6.42261, 1
137.23, 5.45307, 1
137.276, 6.34139, 1
137.323, 4.04998, 1
137.369, 7.86689, 1
137.416, 3.20646, 1
137.462, 1.09738, 1
137.509, 3.15185, 1
137.555, 8.99657, 1
137.601, 10.5956, 1
137.648, 9.37416, 1
137.694, 13.5944, 1
137.741, 11.688, 1
137.787, 11.9927, 1
137.834, 10.6879, 1
137.88, 9.1956, 1
137.927, 9.57082, 1
137.973, 7.39567, 1
138.019, 6.71651, 1
138.066, 5.0573, 1
138.112, 7.56511, 1
138.159, 10.5221, 1
138.205, 15.4489, 1
138.252, 14.1259, 1
138.298, 0.234153, 1
138.344, 5.46331, 0
138.391, 5.68003, 0
138.437, 1.41204, 0
138.484, -2.94616, 0
138.53, -0.688886, 0
138.577, 3.33352, 0
138.623, 3.22722, 0
138.67, -1.21651, 0
138.716, -4.19612, 0
138.762, -4.603, 0
138.809, 6.23289, 0
138.855, 0.00458682, 0
138.902, -2.36043, 0
138.948, -5.89797, 0
138.995, -7.32925, 0
139.041, -2.65452, 0
139.088, -4.90547, 0
139.134, -9.911, 0
139.18, -7.06588, 0
139.227, -2.87786, 0
139.273, -4.86233, 0
139.32, 1.20302, 0
139.366, 1.48407, 0
139.413, 1.20542, 0
139.459, 2.06078, 0
139.505, -2.22498, 0
139.552, -2.84209, 0
139.598, -3.42701, 0
139.645, -5.02656, 0
139.691, -4.65082, 0
139.738, -3.94121, 0
139.784, -4.03231, 0
139.831, -6.05268, 0
139.877, -4.76232, 0
139.923, -0.110628, 0
139.97, -4.94615, 0
140.016, -7.41083, 0
140.063, 5.51124, 0
140.109, -1.15463, 0
140.156, 0.423051, 0
140.202, 2.26781, 0
140.249, -2.42587, 0
140.295, -4.91729, 0
140.341, -6.23082, 0
140.388, -7.45034, 0
140.434, -9.42458, 0
140.481, -10.5181, 0
140.527, -11.9753, 0
140.574, -12.1027, 0
140.62, -12.9082, 0
140.666, -12.4652, 0
140.713, -11.2604, 0
140.759, -11.4491, 0
140.806, -11.1643, 0
140.852, -11.8143, 0
140.899, -11.7871, 0
140.945, -12.3539, 0
140.992, -13.4494, 0
141.038, -13.4002, 0
141.084, -12.9742, 0
141.131, -13.6988, 0
141.177, -7.02649, 1
141.224, 12.2456, 1
141.27, 21.8574, 1
141.317, 18.8643, 1
141.363, 10.203, 1
141.41, 16.8075, 1
141.456, 23.7723, 1
141.502, 15.3107, 1
141.549, 14.6951, 1
141.595, 12.578, 1
141.642, 12.1984, 1
141.688, 10.9944, 1
141.735, 21.8474, 1
141.781, 22.1873, 1
141.827, 22.4191, 1
141.874, 17.6134, 1
141.92, 12.0424, 1
141.967, 12.7099, 1
142.013, 11.7531, 1
142.06, 5.26104, 1
142.106, 4.3466, 1
142.153, 3.08202, 1
142.199, 7.82412, 1
142.245, 6.95368, 1
142.292, 6.61392, 1
142.338, 6.69815, 1
142.385, 7.0723, 1
142.431, 8.00066, 1
142.478, 5.83189, 1
142.524, 1.11747, 1
142.571, 0.927858, 1
142.617, -2.5106, 1
142.663, -0.326098, 1
142.71, -0.0753549, 1
142.756, 0.461665, 1
142.803, 1.42611, 1
142.849, -1.28964, 1
142.896, -1.74314, 1
142.942, -0.0472256, 1
142.988, -4.27815, 1
143.035, -1.4174, 1
143.081, 5.1712, 1
143.128, 1.8067, 1
143.174, 3.71299, 1
143.221, 1.03895, 1
143.267, 2.23463, 1
143.314, 2.67652, 1
143.36, -0.249576, 1
143.406, 1.18209, 1
143.453, 5.59133, 1
143.499, 9.37172, 1
143.546, 10.7917, 1
143.592, 14.8898, 1
143.639, 14.8291, 1
143.685, 14.4386, 1
143.732, 12.5179, 1
143.778, 18.1143, 1
143.824, 15.9934, 1
143.871, 15.5608, 1
143.917, 14.0318, 1
143.964, 17.1415, 1
144.01, 13.0072, 1
144.057, 16.3202, 1
144.103, 16.2374, 1
144.149, 13.2286, 1
144.196, 4.62241, 1
144.242, 10.4895, 1
144.289, 13.3108, 1
144.335, 13.4068, 1
144.382, 15.979, 1
144.428, 18.9198, 1
144.475, 18.7568, 1
144.521, 23.1038, 1
144.567, 19.313, 1
144.614, 22.0622, 1
144.66, 20.1459, 1
144.707, 22.5512, 1
144.753, 22.8063, 1
144.8, 22.5664, 1
144.846, 23.4859, 1
144.893, 19.8874, 1
144.939, 21.4976, 1
144.985, 20.2186, 1
145.032, 9.34506, 1
145.078, 11.4776, 1
145.125, 11.6081, 1
145.171, 11.2113, 1
145.218, 11.8039, 1
145.264, 10.7465, 1
145.31, 9.61698, 1
145.357, 6.98776, 1
145.403, 0.984371, 1
145.45, 0.762727, 1
145.496, 1.4995, 1
145.543, -2.95337, 1
145.589, 2.30634, 0
145.636, -0.45137, 0
145.682, -1.2736, 0
145.728, -2.18218, 0
145.775, -2.35773, 0
145.821, -2.94439, 0
145.868, -3.6958, 0
145.914, -4.84123, 0
145.961, -4.61972, 0
146.007, -4.57133, 0
146.054, -6.5304, 0
146.1, -6.97236, 0
146.146, -6.23758, 0
146.193, 1.01083, 0
146.239, 1.52778, 0
146.286, -1.40673, 0
146.332, -0.539174, 0
146.379, -8.17448, 0
146.425, -3.29285, 0
146.471, -9.23997, 0
146.518, 0.201579, 0
146.564, -3.45511, 0
146.611, -0.343033, 0
146.657, -3.48653, 0
146.704, -3.61354, 0
146.75, -5.73878, 0
146.797, -7.66595, 0
146.843, -10.0484, 0
146.889, -10.9396, 0
146.936, -10.8353, 0
146.982, -11.8301, 0
147.029, -12.2091, 0
147.075, -13.2298, 0
147.122, -13.2521, 0
147.168, -14.0568, 0
147.215, -15.0338, 0
147.261, -14.1269, 0
147.307, -17.0429, 1
147.354, 12.3476, 1
147.4, 26.046, 1
147.447, 24.7012, 1
147.493, 10.0856, 1
147.54, 9.46726, 1
147.586, 8.61873, 1
147.632, 15.2224, 1
147.679, 22.6821, 1
147.725, 20.9876, 1
147.772, 21.3183, 1
147.818, 21.276, 1
147.865, 16.8486, 1
147.911, 17.6132, 1
147.958, 22.5491, 1
148.004, 15.5042, 1
148.05, 10.1557, 1
148.097, 12.3953, 1
148.143, 12.457, 1
148.19, 7.56126, 1
148.236, 7.00794, 1
148.283, 20.8103, 1
148.329, 21.4217, 1
148.376, 19.6657, 1
148.422, 22.7513, 1
148.468, 21.6713, 1
148.515, 16.8059, 1
148.561, 16.8094, 1
148.608, 18.1601, 1
148.654, 17.426, 1
148.701, 17.4878, 1
148.747, 17.4202, 1
148.793, 18.3479, 1
148.84, 16.0811, 1
148.886, 6.76108, 1
148.933, 4.37764, 1
148.979, 4.38837, 1
149.026, 5.29798, 1
149.072, 19.9672, 1
149.119, 20.5349, 1
149.165, 15.445, 1
149.211, 11.6084, 1
149.258, 9.51743, 1
149.304, 8.71011, 1
149.351, 10.1823, 1
149.397, 15.0072, 1
149.444, 14.2996, 1
149.49, 15.22, 1
149.537, 18.0213, 1
149.583, 14.7593, 1
149.629, 15.8325, 1
149.676, 17.486, 1
149.722, 7.77468, 1
149.769, 6.06237, 1
149.815, 6.78814, 1
149.862, 4.01378, 1
149.908, 4.15395, 1
149.954, 3.54332, 1
150.001, 3.61888, 1
150.047, 2.75287, 1
150.094, 5.30694, 1
150.14, 3.38391, 1
150.187, 20.3067, 1
150.233, 18.1996, 1
150.28, 16.0808, 1
150.326, 17.6593, 1
150.372, 17.2055, 1
150.419, 16.7731, 1
150.465, 20.2832, 1
150.512, 16.8318, 1
150.558, 16.7677, 1
150.605, 18.2318, 1
150.651, 19.5602, 1
150.698, 19.3231, 1
150.744, 15.6956, 1
150.79, 10.2128, 1
150.837, 9.0916, 1
150.883, 15.9709, 1
150.93, 23.0983, 1
150.976, 20.9044, 1
151.023, 22.9862, 1
151.069, 24.1622, 1
151.115, 20.7761, 1
151.162, 21.1396, 1
151.208, 21.9578, 1
151.255, 17.0434, 1
151.301, 16.0867, 1
151.348, 10.8246, 1
151.394, 9.66659, 1
151.441, 14.0176, 1
151.487, 13.6939, 1
151.533, 12.7833, 1
151.58, 15.4075, 1
151.626, 8.34784, 0
151.673, 9.38059, 0
151.719, 10.0938, 0
151.766, 7.83463, 0
151.812, 12.6579, 0
151.859, 10.7198, 0
151.905, 7.75543, 0
151.951, 7.93426, 0
151.998, 6.32913, 0
152.044, 12.6397, 0
152.091, 16.1901, 0
152.137, 17.2391, 0
152.184, 4.03466, 0
152.23, 4.85671, 0
152.276, 4.45392, 0
152.323, 6.20491, 0
152.369, 4.36041, 0
152.416, 2.76509, 0
152.462, 1.07713, 0
152.509, -0.938607, 0
152.555, 1.96116, 0
152.602, 2.28093, 0
152.648, 1.10951, 0
152.694, -1.57481, 0
152.741, -3.9907, 0
152.787, 5.74397, 0
152.834, -1.18589, 0
152.88, -4.23173, 0
152.927, -3.81817, 0
152.973, -6.38513, 0
153.02, -5.39507, 0
153.066, -3.92076, 0
153.112, -11.9297, 0
153.159, -8.68597, 0
153.205, -7.21498, 0
153.252, -8.9215, 0
153.298, -4.46382, 0
153.345, -5.47614, 0
153.391, 0.564092, 0
153.437, -2.54671, 0
153.484, 1.7838, 0
153.53, -2.971, 0
153.577, 4.55212, 0
153.623, 7.13255, 0
153.67, 6.0141, 0
153.716, 4.88443, 0
153.763, 3.7662, 0
153.809, 3.33218, 0
153.855, 1.95747, 0
153.902, 0.0524756, 0
153.948, -0.58332, 0
153.995, -1.55589, 0
154.041, -2.50856, 0
154.088, -2.99739, 0
154.134, -3.27352, 1
154.18, 13.9229, 1
154.227, 21.5585, 1
154.273, 25.3872, 1
154.32, 21.021, 1
154.366, 17.2599, 1
154.413, 23.6585, 1
154.459, 24.8742, 1
154.506, 25.0343, 1
154.552, 15.1947, 1
154.598, 5.46666, 1
154.645, 15.2129, 1
154.691, 15.6652, 1
154.738, 14.0122, 1
154.784, 16.3921, 1
154.831, 13.7205, 1
154.877, 8.62553, 1
154.924, 7.87922, 1
154.97, 11.4802, 1
155.016, 4.17291, 1
155.063, 3.47713, 1
155.109, 6.37112, 1
155.156, 11.1841, 1
155.202, 13.9258, 1
155.249, 8.81771, 1
155.295, 3.3653, 1
155.341, 6.67148, 1
155.388, 3.08211, 1
155.434, 6.93526, 1
155.481, 7.61729, 1
155.527, 6.76284, 1
155.574, 4.08936, 1
155.62, 13.4352, 1
155.667, 10.6526, 1
155.713, 9.39668, 1
155.759, 8.42117, 1
155.806, 9.29534, 1
155.852, 8.8334, 1
155.899, 4.0525, 1
155.945, 9.59271, 1
155.992, 9.30075, 1
156.038, 5.9359, 1
156.085, 3.40909, 1
156.131, 6.54748, 1
156.177, 6.2422, 1
156.224, 9.29808, 1
156.27, 10.2282, 1
156.317, 12.4968, 1
156.363, 13.6784, 1
156.41, 12.2388, 1
156.456, 12.709, 1
156.502, 13.8314, 1
156.549, 13.4668, 1
156.595, 14.5857, 1
156.642, 15.8809, 1
156.688, 13.5156, 1
156.735, 15.4032, 1
156.781, 15.037, 1
156.828, 11.484, 1
156.874, 12.9992, 1
156.92, 9.6876, 1
156.967, 9.98234, 1
157.013, 12.4048, 1
157.06, 11.8432, 1
157.106, 11.4123, 1
157.153, 6.95246, 1
157.199, 5.19648, 1
157.246, 8.16089, 1
157.292, 3.68394, 1
157.338, 5.4236, 1
157.385, -1.18962, 1
157.431, 1.20148, 1
157.478, 3.37748, 1
157.524, -0.699381, 1
157.571, -0.666895, 1
157.617, 2.53423, 1
157.663, 0.284711, 1
157.71, 0.347543, 1
157.756, 0.439449, 1
157.803, 2.74483, 1
157.849, 2.31056, 1
157.896, -1.13043, 1
157.942, -5.06985, 1
157.989, 1.59851, 1
158.035, 7.65153, 1
158.081, 0.416052, 1
158.128, 12.8275, 1
158.174, 18.0085, 1
158.221, 18.1313, 1
158.267, 16.0374, 1
158.314, 20.8102, 1
158.36, 18.1129, 1
158.407, 16.3407, 1
158.453, 18.0686, 1
158.499, 18.2571, 1
158.546, 15.6592, 1
158.592, 16.4336, 1
158.639, 15.2685, 1
158.685, 19.1319, 1
158.732, 19.7303, 1
158.778, 16.0446, 1
158.824, 17.2342, 1
158.871, 14.106, 1
158.917, 4.46809, 1
158.964, 14.0201, 1
159.01, 15.873, 1
159.057, 17.1551, 1
159.103, 15.1005, 1
159.15, 20.8073, 1
159.196, 17.5059, 1
159.242, 18.8157, 1
159.289, 11.2165, 1
159.335, 9.77668, 1
159.382, 6.4939, 1
159.428, 7.12469, 1
159.475, 5.82516, 1
159.521, 1.673, 1
159.568, 2.67042, 1
159.614, 4.474, 1
159.66, 3.59011, 1
159.707, 3.37571, 1
159.753, 1.79502, 1
159.8, 2.91846, 1
159.846, 2.30976, 1
159.893, 0.193468, 1
159.939, -4.3571, 1
159.985, -7.98908, 1
160.032, -8.55553, 1
160.078, -7.7578, 1
160.125, -6.19623, 1
160.171, -7.10172, 1
160.218, -7.03258, 1
160.264, -7.46861, 1
160.311, -6.62083, 1
160.357, -7.51499, 1
160.403, -10.0142, 1
160.45, -12.1622, 1
160.496, -16.7648, 1
160.543, -16.0445, 1
160.589, 9.76532, 1
160.636, 19.6069, 1
160.682, 20.4174, 1
160.729, 18.3756, 1
160.775, 18.9802, 1
160.821, 7.01033, 1
160.868, 4.1052, 1
160.914, 2.27112, 1
160.961, 8.82705, 1
161.007, 20.276, 1
161.054, 19.3897, 1
161.1, 9.50134, 1
161.146, 6.22967, 1
161.193, 8.74029, 1
161.239, 7.36332, 1
161.286, 8.99408, 1
161.332, 5.61683, 1
161.379, 5.41669, 1
161.425, 6.62792, 1
161.472, 7.96378, 1
161.518, 4.50606, 1
161.564, 7.19113, 1
161.611, 4.52934, 1
161.657, 3.6891, 1
161.704, 6.73823, 1
161.75, 4.62882, 1
161.797, 0.107073, 1
161.843, 1.20034, 1
161.89, 2.10859, 1
161.936, 1.2925, 1
161.982, 0.61842, 1
162.029, -1.33176, 1
162.075, 5.68895, 1
162.122, 7.85679, 1
162.168, 1.34728, 1
162.215, 11.5412, 1
162.261, 13.362, 1
162.307, 12.9975, 1
162.354, 16.7622, 1
162.4, 19.8134, 1
162.447, 15.95, 1
162.493, 18.3006, 1
162.54, 17.6193, 1
162.586, 16.7334, 1
162.633, 14.9434, 1
162.679, 13.8214, 1
162.725, 17.7891, 1
162.772, 14.9456, 1
162.818, 13.666, 1
162.865, 19.2102, 1
162.911, 14.8312, 1
162.958, 10.355, 1
163.004, 8.24461, 1
163.051, 2.55099, 1
163.097, 0.673382, 1
163.143, 10.6525, 1
163.19, 11.1859, 1
163.236, 6.72159, 1
163.283, 0.845946, 1
163.329, 0.121508, 1
163.376, 4.51373, 1
163.422, 3.2095, 1
163.468, 0.900961, 1
163.515, 2.8906, 1
163.561, 2.58141, 1
163.608, 3.51215, 1
163.654, 3.35084, 1
163.701, -1.70854, 1
163.747, -6.74995, 1
163.794, -8.28366, 1
163.84, 2.08757, 1
163.886, 15.4218, 1
163.933, 17.0912, 1
163.979, 13.9086, 1
164.026, 13.8246, 1
164.072, 11.3826, 1
164.119, 4.6624, 1
164.165, 1.55842, 1
164.212, 4.99417, 1
164.258, 6.06149, 1
164.304, 4.77752, 1
164.351, 5.22887, 1
164.397, 4.03052, 1
164.444, 3.18583, 1
164.49, -7.75132, 1
164.537, -2.69465, 1
164.583, 1.76758, 1
164.629, -8.43467, 1
164.676, -8.54572, 1
164.722, -2.17235, 1
164.769, -0.916027, 1
164.815, 0.146702, 1
164.862, 4.30002, 1
164.908, -0.258003, 1
164.955, -0.327468, 1
165.001, -0.902297, 1
165.047, 1.08712, 1
165.094, 2.30384, 1
165.14, 4.15555, 1
165.187, 1.19705, 1
165.233, 0.302773, 1
165.28, 2.9972, 1
165.326, 2.27435, 1
165.373, 0.529666, 1
165.419, 2.64773, 1
165.465, 3.27957, 1
165.512, 3.60444, 1
165.558, 5.70238, 1
165.605, 8.44189, 1
165.651, 7.65755, 1
165.698, 3.21428, 1
165.744, 5.38804, 1
165.79, 10.5779, 1
165.837, 9.06469, 1
165.883, 7.7649, 1
165.93, 8.6048, 1
165.976, 13.2969, 1
166.023, 3.85878, 1
166.069, 6.42324, 1
166.116, 4.3531, 1
166.162, 2.48288, 1
166.208, -0.567581, 1
166.255, 3.91932, 1
166.301, 9.10292, 1
166.348, 13.8094, 1
166.394, 15.4592, 1
166.441, 10.1324, 1
166.487, 2.03724, 1
166.534, -5.78196, 1
166.58, -2.40022, 1
166.626, -0.888803, 1
166.673, 9.00387, 1
166.719, 19.4667, 1
166.766, 17.8067, 1
166.812, 20.7305, 1
166.859, 23.2725, 1
166.905, 17.1366, 1
166.951, 19.9684, 1
166.998, 7.91152, 1
167.044, 4.80655, 1
167.091, 6.09585, 1
167.137, 9.56647, 1
167.184, 6.27248, 1
167.23, 9.14767, 1
167.277, 7.49016, 1
167.323, 8.97263, 1
167.369, -0.305302, 1
167.416, 2.52619, 1
167.462, 9.47919, 1
167.509, 7.4984, 1
167.555, 6.17188, 1
167.602, 6.39617, 1
167.648, 6.55826, 1
167.695, 6.83501, 1
167.741, 11.0378, 1
167.787, 8.12185, 1
167.834, 8.80246, 1
167.88, 12.137, 1
167.927, 11.2055, 1
167.973, 12.1966, 1
168.02, 17.6091, 1
168.066, 16.3334, 1
168.112, 11.016, 1
168.159, 9.22481, 1
168.205, 7.57988, 1
168.252, 6.2456, 1
168.298, 10.7152, 1
168.345, 6.6847, 1
168.391, 7.54293, 1
168.438, 5.83646, 1
168.484, 7.25648, 1
168.53, 8.47599, 1
168.577, 10.3216, 1
168.623, 10.5103, 1
168.67, 10.3209, 1
168.716, 8.24431, 1
168.763, 8.24039, 1
168.809, 10.8754, 1
168.856, 15.097, 1
168.902, 13.4155, 1
168.948, 10.3654, 1
168.995, 13.0296, 1
169.041, 11.9075, 1
169.088, 12.8473, 1
169.134, 7.48204, 1
169.181, 9.62551, 1
169.227, 10.372, 1
169.273, 11.0602, 1
169.32, 10.0341, 1
169.366, 12.0965, 1
169.413, 13.6731, 1
169.459, 15.3673, 1
169.506, 15.6098, 1
169.552, 8.78519, 1
169.599, 11.0775, 1
169.645, 13.2618, 1
169.691, 13.6297, 1
169.738, 13.198, 1
169.784, 13.5591, 1
169.831, 14.3858, 1
169.877, 12.9841, 1
169.924, 12.9498, 1
169.97, 5.67052, 1
170.017, 6.41377, 1
170.063, 6.35591, 1
170.109, 9.17272, 1
170.156, 10.1274, 1
170.202, 8.45685, 1
170.249, 9.88361, 1
170.295, 10.469, 1
170.342, 7.38777, 1
170.388, 9.132, 1
170.434, 11.9859, 1
170.481, 12.7121, 1
170.527, 7.46399, 1
170.574, 8.03899, 1
170.62, 4.69288, 1
170.667, 2.58056, 1
170.713, 6.51348, 1
170.76, 4.50193, 1
170.806, 2.23975, 1
170.852, 0.436558, 1
170.899, -0.166098, 1
170.945, 9.00948, 1
170.992, 5.73994, 0
171.038, 4.39862, 0
171.085, 3.51283, 0
171.131, 1.57713, 0
171.178, 4.10975, 0
171.224, 3.83156, 0
171.27, 0.62883, 0
171.317, 5.47524, 0
171.363, 2.75807, 0
171.41, 1.38521, 0
171.456, 0.485779, 0
171.503, 7.95561, 0
171.549, 2.48979, 0
171.595, 4.52195, 0
171.642, 0.297621, 0
171.688, -0.332005, 0
171.735, -2.80974, 0
171.781, 6.81108, 0
171.828, 7.47524, 0
171.874, 4.43113, 0
171.921, 7.11589, 0
171.967, 0.866813, 0
172.013, 1.79684, 0
172.06, -2.15322, 0
172.106, -1.19876, 0
172.153, -0.258596, 0
172.199, 7.03913, 0
172.246, 4.15905, 0
172.292, 7.02462, 0
172.339, 2.18323, 0
172.385, 2.43023, 0
172.431, 2.0519, 0
172.478, 0.815754, 0
172.524, -1.59589, 0
172.571, -4.90931, 0
172.617, -0.180139, 0
172.664, -0.689291, 0
172.71, 1.78647, 0
172.756, 4.88973, 0
172.803, -2.87283, 0
172.849, -5.37465, 0
172.896, -4.75758, 0
172.942, 2.35898, 0
172.989, -4.38472, 0
173.035, 1.01525, 0
173.082, 4.18069, 0
173.128, 5.93008, 0
173.174, 4.72844, 0
173.221, 4.09455, 0
173.267, 3.3477, 0
173.314, 2.69851, 0
173.36, 3.92317, 0
173.407, 4.31853, 0
173.453, 5.7011, 0
173.499, 0.217821, 0
173.546, -3.4654, 0
173.592, -4.84086, 0
173.639, -5.85082, 0
173.685, -6.97556, 0
173.732, -7.97224, 0
173.778, -8.63846, 0
173.825, -9.7919, 0
173.871, -10.2787, 0
173.917, -10.4887, 0
173.964, -10.0985, 0
174.01, -1.09056, 0
174.057, -1.37295, 0
174.103, 0.313004, 0
174.15, -0.0259625, 0
174.196, -2.62653, 0
174.243, -4.74363, 0
174.289, -6.93212, 0
174.335, -7.15863, 0
174.382, -9.24048, 0
174.428, -11.0029, 0
174.475, -8.58809, 0
174.521, -0.0466327, 0
174.568, -9.27949, 0
174.614, -7.50073, 0
174.66, -6.91313, 0
174.707, -8.51601, 0
174.753, -6.05818, 0
174.8, -8.99092, 0
174.846, -10.3413, 0
174.893, -11.2713, 0
174.939, -12.505, 0
174.986, -11.7513, 0
175.032, -11.7076, 0
175.078, -12.8207, 0
175.125, -12.791, 0
175.171, -13.1973, 0
175.218, -13.0216, 0
175.264, -12.89, 0
175.311, -12.6043, 0
175.357, -11.9732, 0
175.404, -12.2344, 0
175.45, -11.6144, 0
175.496, -11.7135, 0
175.543, -11.6111, 0
175.589, -11.5273, 0
175.636, -3.62615, 0
175.682, -3.32449, 0
175.729, -3.87724, 0
175.775, 3.7405, 0
175.822, 0.565085, 0
175.868, 4.20964, 0
175.914, 3.36199, 0
175.961, 2.29722, 0
176.007, 0.573723, 0
176.054, -0.710856, 0
176.1, -0.845828, 0
176.147, -4.63467, 0
176.193, -6.71535, 0
176.239, -5.93786, 0
176.286, -6.14261, 0
176.332, -6.53765, 0
176.379, -7.61383, 0
176.425, -8.23205, 0
176.472, -8.26072, 0
176.518, -9.00437, 0
176.565, -10.3834, 0
176.611, -11.2581, 0
176.657, -11.9247, 0
176.704, -11.6163, 0
176.75, -10.8528, 0
176.797, -11.4897, 0
176.843, -13.197, 0
176.89, -14.2472, 0
176.936, -14.2104, 0
176.982, -15.0712, 0
177.029, -16.6651, 0
177.075, -15.7234, 0
177.122, -14.9682, 0
177.168, -12.9764, 0
177.215, -13.0339, 0
177.261, -13.2591, 0
177.308, -14.1791, 0
177.354, -15.1732, 0
177.4, -14.7348, 0
177.447, -15.0242, 0
177.493, -15.1829, 0
177.54, -13.8833, 0
177.586, -12.4429, 0
177.633, -11.1275, 0
177.679, -11.5216, 0
177.726, -11.2617, 0
177.772, -12.4365, 0
177.818, -14.0384, 0
177.865, -14.1598, 0
177.911, -14.4615, 0
177.958, -14.4592, 0
178.004, -13.5864, 0
178.051, -12.9421, 0
178.097, -12.1543, 0
178.143, -12.6302, 0
178.19, -12.6659, 0
178.236, -13.0055, 0
178.283, -14.2219, 0
178.329, -12.7801, 0
178.376, -12.2781, 0
178.422, -13.6552, 0
178.469, -12.8959, 0
178.515, -10.858, 0
178.561, -10.4746, 0
178.608, -9.17772, 0
178.654, -9.45677, 0
178.701, -9.58558, 0
178.747, -8.15376, 0
178.794, -8.15117, 0
178.84, -8.50735, 0
178.887, -6.64186, 0
178.933, -6.42107, 0
178.979, -3.2996, 0
179.026, -3.58695, 0
179.072, -2.63403, 0
179.119, -3.29998, 0
179.165, -3.32502, 0
179.212, -1.71678, 0
179.258, -0.92962, 0
179.304, 0.173634, 0
179.351, 0.04643, 0
179.397, -0.0856667, 0
179.444, 2.83885, 0
179.49, 3.23871, 0
179.537, 4.05223, 0
179.583, 5.48078, 0
179.63, 6.23819, 0
179.676, 0.589151, 0
179.722, -2.17036, 0
179.769, -0.681807, 0
179.815, -0.767871, 0
179.862, 7.41116, 0
179.908, 8.00243, 0
179.955, 8.89012, 0
180.001, 11.7093, 0
180.048, 20.8755, 0
180.094, 24.4113, 0
180.14, 24.6925, 0
180.187, 24.5187, 0
180.233, 27.5565, 0
180.28, 26.6655, 0
180.326, 23.6734, 0
180.373, 27.1216, 0
180.419, 24.7575, 0
180.465, 24.6304, 0
180.512, 23.7803, 0
180.558, 24.8011, 0
180.605, 23.3443, 0
180.651, 23.3943, 0
180.698, 25.1417, 0
180.744, 28.0375, 0
180.791, 25.3475, 0
180.837, 27.2213, 0
180.883, 23.4363, 0
180.93, 25.4862, 0
180.976, 22.3882, 0
181.023, 24.2119, 0
181.069, 22.8553, 0
181.116, 25.8702, 0
181.162, 25.9977, 0
181.209, 24.8952, 0
181.255, 22.2926, 0
181.301, 25.3611, 0
181.348, 24.6362, 0
181.394, 24.417, 0
181.441, 25.8474, 0
181.487, 23.5408, 0
181.534, 24.0847, 0
181.58, 24.7759, 0
181.626, 24.4882, 0
181.673, 21.7324, 0
181.719, 23.4734, 0
181.766, 26.1126, 0
181.812, 24.4002, 0
181.859, 25.5381, 0
181.905, 23.3684, 0
181.952, 25.4822, 0
181.998, 25.0963, 0
182.044, 26.6117, 0
182.091, 23.0985, 0
182.137, 25.9476, 1.769e-41
182.184, 25.0911, 1.4013e-45
