0.023219954,-220
0.026122448,-220
0.029024943,-220
0.031927437,-220
0.034829931,-220
0.037732426,-220
0.040634920,-220
0.043537414,-220
0.046439909,-220
0.049342403,-220
0.052244897,-220
0.055147392,-220
0.058049886,-220
0.060952380,-220
0.063854875,-220
0.066757369,-220
0.069659863,-220
0.072562358,-220
0.075464852,-220
0.078367346,-220
0.081269841,-220
0.084172335,-220
0.087074829,-220
0.089977324,-220
0.092879818,-220
0.095782312,-220
0.098684807,-220
0.101587301,-220
0.104489795,417.711
0.107392290,417.711
0.110294784,417.711
0.113197278,417.711
0.116099773,417.711
0.119002267,417.711
0.121904761,417.711
0.124807256,417.711
0.127709750,417.711
0.130612244,417.711
0.133514739,417.711
0.136417233,417.711
0.139319727,417.711
0.142222222,417.711
0.145124716,417.711
0.148027210,417.711
0.150929705,417.711
0.153832199,417.711
0.156734693,417.711
0.159637188,417.711
0.162539682,417.711
0.165442176,417.711
0.168344671,417.711
0.171247165,417.711
0.174149659,417.711
0.177052154,417.711
0.179954648,417.711
0.182857142,417.711
0.185759637,417.711
0.188662131,417.711
0.191564625,417.711
0.194467120,417.711
0.197369614,417.711
0.200272108,417.711
0.203174603,417.711
0.206077097,417.711
0.208979591,417.711
0.211882086,417.711
0.214784580,417.711
0.217687074,417.711
0.220589569,417.711
0.223492063,417.711
0.226394557,417.711
0.229297052,417.711
0.232199546,417.711
0.235102040,417.711
0.238004535,417.711
0.240907029,417.711
0.243809523,417.711
0.246712018,417.711
0.249614512,417.711
0.252517006,417.711
0.255419501,417.711
0.258321995,417.711
0.261224489,417.711
0.264126984,417.711
0.267029478,417.711
0.269931972,417.711
0.272834467,417.711
0.275736961,417.711
0.278639455,417.711
0.281541950,417.711
0.284444444,417.711
0.287346938,417.711
0.290249433,417.711
0.293151927,417.711
0.296054421,417.711
0.298956916,417.711
0.301859410,417.711
0.304761904,417.711
0.307664399,417.711
0.310566893,417.711
0.313469387,417.711
0.316371882,417.711
0.319274376,417.711
0.322176870,417.711
0.325079365,417.711
0.327981859,417.711
0.330884353,417.711
0.333786848,417.711
0.336689342,417.711
0.339591836,417.711
0.342494331,417.711
0.345396825,417.711
0.348299319,417.711
0.351201814,417.711
0.354104308,417.711
0.357006802,417.711
0.359909297,417.711
0.362811791,417.711
0.365714285,417.711
0.368616780,417.711
0.371519274,417.711
0.374421768,417.711
0.377324263,417.711
0.380226757,417.711
0.383129251,417.711
0.386031746,417.711
0.388934240,417.711
0.391836734,417.711
0.394739229,417.711
0.397641723,417.711
0.400544217,417.711
0.403446712,417.711
0.406349206,417.711
0.409251700,417.711
0.412154195,417.711
0.415056689,417.711
0.417959183,417.711
0.420861678,417.711
0.423764172,417.711
0.426666666,417.711
0.429569160,417.711
0.432471655,417.711
0.435374149,417.711
0.438276643,417.711
0.441179138,415.305
0.444081632,415.305
0.446984126,415.305
0.449886621,415.305
0.452789115,415.305
0.455691609,412.913
0.458594104,410.535
0.461496598,405.819
0.464399092,396.55
0.467301587,394.266
0.470204081,394.266
0.473106575,391.995
0.476009070,391.995
0.478911564,391.995
0.481814058,391.995
0.484716553,391.995
0.487619047,391.995
0.490521541,389.738
0.493424036,389.738
0.496326530,383.042
0.499229024,374.294
0.502131519,367.863
0.505034013,365.745
0.507936507,365.745
0.510839002,365.745
0.513741496,363.638
0.516643990,363.638
0.519546485,363.638
0.522448979,363.638
0.525351473,363.638
0.528253968,363.638
0.531156462,365.745
0.534058956,365.745
0.536961451,365.745
0.539863945,365.745
0.542766439,365.745
0.545668934,365.745
0.548571428,365.745
0.551473922,365.745
0.554376417,365.745
0.557278911,365.745
0.560181405,365.745
0.563083900,363.638
0.565986394,363.638
0.568888888,361.544
0.571791383,361.544
0.574693877,361.544
0.577596371,361.544
0.580498866,359.461
0.583401360,357.391
0.586303854,355.333
0.589206349,353.286
0.592108843,351.251
0.595011337,351.251
0.597913832,349.228
0.600816326,349.228
0.603718820,349.228
0.606621315,347.217
0.609523809,347.217
0.612426303,349.228
0.615328798,349.228
0.618231292,349.228
0.621133786,349.228
0.624036281,349.228
0.626938775,349.228
0.629841269,349.228
0.632743764,349.228
0.635646258,349.228
0.638548752,349.228
0.641451247,349.228
0.644353741,349.228
0.647256235,349.228
0.650158730,349.228
0.653061224,349.228
0.655963718,349.228
0.658866213,349.228
0.661768707,349.228
0.664671201,349.228
0.667573696,349.228
0.670476190,349.228
0.673378684,349.228
0.676281179,349.228
0.679183673,349.228
0.682086167,349.228
0.684988662,349.228
0.687891156,349.228
0.690793650,349.228
0.693696145,349.228
0.696598639,349.228
0.699501133,349.228
0.702403628,349.228
0.705306122,349.228
0.708208616,349.228
0.711111111,349.228
0.714013605,349.228
0.716916099,349.228
0.719818594,349.228
0.722721088,349.228
0.725623582,349.228
0.728526077,349.228
0.731428571,347.217
0.734331065,347.217
0.737233560,347.217
0.740136054,347.217
0.743038548,347.217
0.745941043,347.217
0.748843537,347.217
0.751746031,347.217
0.754648526,347.217
0.757551020,347.217
0.760453514,347.217
0.763356009,347.217
0.766258503,347.217
0.769160997,347.217
0.772063492,347.217
0.774965986,347.217
0.777868480,347.217
0.780770975,347.217
0.783673469,347.217
0.786575963,347.217
0.789478458,347.217
0.792380952,347.217
0.795283446,347.217
0.798185941,347.217
0.801088435,347.217
0.803990929,347.217
0.806893424,347.217
0.809795918,347.217
0.812698412,347.217
0.815600907,347.217
0.818503401,347.217
0.821405895,347.217
0.824308390,347.217
0.827210884,347.217
0.830113378,347.217
0.833015873,347.217
0.835918367,347.217
0.838820861,347.217
0.841723356,347.217
0.844625850,347.217
0.847528344,347.217
0.850430839,347.217
0.853333333,349.228
0.856235827,349.228
0.859138321,349.228
0.862040816,349.228
0.864943310,349.228
0.867845804,349.228
0.870748299,349.228
0.873650793,349.228
0.876553287,349.228
0.879455782,349.228
0.882358276,349.228
0.885260770,349.228
0.888163265,349.228
0.891065759,349.228
0.893968253,349.228
0.896870748,349.228
0.899773242,349.228
0.902675736,349.228
0.905578231,349.228
0.908480725,349.228
0.911383219,349.228
0.914285714,349.228
0.917188208,349.228
0.920090702,349.228
0.922993197,349.228
0.925895691,349.228
0.928798185,349.228
0.931700680,347.217
0.934603174,347.217
0.937505668,347.217
0.940408163,347.217
0.943310657,347.217
0.946213151,347.217
0.949115646,347.217
0.952018140,347.217
0.954920634,347.217
0.957823129,345.217
0.960725623,345.217
0.963628117,345.217
0.966530612,345.217
0.969433106,345.217
0.972335600,345.217
0.975238095,345.217
0.978140589,345.217
0.981043083,345.217
0.983945578,345.217
0.986848072,347.217
0.989750566,347.217
0.992653061,347.217
0.995555555,347.217
0.998458049,347.217
1.001360544,347.217
1.004263038,347.217
1.007165532,347.217
1.010068027,347.217
1.012970521,347.217
1.015873015,349.228
1.018775510,349.228
1.021678004,349.228
1.024580498,349.228
1.027482993,349.228
1.030385487,349.228
1.033287981,349.228
1.036190476,349.228
1.039092970,349.228
1.041995464,349.228
1.044897959,349.228
1.047800453,349.228
1.050702947,349.228
1.053605442,349.228
1.056507936,349.228
1.059410430,349.228
1.062312925,349.228
1.065215419,349.228
1.068117913,349.228
1.071020408,349.228
1.073922902,349.228
1.076825396,349.228
1.079727891,349.228
1.082630385,349.228
1.085532879,349.228
1.088435374,349.228
1.091337868,349.228
1.094240362,349.228
1.097142857,349.228
1.100045351,349.228
1.102947845,349.228
1.105850340,349.228
1.108752834,347.217
1.111655328,347.217
1.114557823,347.217
1.117460317,347.217
1.120362811,347.217
1.123265306,347.217
1.126167800,347.217
1.129070294,347.217
1.131972789,345.217
1.134875283,345.217
1.137777777,345.217
1.140680272,345.217
1.143582766,345.217
1.146485260,345.217
1.149387755,345.217
1.152290249,345.217
1.155192743,347.217
1.158095238,347.217
1.160997732,347.217
1.163900226,347.217
1.166802721,347.217
1.169705215,347.217
1.172607709,349.228
1.175510204,349.228
1.178412698,347.217
1.181315192,349.228
1.184217687,349.228
1.187120181,351.251
1.190022675,353.286
1.192925170,-220
1.195827664,-220
1.198730158,-220
1.201632653,-220
1.204535147,-220
1.207437641,-220
1.210340136,-220
1.213242630,-220
1.216145124,-220
1.219047619,-220
1.221950113,-220
1.224852607,-220
1.227755102,-220
1.230657596,-220
1.233560090,-220
1.236462585,-220
1.239365079,-220
1.242267573,-220
1.245170068,-220
1.248072562,-220
1.250975056,-220
1.253877551,-220
1.256780045,-220
1.259682539,307.553
1.262585034,307.553
1.265487528,307.553
1.268390022,307.553
1.271292517,307.553
1.274195011,309.335
1.277097505,309.335
1.280000000,309.335
1.282902494,307.553
1.285804988,307.553
1.288707482,309.335
1.291609977,309.335
1.294512471,309.335
1.297414965,309.335
1.300317460,309.335
1.303219954,309.335
1.306122448,311.127
1.309024943,311.127
1.311927437,311.127
1.314829931,311.127
1.317732426,311.127
1.320634920,311.127
1.323537414,311.127
1.326439909,311.127
1.329342403,311.127
1.332244897,311.127
1.335147392,311.127
1.338049886,311.127
1.340952380,311.127
1.343854875,311.127
1.346757369,311.127
1.349659863,311.127
1.352562358,311.127
1.355464852,311.127
1.358367346,311.127
1.361269841,311.127
1.364172335,311.127
1.367074829,311.127
1.369977324,311.127
1.372879818,311.127
1.375782312,311.127
1.378684807,311.127
1.381587301,311.127
1.384489795,311.127
1.387392290,311.127
1.390294784,311.127
1.393197278,311.127
1.396099773,311.127
1.399002267,311.127
1.401904761,311.127
1.404807256,311.127
1.407709750,311.127
1.410612244,311.127
1.413514739,311.127
1.416417233,311.127
1.419319727,311.127
1.422222222,311.127
1.425124716,311.127
1.428027210,311.127
1.430929705,311.127
1.433832199,311.127
1.436734693,311.127
1.439637188,311.127
1.442539682,311.127
1.445442176,311.127
1.448344671,311.127
1.451247165,311.127
1.454149659,311.127
1.457052154,311.127
1.459954648,311.127
1.462857142,311.127
1.465759637,311.127
1.468662131,311.127
1.471564625,311.127
1.474467120,311.127
1.477369614,311.127
1.480272108,311.127
1.483174603,311.127
1.486077097,311.127
1.488979591,311.127
1.491882086,311.127
1.494784580,311.127
1.497687074,311.127
1.500589569,311.127
1.503492063,311.127
1.506394557,311.127
1.509297052,311.127
1.512199546,311.127
1.515102040,311.127
1.518004535,311.127
1.520907029,311.127
1.523809523,311.127
1.526712018,311.127
1.529614512,311.127
1.532517006,311.127
1.535419501,311.127
1.538321995,311.127
1.541224489,311.127
1.544126984,311.127
1.547029478,311.127
1.549931972,311.127
1.552834467,311.127
1.555736961,311.127
1.558639455,311.127
1.561541950,311.127
1.564444444,311.127
1.567346938,311.127
1.570249433,311.127
1.573151927,311.127
1.576054421,311.127
1.578956916,311.127
1.581859410,311.127
1.584761904,311.127
1.587664399,311.127
1.590566893,309.335
1.593469387,309.335
1.596371882,309.335
1.599274376,309.335
1.602176870,307.553
1.605079365,307.553
1.607981859,307.553
1.610884353,305.782
1.613786848,304.021
1.616689342,302.27
1.619591836,300.529
1.622494331,-220
1.625396825,-220
1.628299319,-220
1.631201814,-220
1.634104308,-220
1.637006802,263.141
1.639909297,261.626
1.642811791,261.626
1.645714285,261.626
1.648616780,261.626
1.651519274,261.626
1.654421768,261.626
1.657324263,261.626
1.660226757,261.626
1.663129251,261.626
1.666031746,261.626
1.668934240,261.626
1.671836734,261.626
1.674739229,261.626
1.677641723,261.626
1.680544217,261.626
1.683446712,261.626
1.686349206,261.626
1.689251700,261.626
1.692154195,261.626
1.695056689,261.626
1.697959183,261.626
1.700861678,261.626
1.703764172,261.626
1.706666666,261.626
1.709569160,261.626
1.712471655,261.626
1.715374149,261.626
1.718276643,261.626
1.721179138,261.626
1.724081632,261.626
1.726984126,261.626
1.729886621,261.626
1.732789115,261.626
1.735691609,261.626
1.738594104,261.626
1.741496598,261.626
1.744399092,261.626
1.747301587,261.626
1.750204081,261.626
1.753106575,261.626
1.756009070,261.626
1.758911564,261.626
1.761814058,261.626
1.764716553,261.626
1.767619047,261.626
1.770521541,261.626
1.773424036,261.626
1.776326530,261.626
1.779229024,261.626
1.782131519,261.626
1.785034013,261.626
1.787936507,261.626
1.790839002,261.626
1.793741496,261.626
1.796643990,261.626
1.799546485,261.626
1.802448979,261.626
1.805351473,261.626
1.808253968,261.626
1.811156462,261.626
1.814058956,261.626
1.816961451,261.626
1.819863945,261.626
1.822766439,261.626
1.825668934,261.626
1.828571428,261.626
1.831473922,261.626
1.834376417,261.626
1.837278911,261.626
1.840181405,261.626
1.843083900,261.626
1.845986394,261.626
1.848888888,261.626
1.851791383,261.626
1.854693877,261.626
1.857596371,261.626
1.860498866,261.626
1.863401360,261.626
1.866303854,261.626
1.869206349,261.626
1.872108843,261.626
1.875011337,261.626
1.877913832,261.626
1.880816326,261.626
1.883718820,261.626
1.886621315,261.626
1.889523809,261.626
1.892426303,261.626
1.895328798,261.626
1.898231292,263.141
1.901133786,263.141
1.904036281,263.141
1.906938775,263.141
1.909841269,263.141
1.912743764,261.626
1.915646258,261.626
1.918548752,261.626
1.921451247,263.141
1.924353741,261.626
1.927256235,263.141
1.930158730,261.626
1.933061224,263.141
1.935963718,261.626
1.938866213,263.141
1.941768707,261.626
1.944671201,263.141
1.947573696,263.141
1.950476190,263.141
1.953378684,263.141
1.956281179,263.141
1.959183673,263.141
1.962086167,263.141
1.964988662,263.141
1.967891156,263.141
1.970793650,263.141
1.973696145,263.141
1.976598639,263.141
1.979501133,263.141
1.982403628,263.141
1.985306122,263.141
1.988208616,263.141
1.991111111,263.141
1.994013605,263.141
1.996916099,263.141
1.999818594,263.141
2.002721088,261.626
2.005623582,263.141
2.008526077,261.626
2.011428571,261.626
2.014331065,261.626
2.017233560,261.626
2.020136054,261.626
2.023038548,261.626
2.025941043,261.626
2.028843537,261.626
2.031746031,261.626
2.034648526,260.119
2.037551020,260.119
2.040453514,260.119
2.043356009,258.621
2.046258503,255.65
2.049160997,245.519
2.052063492,235.79
2.054965986,227.758
2.057868480,221.274
2.060770975,216.221
2.063673469,212.506
2.066575963,210.065
2.069478458,208.855
2.072380952,207.652
2.075283446,207.652
2.078185941,207.652
2.081088435,207.652
2.083990929,207.652
2.086893424,207.652
2.089795918,207.652
2.092698412,207.652
2.095600907,207.652
2.098503401,207.652
2.101405895,207.652
2.104308390,207.652
2.107210884,207.652
2.110113378,207.652
2.113015873,207.652
2.115918367,206.456
2.118820861,207.652
2.121723356,206.456
2.124625850,206.456
2.127528344,206.456
2.130430839,206.456
2.133333333,206.456
2.136235827,206.456
2.139138321,206.456
2.142040816,206.456
2.144943310,206.456
2.147845804,206.456
2.150748299,206.456
2.153650793,206.456
2.156553287,206.456
2.159455782,206.456
2.162358276,206.456
2.165260770,206.456
2.168163265,206.456
2.171065759,206.456
2.173968253,206.456
2.176870748,206.456
2.179773242,206.456
2.182675736,206.456
2.185578231,206.456
2.188480725,206.456
2.191383219,206.456
2.194285714,206.456
2.197188208,206.456
2.200090702,206.456
2.202993197,206.456
2.205895691,206.456
2.208798185,206.456
2.211700680,206.456
2.214603174,206.456
2.217505668,206.456
2.220408163,206.456
2.223310657,206.456
2.226213151,206.456
2.229115646,207.652
2.232018140,207.652
2.234920634,207.652
2.237823129,207.652
2.240725623,207.652
2.243628117,207.652
2.246530612,207.652
2.249433106,207.652
2.252335600,207.652
2.255238095,207.652
2.258140589,207.652
2.261043083,207.652
2.263945578,207.652
2.266848072,207.652
2.269750566,207.652
2.272653061,207.652
2.275555555,207.652
2.278458049,207.652
2.281360544,207.652
2.284263038,207.652
2.287165532,207.652
2.290068027,207.652
2.292970521,207.652
2.295873015,207.652
2.298775510,207.652
2.301678004,207.652
2.304580498,207.652
2.307482993,207.652
2.310385487,207.652
2.313287981,207.652
2.316190476,207.652
2.319092970,207.652
2.321995464,207.652
2.324897959,208.855
2.327800453,208.855
2.330702947,208.855
2.333605442,208.855
2.336507936,208.855
2.339410430,208.855
2.342312925,208.855
2.345215419,208.855
2.348117913,208.855
2.351020408,208.855
2.353922902,208.855
2.356825396,208.855
2.359727891,207.652
2.362630385,207.652
2.365532879,207.652
2.368435374,207.652
2.371337868,207.652
2.374240362,207.652
2.377142857,207.652
2.380045351,207.652
2.382947845,207.652
2.385850340,207.652
2.388752834,207.652
2.391655328,207.652
2.394557823,207.652
2.397460317,207.652
2.400362811,207.652
2.403265306,207.652
2.406167800,207.652
2.409070294,207.652
2.411972789,207.652
2.414875283,207.652
2.417777777,207.652
2.420680272,207.652
2.423582766,207.652
2.426485260,207.652
2.429387755,207.652
2.432290249,207.652
2.435192743,207.652
2.438095238,207.652
2.440997732,207.652
2.443900226,207.652
2.446802721,207.652
2.449705215,207.652
2.452607709,207.652
2.455510204,208.855
2.458412698,208.855
2.461315192,208.855
2.464217687,208.855
2.467120181,208.855
2.470022675,208.855
2.472925170,208.855
2.475827664,208.855
2.478730158,208.855
2.481632653,208.855
2.484535147,208.855
2.487437641,208.855
2.490340136,208.855
2.493242630,208.855
2.496145124,208.855
2.499047619,208.855
2.501950113,208.855
2.504852607,208.855
2.507755102,208.855
2.510657596,208.855
2.513560090,208.855
2.516462585,208.855
2.519365079,208.855
2.522267573,208.855
2.525170068,208.855
2.528072562,208.855
2.530975056,208.855
2.533877551,208.855
2.536780045,208.855
2.539682539,208.855
2.542585034,208.855
2.545487528,208.855
2.548390022,207.652
2.551292517,207.652
2.554195011,207.652
2.557097505,207.652
2.560000000,207.652
2.562902494,207.652
2.565804988,207.652
2.568707482,207.652
2.571609977,207.652
2.574512471,207.652
2.577414965,207.652
2.580317460,207.652
2.583219954,207.652
2.586122448,207.652
2.589024943,207.652
2.591927437,207.652
2.594829931,207.652
2.597732426,207.652
2.600634920,207.652
2.603537414,207.652
2.606439909,207.652
2.609342403,207.652
2.612244897,207.652
2.615147392,207.652
2.618049886,207.652
2.620952380,207.652
2.623854875,207.652
2.626757369,207.652
2.629659863,207.652
2.632562358,207.652
2.635464852,207.652
2.638367346,207.652
2.641269841,207.652
2.644172335,207.652
2.647074829,207.652
2.649977324,207.652
2.652879818,207.652
2.655782312,207.652
2.658684807,207.652
2.661587301,207.652
2.664489795,208.855
2.667392290,208.855
2.670294784,208.855
2.673197278,208.855
2.676099773,210.065
2.679002267,210.065
2.681904761,211.282
2.684807256,211.282
2.687709750,212.506
2.690612244,213.737
2.693514739,216.221
2.696417233,217.473
2.699319727,222.556
2.702222222,225.142
2.705124716,226.446
2.708027210,229.078
2.710929705,231.739
2.713832199,233.082
2.716734693,233.082
2.719637188,233.082
2.722539682,233.082
2.725442176,234.432
2.728344671,233.082
2.731247165,234.432
2.734149659,234.432
2.737052154,233.082
2.739954648,233.082
2.742857142,233.082
2.745759637,233.082
2.748662131,233.082
2.751564625,231.739
2.754467120,231.739
2.757369614,231.739
2.760272108,233.082
2.763174603,233.082
2.766077097,233.082
2.768979591,233.082
2.771882086,233.082
2.774784580,233.082
2.777687074,233.082
2.780589569,233.082
2.783492063,233.082
2.786394557,233.082
2.789297052,233.082
2.792199546,233.082
2.795102040,233.082
2.798004535,233.082
2.800907029,233.082
2.803809523,233.082
2.806712018,233.082
2.809614512,233.082
2.812517006,233.082
2.815419501,233.082
2.818321995,233.082
2.821224489,233.082
2.824126984,233.082
2.827029478,233.082
2.829931972,233.082
2.832834467,233.082
2.835736961,233.082
2.838639455,233.082
2.841541950,233.082
2.844444444,233.082
2.847346938,233.082
2.850249433,233.082
2.853151927,233.082
2.856054421,233.082
2.858956916,233.082
2.861859410,233.082
2.864761904,233.082
2.867664399,233.082
2.870566893,233.082
2.873469387,233.082
2.876371882,233.082
2.879274376,233.082
2.882176870,233.082
2.885079365,233.082
2.887981859,233.082
2.890884353,233.082
2.893786848,233.082
2.896689342,233.082
2.899591836,233.082
2.902494331,233.082
2.905396825,233.082
2.908299319,233.082
2.911201814,233.082
2.914104308,233.082
2.917006802,233.082
2.919909297,233.082
2.922811791,233.082
2.925714285,233.082
2.928616780,233.082
2.931519274,233.082
2.934421768,233.082
2.937324263,233.082
2.940226757,233.082
2.943129251,233.082
2.946031746,233.082
2.948934240,233.082
2.951836734,233.082
2.954739229,233.082
2.957641723,233.082
2.960544217,233.082
2.963446712,233.082
2.966349206,233.082
2.969251700,233.082
2.972154195,231.739
2.975056689,231.739
2.977959183,230.405
2.980861678,229.078
2.983764172,226.446
2.986666666,223.846
2.989569160,218.733
2.992471655,213.737
2.995374149,211.282
2.998276643,210.065
3.001179138,208.855
3.004081632,208.855
3.006984126,208.855
3.009886621,208.855
3.012789115,208.855
3.015691609,208.855
3.018594104,208.855
3.021496598,208.855
3.024399092,208.855
3.027301587,208.855
3.030204081,208.855
3.033106575,208.855
3.036009070,207.652
3.038911564,207.652
3.041814058,207.652
3.044716553,207.652
3.047619047,207.652
3.050521541,207.652
3.053424036,207.652
3.056326530,207.652
3.059229024,207.652
3.062131519,207.652
3.065034013,207.652
3.067936507,207.652
3.070839002,207.652
3.073741496,207.652
3.076643990,207.652
3.079546485,207.652
3.082448979,207.652
3.085351473,207.652
3.088253968,207.652
3.091156462,207.652
3.094058956,207.652
3.096961451,207.652
3.099863945,207.652
3.102766439,207.652
3.105668934,207.652
3.108571428,207.652
3.111473922,207.652
3.114376417,207.652
3.117278911,207.652
3.120181405,207.652
3.123083900,207.652
3.125986394,207.652
3.128888888,207.652
3.131791383,207.652
3.134693877,207.652
3.137596371,207.652
3.140498866,207.652
3.143401360,207.652
3.146303854,207.652
3.149206349,207.652
3.152108843,207.652
3.155011337,207.652
3.157913832,207.652
3.160816326,207.652
3.163718820,207.652
3.166621315,207.652
3.169523809,207.652
3.172426303,207.652
3.175328798,207.652
3.178231292,207.652
3.181133786,207.652
3.184036281,207.652
3.186938775,207.652
3.189841269,207.652
3.192743764,207.652
3.195646258,207.652
3.198548752,207.652
3.201451247,207.652
3.204353741,207.652
3.207256235,207.652
3.210158730,207.652
3.213061224,207.652
3.215963718,207.652
3.218866213,207.652
3.221768707,207.652
3.224671201,207.652
3.227573696,207.652
3.230476190,207.652
3.233378684,207.652
3.236281179,208.855
3.239183673,208.855
3.242086167,210.065
3.244988662,211.282
3.247891156,212.506
3.250793650,214.975
3.253696145,217.473
3.256598639,221.274
3.259501133,225.142
3.262403628,227.758
3.265306122,230.405
3.268208616,231.739
3.271111111,233.082
3.274013605,233.082
3.276916099,233.082
3.279818594,233.082
3.282721088,233.082
3.285623582,233.082
3.288526077,233.082
3.291428571,233.082
3.294331065,233.082
3.297233560,233.082
3.300136054,233.082
3.303038548,233.082
3.305941043,233.082
3.308843537,233.082
3.311746031,231.739
3.314648526,231.739
3.317551020,231.739
3.320453514,231.739
3.323356009,231.739
3.326258503,231.739
3.329160997,233.082
3.332063492,233.082
3.334965986,233.082
3.337868480,233.082
3.340770975,233.082
3.343673469,233.082
3.346575963,233.082
3.349478458,233.082
3.352380952,233.082
3.355283446,233.082
3.358185941,231.739
3.361088435,231.739
3.363990929,233.082
3.366893424,233.082
3.369795918,233.082
3.372698412,233.082
3.375600907,233.082
3.378503401,233.082
3.381405895,233.082
3.384308390,233.082
3.387210884,233.082
3.390113378,233.082
3.393015873,233.082
3.395918367,233.082
3.398820861,233.082
3.401723356,233.082
3.404625850,233.082
3.407528344,233.082
3.410430839,233.082
3.413333333,233.082
3.416235827,233.082
3.419138321,233.082
3.422040816,233.082
3.424943310,233.082
3.427845804,233.082
3.430748299,233.082
3.433650793,233.082
3.436553287,233.082
3.439455782,233.082
3.442358276,233.082
3.445260770,233.082
3.448163265,233.082
3.451065759,233.082
3.453968253,233.082
3.456870748,233.082
3.459773242,233.082
3.462675736,233.082
3.465578231,233.082
3.468480725,233.082
3.471383219,233.082
3.474285714,233.082
3.477188208,233.082
3.480090702,233.082
3.482993197,233.082
3.485895691,233.082
3.488798185,233.082
3.491700680,233.082
3.494603174,233.082
3.497505668,233.082
3.500408163,233.082
3.503310657,233.082
3.506213151,233.082
3.509115646,233.082
3.512018140,233.082
3.514920634,233.082
3.517823129,233.082
3.520725623,233.082
3.523628117,233.082
3.526530612,233.082
3.529433106,233.082
3.532335600,234.432
3.535238095,234.432
3.538140589,235.79
3.541043083,238.53
3.543945578,242.699
3.546848072,248.372
3.549750566,249.811
3.552653061,252.714
3.555555555,254.178
3.558458049,257.131
3.561360544,258.621
3.564263038,258.621
3.567165532,260.119
3.570068027,260.119
3.572970521,260.119
3.575873015,260.119
3.578775510,260.119
3.581678004,260.119
3.584580498,260.119
3.587482993,260.119
3.590385487,260.119
3.593287981,260.119
3.596190476,260.119
3.599092970,260.119
3.601995464,260.119
3.604897959,260.119
3.607800453,260.119
3.610702947,260.119
3.613605442,260.119
3.616507936,260.119
3.619410430,260.119
3.622312925,260.119
3.625215419,260.119
3.628117913,260.119
3.631020408,260.119
3.633922902,260.119
3.636825396,260.119
3.639727891,260.119
3.642630385,260.119
3.645532879,260.119
3.648435374,260.119
3.651337868,260.119
3.654240362,260.119
3.657142857,260.119
3.660045351,260.119
3.662947845,260.119
3.665850340,260.119
3.668752834,260.119
3.671655328,260.119
3.674557823,260.119
3.677460317,260.119
3.680362811,260.119
3.683265306,260.119
3.686167800,260.119
3.689070294,260.119
3.691972789,260.119
3.694875283,260.119
3.697777777,260.119
3.700680272,260.119
3.703582766,260.119
3.706485260,260.119
3.709387755,260.119
3.712290249,260.119
3.715192743,260.119
3.718095238,260.119
3.720997732,260.119
3.723900226,260.119
3.726802721,260.119
3.729705215,260.119
3.732607709,260.119
3.735510204,260.119
3.738412698,260.119
3.741315192,260.119
3.744217687,260.119
3.747120181,260.119
3.750022675,260.119
3.752925170,260.119
3.755827664,260.119
3.758730158,260.119
3.761632653,260.119
3.764535147,260.119
3.767437641,260.119
3.770340136,260.119
3.773242630,260.119
3.776145124,261.626
3.779047619,261.626
3.781950113,261.626
3.784852607,261.626
3.787755102,261.626
3.790657596,261.626
3.793560090,261.626
3.796462585,261.626
3.799365079,261.626
3.802267573,261.626
3.805170068,261.626
3.808072562,261.626
3.810975056,261.626
3.813877551,261.626
3.816780045,261.626
3.819682539,261.626
3.822585034,261.626
3.825487528,261.626
3.828390022,261.626
3.831292517,261.626
3.834195011,261.626
3.837097505,261.626
3.840000000,261.626
3.842902494,261.626
3.845804988,261.626
3.848707482,261.626
3.851609977,261.626
3.854512471,261.626
3.857414965,261.626
3.860317460,261.626
3.863219954,261.626
3.866122448,261.626
3.869024943,261.626
3.871927437,261.626
3.874829931,261.626
3.877732426,261.626
3.880634920,261.626
3.883537414,261.626
3.886439909,261.626
3.889342403,261.626
3.892244897,261.626
3.895147392,261.626
3.898049886,261.626
3.900952380,261.626
3.903854875,261.626
3.906757369,260.119
3.909659863,260.119
3.912562358,260.119
3.915464852,260.119
3.918367346,260.119
3.921269841,260.119
3.924172335,260.119
3.927074829,260.119
3.929977324,260.119
3.932879818,260.119
3.935782312,260.119
3.938684807,260.119
3.941587301,260.119
3.944489795,260.119
3.947392290,261.626
3.950294784,261.626
3.953197278,261.626
3.956099773,261.626
3.959002267,261.626
3.961904761,261.626
3.964807256,261.626
3.967709750,261.626
3.970612244,261.626
3.973514739,261.626
3.976417233,261.626
3.979319727,261.626
3.982222222,261.626
3.985124716,261.626
3.988027210,261.626
3.990929705,261.626
3.993832199,261.626
3.996734693,261.626
3.999637188,261.626
4.002539682,261.626
4.005442176,261.626
4.008344671,261.626
4.011247165,263.141
4.014149659,263.141
4.017052154,263.141
4.019954648,263.141
4.022857142,263.141
4.025759637,263.141
4.028662131,263.141
4.031564625,263.141
4.034467120,263.141
4.037369614,263.141
4.040272108,263.141
4.043174603,263.141
4.046077097,261.626
4.048979591,261.626
4.051882086,261.626
4.054784580,261.626
4.057687074,261.626
4.060589569,261.626
4.063492063,261.626
4.066394557,261.626
4.069297052,261.626
4.072199546,261.626
4.075102040,261.626
4.078004535,261.626
4.080907029,261.626
4.083809523,261.626
4.086712018,261.626
4.089614512,261.626
4.092517006,261.626
4.095419501,260.119
4.098321995,260.119
4.101224489,260.119
4.104126984,260.119
4.107029478,260.119
4.109931972,261.626
4.112834467,261.626
4.115736961,261.626
4.118639455,261.626
4.121541950,261.626
4.124444444,261.626
4.127346938,261.626
4.130249433,261.626
4.133151927,261.626
4.136054421,261.626
4.138956916,261.626
4.141859410,261.626
4.144761904,261.626
4.147664399,261.626
4.150566893,261.626
4.153469387,261.626
4.156371882,261.626
4.159274376,261.626
4.162176870,261.626
4.165079365,261.626
4.167981859,261.626
4.170884353,261.626
4.173786848,261.626
4.176689342,263.141
4.179591836,263.141
4.182494331,263.141
4.185396825,-220
4.188299319,-220
4.191201814,-220
4.194104308,-220
4.197006802,-220
4.199909297,-220
4.202811791,-220
4.205714285,-220
4.208616780,-220
4.211519274,-220
4.214421768,-220
4.217324263,-220
4.220226757,-220
4.223129251,-220
4.226031746,-220
4.228934240,-220
4.231836734,-220
4.234739229,-220
4.237641723,-220
4.240544217,-220
4.243446712,-220
4.246349206,-220
4.249251700,-220
4.252154195,-220
4.255056689,-220
4.257959183,-220
4.260861678,-220
4.263764172,-220
4.266666666,-220
4.269569160,-220
4.272471655,-220
4.275374149,-220
4.278276643,-220
4.281179138,-220
4.284081632,-220
4.286984126,-220
4.289886621,-220
4.292789115,-220
4.295691609,-220
4.298594104,-220
4.301496598,-220
4.304399092,-220
4.307301587,-220
4.310204081,-220
4.313106575,-220
4.316009070,-220
4.318911564,-220
4.321814058,-220
4.324716553,-220
4.327619047,-220
4.330521541,-220
4.333424036,-220
4.336326530,-220
4.339229024,-220
4.342131519,-220
4.345034013,-220
4.347936507,-220
4.350839002,-220
4.353741496,-220
4.356643990,-220
4.359546485,-220
4.362448979,-220
4.365351473,-220
4.368253968,-220
4.371156462,-220
4.374058956,-220
4.376961451,-220
4.379863945,-220
4.382766439,-220
4.385668934,-220
4.388571428,-220
4.391473922,-220
4.394376417,-220
4.397278911,-220
4.400181405,-220
4.403083900,-220
4.405986394,-220
4.408888888,-220
4.411791383,-220
4.414693877,-220
4.417596371,-220
4.420498866,-220
4.423401360,-220
4.426303854,-220
4.429206349,-220
4.432108843,-220
4.435011337,-220
4.437913832,-220
4.440816326,-220
4.443718820,-220
4.446621315,-220
4.449523809,-220
4.452426303,-220
4.455328798,-220
4.458231292,-220
4.461133786,-220
4.464036281,-220
4.466938775,-220
4.469841269,-220
4.472743764,-220
4.475646258,-220
4.478548752,-220
4.481451247,-220
4.484353741,-220
4.487256235,-220
4.490158730,-220
4.493061224,-220
4.495963718,-220
4.498866213,-220
4.501768707,-220
4.504671201,-220
4.507573696,-220
4.510476190,-220
4.513378684,-220
4.516281179,-220
4.519183673,-220
4.522086167,-220
4.524988662,-220
4.527891156,-220
4.530793650,-220
4.533696145,-220
4.536598639,-220
4.539501133,-220
4.542403628,-220
4.545306122,-220
4.548208616,-220
4.551111111,-220
4.554013605,-220
4.556916099,-220
4.559818594,-220
4.562721088,-220
4.565623582,-220
4.568526077,-220
4.571428571,-220
4.574331065,-220
4.577233560,-220
4.580136054,-220
4.583038548,-220
4.585941043,-220
4.588843537,-220
4.591746031,-220
4.594648526,-220
4.597551020,-220
4.600453514,-220
4.603356009,-220
4.606258503,-220
4.609160997,-220
4.612063492,-220
4.614965986,-220
4.617868480,-220
4.620770975,-220
4.623673469,-220
4.626575963,-220
4.629478458,-220
4.632380952,-220
4.635283446,-220
4.638185941,-220
4.641088435,-220
4.643990929,-220
4.646893424,-220
4.649795918,-220
4.652698412,-220
4.655600907,-220
4.658503401,-220
4.661405895,-220
4.664308390,-220
4.667210884,-220
4.670113378,-220
4.673015873,-220
4.675918367,-220
4.678820861,-220
4.681723356,-220
4.684625850,-220
4.687528344,-220
4.690430839,-220
4.693333333,-220
4.696235827,-220
4.699138321,-220
4.702040816,-220
4.704943310,-220
4.707845804,-220
4.710748299,-220
4.713650793,-220
4.716553287,-220
4.719455782,-220
4.722358276,-220
4.725260770,-220
4.728163265,-220
4.731065759,-220
4.733968253,-220
4.736870748,-220
4.739773242,417.711
4.742675736,417.711
4.745578231,417.711
4.748480725,417.711
4.751383219,417.711
4.754285714,417.711
4.757188208,417.711
4.760090702,417.711
4.762993197,417.711
4.765895691,417.711
4.768798185,417.711
4.771700680,417.711
4.774603174,417.711
4.777505668,417.711
4.780408163,417.711
4.783310657,417.711
4.786213151,417.711
4.789115646,417.711
4.792018140,417.711
4.794920634,417.711
4.797823129,417.711
4.800725623,417.711
4.803628117,417.711
4.806530612,417.711
4.809433106,417.711
4.812335600,417.711
4.815238095,417.711
4.818140589,417.711
4.821043083,417.711
4.823945578,417.711
4.826848072,417.711
4.829750566,417.711
4.832653061,417.711
4.835555555,417.711
4.838458049,417.711
4.841360544,417.711
4.844263038,417.711
4.847165532,417.711
4.850068027,417.711
4.852970521,417.711
4.855873015,417.711
4.858775510,417.711
4.861678004,417.711
4.864580498,417.711
4.867482993,417.711
4.870385487,417.711
4.873287981,417.711
4.876190476,417.711
4.879092970,417.711
4.881995464,417.711
4.884897959,417.711
4.887800453,417.711
4.890702947,417.711
4.893605442,417.711
4.896507936,417.711
4.899410430,417.711
4.902312925,417.711
4.905215419,417.711
4.908117913,417.711
4.911020408,417.711
4.913922902,417.711
4.916825396,417.711
4.919727891,417.711
4.922630385,417.711
4.925532879,417.711
4.928435374,417.711
4.931337868,417.711
4.934240362,417.711
4.937142857,417.711
4.940045351,417.711
4.942947845,417.711
4.945850340,417.711
4.948752834,417.711
4.951655328,417.711
4.954557823,417.711
4.957460317,417.711
4.960362811,417.711
4.963265306,417.711
4.966167800,417.711
4.969070294,417.711
4.971972789,417.711
4.974875283,417.711
4.977777777,417.711
4.980680272,417.711
4.983582766,417.711
4.986485260,417.711
4.989387755,417.711
4.992290249,417.711
4.995192743,417.711
4.998095238,417.711
5.000997732,417.711
5.003900226,417.711
5.006802721,417.711
5.009705215,417.711
5.012607709,417.711
5.015510204,417.711
5.018412698,417.711
5.021315192,417.711
5.024217687,417.711
5.027120181,417.711
5.030022675,417.711
5.032925170,417.711
5.035827664,417.711
5.038730158,417.711
5.041632653,417.711
5.044535147,417.711
5.047437641,417.711
5.050340136,417.711
5.053242630,417.711
5.056145124,417.711
5.059047619,417.711
5.061950113,417.711
5.064852607,417.711
5.067755102,417.711
5.070657596,417.711
5.073560090,417.711
5.076462585,417.711
5.079365079,417.711
5.082267573,417.711
5.085170068,417.711
5.088072562,417.711
5.090975056,417.711
5.093877551,417.711
5.096780045,417.711
5.099682539,417.711
5.102585034,417.711
5.105487528,417.711
5.108390022,417.711
5.111292517,417.711
5.114195011,417.711
5.117097505,417.711
5.120000000,417.711
5.122902494,417.711
5.125804988,415.305
5.128707482,415.305
5.131609977,415.305
5.134512471,415.305
5.137414965,412.913
5.140317460,410.535
5.143219954,405.819
5.146122448,398.847
5.149024943,396.55
5.151927437,394.266
5.154829931,391.995
5.157732426,391.995
5.160634920,391.995
5.163537414,391.995
5.166439909,394.266
5.169342403,394.266
5.172244897,394.266
5.175147392,391.995
5.178049886,391.995
5.180952380,389.738
5.183854875,387.493
5.186757369,385.261
5.189659863,385.261
5.192562358,380.836
5.195464852,369.994
5.198367346,365.745
5.201269841,363.638
5.204172335,363.638
5.207074829,363.638
5.209977324,363.638
5.212879818,361.544
5.215782312,363.638
5.218684807,365.745
5.221587301,363.638
5.224489795,365.745
5.227392290,365.745
5.230294784,365.745
5.233197278,365.745
5.236099773,365.745
5.239002267,365.745
5.241904761,365.745
5.244807256,363.638
5.247709750,363.638
5.250612244,365.745
5.253514739,363.638
5.256417233,365.745
5.259319727,365.745
5.262222222,365.745
5.265124716,365.745
5.268027210,365.745
5.270929705,363.638
5.273832199,363.638
5.276734693,363.638
5.279637188,361.544
5.282539682,361.544
5.285442176,361.544
5.288344671,359.461
5.291247165,357.391
5.294149659,357.391
5.297052154,355.333
5.299954648,353.286
5.302857142,351.251
5.305759637,349.228
5.308662131,349.228
5.311564625,349.228
5.314467120,347.217
5.317369614,349.228
5.320272108,347.217
5.323174603,347.217
5.326077097,347.217
5.328979591,349.228
5.331882086,349.228
5.334784580,349.228
5.337687074,349.228
5.340589569,349.228
5.343492063,349.228
5.346394557,349.228
5.349297052,349.228
5.352199546,351.251
5.355102040,349.228
5.358004535,349.228
5.360907029,349.228
5.363809523,349.228
5.366712018,349.228
5.369614512,349.228
5.372517006,349.228
5.375419501,349.228
5.378321995,349.228
5.381224489,349.228
5.384126984,349.228
5.387029478,349.228
5.389931972,349.228
5.392834467,349.228
5.395736961,349.228
5.398639455,349.228
5.401541950,349.228
5.404444444,349.228
5.407346938,347.217
5.410249433,347.217
5.413151927,347.217
5.416054421,347.217
5.418956916,347.217
5.421859410,347.217
5.424761904,347.217
5.427664399,347.217
5.430566893,347.217
5.433469387,347.217
5.436371882,347.217
5.439274376,347.217
5.442176870,347.217
5.445079365,347.217
5.447981859,347.217
5.450884353,347.217
5.453786848,347.217
5.456689342,347.217
5.459591836,347.217
5.462494331,347.217
5.465396825,347.217
5.468299319,347.217
5.471201814,347.217
5.474104308,347.217
5.477006802,347.217
5.479909297,347.217
5.482811791,347.217
5.485714285,347.217
5.488616780,347.217
5.491519274,347.217
5.494421768,347.217
5.497324263,347.217
5.500226757,347.217
5.503129251,347.217
5.506031746,347.217
5.508934240,347.217
5.511836734,347.217
5.514739229,347.217
5.517641723,347.217
5.520544217,347.217
5.523446712,347.217
5.526349206,347.217
5.529251700,347.217
5.532154195,347.217
5.535056689,347.217
5.537959183,347.217
5.540861678,347.217
5.543764172,347.217
5.546666666,347.217
5.549569160,347.217
5.552471655,347.217
5.555374149,347.217
5.558276643,347.217
5.561179138,347.217
5.564081632,347.217
5.566984126,347.217
5.569886621,347.217
5.572789115,347.217
5.575691609,347.217
5.578594104,349.228
5.581496598,349.228
5.584399092,349.228
5.587301587,349.228
5.590204081,349.228
5.593106575,349.228
5.596009070,349.228
5.598911564,349.228
5.601814058,349.228
5.604716553,349.228
5.607619047,349.228
5.610521541,349.228
5.613424036,349.228
5.616326530,349.228
5.619229024,349.228
5.622131519,349.228
5.625034013,349.228
5.627936507,349.228
5.630839002,349.228
5.633741496,349.228
5.636643990,349.228
5.639546485,349.228
5.642448979,349.228
5.645351473,349.228
5.648253968,349.228
5.651156462,349.228
5.654058956,349.228
5.656961451,349.228
5.659863945,349.228
5.662766439,349.228
5.665668934,347.217
5.668571428,347.217
5.671473922,347.217
5.674376417,347.217
5.677278911,347.217
5.680181405,347.217
5.683083900,347.217
5.685986394,347.217
5.688888888,347.217
5.691791383,347.217
5.694693877,347.217
5.697596371,347.217
5.700498866,347.217
5.703401360,347.217
5.706303854,347.217
5.709206349,347.217
5.712108843,347.217
5.715011337,347.217
5.717913832,347.217
5.720816326,347.217
5.723718820,347.217
5.726621315,347.217
5.729523809,347.217
5.732426303,347.217
5.735328798,347.217
5.738231292,347.217
5.741133786,347.217
5.744036281,347.217
5.746938775,347.217
5.749841269,349.228
5.752743764,349.228
5.755646258,349.228
5.758548752,349.228
5.761451247,349.228
5.764353741,349.228
5.767256235,349.228
5.770158730,349.228
5.773061224,349.228
5.775963718,349.228
5.778866213,349.228
5.781768707,349.228
5.784671201,349.228
5.787573696,349.228
5.790476190,349.228
5.793378684,349.228
5.796281179,349.228
5.799183673,349.228
5.802086167,349.228
5.804988662,349.228
5.807891156,349.228
5.810793650,349.228
5.813696145,349.228
5.816598639,349.228
5.819501133,349.228
5.822403628,349.228
5.825306122,349.228
5.828208616,349.228
5.831111111,351.251
5.834013605,353.286
5.836916099,355.333
5.839818594,-220
5.842721088,-220
5.845623582,-220
5.848526077,-220
5.851428571,-220
5.854331065,-220
5.857233560,-220
5.860136054,-220
5.863038548,-220
5.865941043,-220
5.868843537,-220
5.871746031,-220
5.874648526,-220
5.877551020,-220
5.880453514,-220
5.883356009,-220
5.886258503,309.335
5.889160997,309.335
5.892063492,309.335
5.894965986,309.335
5.897868480,309.335
5.900770975,309.335
5.903673469,309.335
5.906575963,309.335
5.909478458,309.335
5.912380952,309.335
5.915283446,309.335
5.918185941,309.335
5.921088435,309.335
5.923990929,309.335
5.926893424,309.335
5.929795918,311.127
5.932698412,311.127
5.935600907,311.127
5.938503401,311.127
5.941405895,311.127
5.944308390,311.127
5.947210884,311.127
5.950113378,311.127
5.953015873,311.127
5.955918367,311.127
5.958820861,311.127
5.961723356,311.127
5.964625850,311.127
5.967528344,311.127
5.970430839,311.127
5.973333333,311.127
5.976235827,311.127
5.979138321,311.127
5.982040816,311.127
5.984943310,311.127
5.987845804,311.127
5.990748299,311.127
5.993650793,311.127
5.996553287,309.335
5.999455782,311.127
6.002358276,311.127
6.005260770,311.127
6.008163265,311.127
6.011065759,311.127
6.013968253,311.127
6.016870748,311.127
6.019773242,311.127
6.022675736,311.127
6.025578231,311.127
6.028480725,311.127
6.031383219,311.127
6.034285714,311.127
6.037188208,311.127
6.040090702,311.127
6.042993197,309.335
6.045895691,309.335
6.048798185,309.335
6.051700680,309.335
6.054603174,309.335
6.057505668,309.335
6.060408163,309.335
6.063310657,309.335
6.066213151,309.335
6.069115646,309.335
6.072018140,309.335
6.074920634,309.335
6.077823129,309.335
6.080725623,309.335
6.083628117,309.335
6.086530612,309.335
6.089433106,309.335
6.092335600,309.335
6.095238095,309.335
6.098140589,309.335
6.101043083,309.335
6.103945578,309.335
6.106848072,309.335
6.109750566,309.335
6.112653061,309.335
6.115555555,309.335
6.118458049,309.335
6.121360544,309.335
6.124263038,309.335
6.127165532,309.335
6.130068027,309.335
6.132970521,309.335
6.135873015,309.335
6.138775510,309.335
6.141678004,309.335
6.144580498,309.335
6.147482993,309.335
6.150385487,309.335
6.153287981,309.335
6.156190476,309.335
6.159092970,309.335
6.161995464,309.335
6.164897959,309.335
6.167800453,309.335
6.170702947,309.335
6.173605442,309.335
6.176507936,309.335
6.179410430,309.335
6.182312925,309.335
6.185215419,309.335
6.188117913,309.335
6.191020408,309.335
6.193922902,309.335
6.196825396,309.335
6.199727891,309.335
6.202630385,309.335
6.205532879,309.335
6.208435374,309.335
6.211337868,309.335
6.214240362,309.335
6.217142857,309.335
6.220045351,309.335
6.222947845,309.335
6.225850340,309.335
6.228752834,309.335
6.231655328,309.335
6.234557823,309.335
6.237460317,309.335
6.240362811,309.335
6.243265306,309.335
6.246167800,309.335
6.249070294,309.335
6.251972789,309.335
6.254875283,309.335
6.257777777,309.335
6.260680272,307.553
6.263582766,307.553
6.266485260,307.553
6.269387755,305.782
6.272290249,304.021
6.275192743,302.27
6.278095238,297.077
6.280997732,286.957
6.283900226,278.788
6.286802721,270.852
6.289705215,267.741
6.292607709,264.665
6.295510204,263.141
6.298412698,263.141
6.301315192,261.626
6.304217687,261.626
6.307120181,261.626
6.310022675,261.626
6.312925170,261.626
6.315827664,261.626
6.318730158,261.626
6.321632653,261.626
6.324535147,261.626
6.327437641,261.626
6.330340136,261.626
6.333242630,261.626
6.336145124,261.626
6.339047619,261.626
6.341950113,261.626
6.344852607,261.626
6.347755102,261.626
6.350657596,261.626
6.353560090,261.626
6.356462585,261.626
6.359365079,261.626
6.362267573,261.626
6.365170068,261.626
6.368072562,261.626
6.370975056,261.626
6.373877551,261.626
6.376780045,261.626
6.379682539,261.626
6.382585034,261.626
6.385487528,261.626
6.388390022,261.626
6.391292517,261.626
6.394195011,261.626
6.397097505,261.626
6.400000000,261.626
6.402902494,261.626
6.405804988,261.626
6.408707482,261.626
6.411609977,261.626
6.414512471,261.626
6.417414965,261.626
6.420317460,261.626
6.423219954,261.626
6.426122448,261.626
6.429024943,261.626
6.431927437,261.626
6.434829931,261.626
6.437732426,261.626
6.440634920,261.626
6.443537414,261.626
6.446439909,261.626
6.449342403,261.626
6.452244897,261.626
6.455147392,261.626
6.458049886,261.626
6.460952380,261.626
6.463854875,261.626
6.466757369,261.626
6.469659863,261.626
6.472562358,261.626
6.475464852,261.626
6.478367346,261.626
6.481269841,261.626
6.484172335,261.626
6.487074829,261.626
6.489977324,261.626
6.492879818,261.626
6.495782312,261.626
6.498684807,261.626
6.501587301,261.626
6.504489795,261.626
6.507392290,261.626
6.510294784,261.626
6.513197278,261.626
6.516099773,261.626
6.519002267,261.626
6.521904761,261.626
6.524807256,261.626
6.527709750,261.626
6.530612244,261.626
6.533514739,261.626
6.536417233,261.626
6.539319727,261.626
6.542222222,261.626
6.545124716,261.626
6.548027210,261.626
6.550929705,261.626
6.553832199,261.626
6.556734693,261.626
6.559637188,261.626
6.562539682,261.626
6.565442176,261.626
6.568344671,261.626
6.571247165,261.626
6.574149659,261.626
6.577052154,261.626
6.579954648,261.626
6.582857142,261.626
6.585759637,261.626
6.588662131,261.626
6.591564625,261.626
6.594467120,261.626
6.597369614,261.626
6.600272108,261.626
6.603174603,261.626
6.606077097,261.626
6.608979591,261.626
6.611882086,261.626
6.614784580,261.626
6.617687074,261.626
6.620589569,261.626
6.623492063,261.626
6.626394557,261.626
6.629297052,261.626
6.632199546,261.626
6.635102040,261.626
6.638004535,261.626
6.640907029,261.626
6.643809523,261.626
6.646712018,260.119
6.649614512,260.119
6.652517006,260.119
6.655419501,260.119
6.658321995,260.119
6.661224489,257.131
6.664126984,255.65
6.667029478,-220
6.669931972,-220
6.672834467,-220
6.675736961,-220
6.678639455,-220
6.681541950,-220
6.684444444,-220
6.687346938,207.652
6.690249433,207.652
6.693151927,207.652
6.696054421,208.855
6.698956916,208.855
6.701859410,208.855
6.704761904,208.855
6.707664399,208.855
6.710566893,208.855
6.713469387,208.855
6.716371882,208.855
6.719274376,207.652
6.722176870,207.652
6.725079365,207.652
6.727981859,207.652
6.730884353,207.652
6.733786848,207.652
6.736689342,207.652
6.739591836,207.652
6.742494331,207.652
6.745396825,207.652
6.748299319,207.652
6.751201814,207.652
6.754104308,207.652
6.757006802,207.652
6.759909297,207.652
6.762811791,207.652
6.765714285,207.652
6.768616780,207.652
6.771519274,207.652
6.774421768,207.652
6.777324263,207.652
6.780226757,207.652
6.783129251,207.652
6.786031746,207.652
6.788934240,207.652
6.791836734,207.652
6.794739229,207.652
6.797641723,207.652
6.800544217,207.652
6.803446712,207.652
6.806349206,207.652
6.809251700,207.652
6.812154195,207.652
6.815056689,207.652
6.817959183,207.652
6.820861678,207.652
6.823764172,207.652
6.826666666,207.652
6.829569160,207.652
6.832471655,207.652
6.835374149,207.652
6.838276643,207.652
6.841179138,207.652
6.844081632,207.652
6.846984126,207.652
6.849886621,207.652
6.852789115,207.652
6.855691609,207.652
6.858594104,207.652
6.861496598,207.652
6.864399092,207.652
6.867301587,207.652
6.870204081,207.652
6.873106575,207.652
6.876009070,207.652
6.878911564,207.652
6.881814058,207.652
6.884716553,207.652
6.887619047,207.652
6.890521541,207.652
6.893424036,207.652
6.896326530,207.652
6.899229024,207.652
6.902131519,207.652
6.905034013,207.652
6.907936507,207.652
6.910839002,207.652
6.913741496,207.652
6.916643990,207.652
6.919546485,207.652
6.922448979,207.652
6.925351473,207.652
6.928253968,207.652
6.931156462,207.652
6.934058956,207.652
6.936961451,207.652
6.939863945,207.652
6.942766439,207.652
6.945668934,207.652
6.948571428,207.652
6.951473922,207.652
6.954376417,207.652
6.957278911,207.652
6.960181405,207.652
6.963083900,207.652
6.965986394,207.652
6.968888888,207.652
6.971791383,207.652
6.974693877,207.652
6.977596371,207.652
6.980498866,207.652
6.983401360,207.652
6.986303854,207.652
6.989206349,207.652
6.992108843,207.652
6.995011337,207.652
6.997913832,207.652
7.000816326,207.652
7.003718820,207.652
7.006621315,207.652
7.009523809,207.652
7.012426303,207.652
7.015328798,207.652
7.018231292,207.652
7.021133786,207.652
7.024036281,207.652
7.026938775,207.652
7.029841269,207.652
7.032743764,207.652
7.035646258,207.652
7.038548752,207.652
7.041451247,207.652
7.044353741,207.652
7.047256235,207.652
7.050158730,207.652
7.053061224,207.652
7.055963718,207.652
7.058866213,207.652
7.061768707,207.652
7.064671201,207.652
7.067573696,207.652
7.070476190,207.652
7.073378684,207.652
7.076281179,207.652
7.079183673,207.652
7.082086167,207.652
7.084988662,207.652
7.087891156,207.652
7.090793650,207.652
7.093696145,207.652
7.096598639,207.652
7.099501133,207.652
7.102403628,207.652
7.105306122,207.652
7.108208616,207.652
7.111111111,207.652
7.114013605,207.652
7.116916099,207.652
7.119818594,208.855
7.122721088,208.855
7.125623582,208.855
7.128526077,208.855
7.131428571,208.855
7.134331065,208.855
7.137233560,208.855
7.140136054,208.855
7.143038548,208.855
7.145941043,208.855
7.148843537,208.855
7.151746031,208.855
7.154648526,208.855
7.157551020,208.855
7.160453514,208.855
7.163356009,208.855
7.166258503,208.855
7.169160997,208.855
7.172063492,208.855
7.174965986,208.855
7.177868480,208.855
7.180770975,208.855
7.183673469,208.855
7.186575963,208.855
7.189478458,208.855
7.192380952,208.855
7.195283446,208.855
7.198185941,208.855
7.201088435,208.855
7.203990929,208.855
7.206893424,208.855
7.209795918,208.855
7.212698412,208.855
7.215600907,208.855
7.218503401,207.652
7.221405895,207.652
7.224308390,207.652
7.227210884,207.652
7.230113378,207.652
7.233015873,207.652
7.235918367,207.652
7.238820861,208.855
7.241723356,207.652
7.244625850,208.855
7.247528344,208.855
7.250430839,208.855
7.253333333,208.855
7.256235827,208.855
7.259138321,208.855
7.262040816,208.855
7.264943310,208.855
7.267845804,208.855
7.270748299,208.855
7.273650793,208.855
7.276553287,208.855
7.279455782,208.855
7.282358276,208.855
7.285260770,208.855
7.288163265,208.855
7.291065759,208.855
7.293968253,208.855
7.296870748,208.855
7.299773242,208.855
7.302675736,208.855
7.305578231,208.855
7.308480725,208.855
7.311383219,210.065
7.314285714,210.065
7.317188208,211.282
7.320090702,212.506
7.322993197,213.737
7.325895691,214.975
7.328798185,216.221
7.331700680,220
7.334603174,222.556
7.337505668,225.142
7.340408163,227.758
7.343310657,230.405
7.346213151,231.739
7.349115646,233.082
7.352018140,233.082
7.354920634,233.082
7.357823129,233.082
7.360725623,234.432
7.363628117,234.432
7.366530612,233.082
7.369433106,233.082
7.372335600,233.082
7.375238095,233.082
7.378140589,233.082
7.381043083,233.082
7.383945578,231.739
7.386848072,231.739
7.389750566,231.739
7.392653061,231.739
7.395555555,231.739
7.398458049,233.082
7.401360544,233.082
7.404263038,233.082
7.407165532,233.082
7.410068027,233.082
7.412970521,233.082
7.415873015,233.082
7.418775510,233.082
7.421678004,233.082
7.424580498,233.082
7.427482993,233.082
7.430385487,233.082
7.433287981,233.082
7.436190476,233.082
7.439092970,233.082
7.441995464,233.082
7.444897959,233.082
7.447800453,233.082
7.450702947,233.082
7.453605442,233.082
7.456507936,233.082
7.459410430,233.082
7.462312925,233.082
7.465215419,233.082
7.468117913,233.082
7.471020408,233.082
7.473922902,233.082
7.476825396,233.082
7.479727891,233.082
7.482630385,233.082
7.485532879,233.082
7.488435374,233.082
7.491337868,233.082
7.494240362,233.082
7.497142857,233.082
7.500045351,233.082
7.502947845,233.082
7.505850340,233.082
7.508752834,233.082
7.511655328,233.082
7.514557823,233.082
7.517460317,233.082
7.520362811,233.082
7.523265306,233.082
7.526167800,233.082
7.529070294,233.082
7.531972789,233.082
7.534875283,233.082
7.537777777,233.082
7.540680272,233.082
7.543582766,233.082
7.546485260,233.082
7.549387755,233.082
7.552290249,233.082
7.555192743,233.082
7.558095238,233.082
7.560997732,233.082
7.563900226,233.082
7.566802721,233.082
7.569705215,233.082
7.572607709,233.082
7.575510204,233.082
7.578412698,233.082
7.581315192,233.082
7.584217687,233.082
7.587120181,233.082
7.590022675,233.082
7.592925170,233.082
7.595827664,233.082
7.598730158,233.082
7.601632653,233.082
7.604535147,233.082
7.607437641,233.082
7.610340136,233.082
7.613242630,233.082
7.616145124,233.082
7.619047619,233.082
7.621950113,233.082
7.624852607,231.739
7.627755102,231.739
7.630657596,230.405
7.633560090,227.758
7.636462585,225.142
7.639365079,221.274
7.642267573,216.221
7.645170068,213.737
7.648072562,210.065
7.650975056,208.855
7.653877551,208.855
7.656780045,208.855
7.659682539,207.652
7.662585034,208.855
7.665487528,208.855
7.668390022,208.855
7.671292517,208.855
7.674195011,208.855
7.677097505,208.855
7.680000000,208.855
7.682902494,208.855
7.685804988,208.855
7.688707482,207.652
7.691609977,207.652
7.694512471,207.652
7.697414965,207.652
7.700317460,207.652
7.703219954,207.652
7.706122448,207.652
7.709024943,207.652
7.711927437,207.652
7.714829931,207.652
7.717732426,207.652
7.720634920,207.652
7.723537414,207.652
7.726439909,207.652
7.729342403,207.652
7.732244897,207.652
7.735147392,207.652
7.738049886,207.652
7.740952380,207.652
7.743854875,207.652
7.746757369,207.652
7.749659863,207.652
7.752562358,207.652
7.755464852,207.652
7.758367346,207.652
7.761269841,207.652
7.764172335,207.652
7.767074829,207.652
7.769977324,207.652
7.772879818,207.652
7.775782312,207.652
7.778684807,207.652
7.781587301,207.652
7.784489795,207.652
7.787392290,207.652
7.790294784,207.652
7.793197278,207.652
7.796099773,207.652
7.799002267,207.652
7.801904761,207.652
7.804807256,207.652
7.807709750,207.652
7.810612244,207.652
7.813514739,207.652
7.816417233,207.652
7.819319727,207.652
7.822222222,207.652
7.825124716,207.652
7.828027210,207.652
7.830929705,207.652
7.833832199,207.652
7.836734693,207.652
7.839637188,207.652
7.842539682,207.652
7.845442176,207.652
7.848344671,207.652
7.851247165,207.652
7.854149659,207.652
7.857052154,207.652
7.859954648,207.652
7.862857142,207.652
7.865759637,207.652
7.868662131,207.652
7.871564625,207.652
7.874467120,207.652
7.877369614,207.652
7.880272108,207.652
7.883174603,208.855
7.886077097,208.855
7.888979591,210.065
7.891882086,210.065
7.894784580,211.282
7.897687074,212.506
7.900589569,214.975
7.903492063,217.473
7.906394557,221.274
7.909297052,225.142
7.912199546,227.758
7.915102040,230.405
7.918004535,231.739
7.920907029,233.082
7.923809523,233.082
7.926712018,234.432
7.929614512,234.432
7.932517006,234.432
7.935419501,234.432
7.938321995,234.432
7.941224489,233.082
7.944126984,233.082
7.947029478,233.082
7.949931972,233.082
7.952834467,233.082
7.955736961,233.082
7.958639455,233.082
7.961541950,233.082
7.964444444,233.082
7.967346938,233.082
7.970249433,233.082
7.973151927,233.082
7.976054421,233.082
7.978956916,233.082
7.981859410,233.082
7.984761904,233.082
7.987664399,233.082
7.990566893,233.082
7.993469387,233.082
7.996371882,233.082
7.999274376,233.082
8.002176870,233.082
8.005079365,233.082
8.007981859,233.082
8.010884353,233.082
8.013786848,233.082
8.016689342,233.082
8.019591836,233.082
8.022494331,233.082
8.025396825,233.082
8.028299319,233.082
8.031201814,233.082
8.034104308,233.082
8.037006802,233.082
8.039909297,233.082
8.042811791,233.082
8.045714285,233.082
8.048616780,233.082
8.051519274,233.082
8.054421768,233.082
8.057324263,233.082
8.060226757,233.082
8.063129251,233.082
8.066031746,233.082
8.068934240,233.082
8.071836734,233.082
8.074739229,233.082
8.077641723,233.082
8.080544217,233.082
8.083446712,233.082
8.086349206,233.082
8.089251700,233.082
8.092154195,233.082
8.095056689,233.082
8.097959183,233.082
8.100861678,233.082
8.103764172,233.082
8.106666666,233.082
8.109569160,233.082
8.112471655,233.082
8.115374149,233.082
8.118276643,233.082
8.121179138,233.082
8.124081632,233.082
8.126984126,233.082
8.129886621,233.082
8.132789115,233.082
8.135691609,233.082
8.138594104,233.082
8.141496598,233.082
8.144399092,233.082
8.147301587,233.082
8.150204081,233.082
8.153106575,233.082
8.156009070,233.082
8.158911564,233.082
8.161814058,233.082
8.164716553,233.082
8.167619047,233.082
8.170521541,233.082
8.173424036,233.082
8.176326530,233.082
8.179229024,233.082
8.182131519,233.082
8.185034013,233.082
8.187936507,233.082
8.190839002,233.082
8.193741496,234.432
8.196643990,234.432
8.199546485,234.432
8.202448979,237.156
8.205351473,239.912
8.208253968,246.942
8.211156462,248.372
8.214058956,249.811
8.216961451,254.178
8.219863945,255.65
8.222766439,257.131
8.225668934,258.621
8.228571428,258.621
8.231473922,260.119
8.234376417,260.119
8.237278911,260.119
8.240181405,260.119
8.243083900,261.626
8.245986394,261.626
8.248888888,261.626
8.251791383,261.626
8.254693877,260.119
8.257596371,260.119
8.260498866,260.119
8.263401360,261.626
8.266303854,261.626
8.269206349,261.626
8.272108843,261.626
8.275011337,261.626
8.277913832,261.626
8.280816326,260.119
8.283718820,260.119
8.286621315,260.119
8.289523809,260.119
8.292426303,260.119
8.295328798,260.119
8.298231292,260.119
8.301133786,260.119
8.304036281,260.119
8.306938775,260.119
8.309841269,260.119
8.312743764,260.119
8.315646258,260.119
8.318548752,260.119
8.321451247,260.119
8.324353741,260.119
8.327256235,260.119
8.330158730,260.119
8.333061224,260.119
8.335963718,260.119
8.338866213,260.119
8.341768707,260.119
8.344671201,260.119
8.347573696,260.119
8.350476190,260.119
8.353378684,260.119
8.356281179,260.119
8.359183673,260.119
8.362086167,260.119
8.364988662,260.119
8.367891156,260.119
8.370793650,260.119
8.373696145,260.119
8.376598639,260.119
8.379501133,260.119
8.382403628,260.119
8.385306122,260.119
8.388208616,260.119
8.391111111,260.119
8.394013605,260.119
8.396916099,260.119
8.399818594,260.119
8.402721088,261.626
8.405623582,261.626
8.408526077,261.626
8.411428571,261.626
8.414331065,261.626
8.417233560,261.626
8.420136054,261.626
8.423038548,261.626
8.425941043,261.626
8.428843537,261.626
8.431746031,261.626
8.434648526,261.626
8.437551020,261.626
8.440453514,261.626
8.443356009,261.626
8.446258503,261.626
8.449160997,261.626
8.452063492,261.626
8.454965986,261.626
8.457868480,261.626
8.460770975,261.626
8.463673469,261.626
8.466575963,261.626
8.469478458,261.626
8.472380952,261.626
8.475283446,261.626
8.478185941,261.626
8.481088435,261.626
8.483990929,261.626
8.486893424,261.626
8.489795918,261.626
8.492698412,261.626
8.495600907,261.626
8.498503401,261.626
8.501405895,261.626
8.504308390,261.626
8.507210884,261.626
8.510113378,261.626
8.513015873,261.626
8.515918367,261.626
8.518820861,261.626
8.521723356,261.626
8.524625850,261.626
8.527528344,261.626
8.530430839,261.626
8.533333333,261.626
8.536235827,261.626
8.539138321,261.626
8.542040816,261.626
8.544943310,261.626
8.547845804,261.626
8.550748299,261.626
8.553650793,261.626
8.556553287,261.626
8.559455782,261.626
8.562358276,261.626
8.565260770,261.626
8.568163265,261.626
8.571065759,261.626
8.573968253,261.626
8.576870748,260.119
8.579773242,260.119
8.582675736,260.119
8.585578231,260.119
8.588480725,260.119
8.591383219,260.119
8.594285714,260.119
8.597188208,260.119
8.600090702,260.119
8.602993197,261.626
8.605895691,261.626
8.608798185,261.626
8.611700680,261.626
8.614603174,261.626
8.617505668,261.626
8.620408163,261.626
8.623310657,261.626
8.626213151,261.626
8.629115646,261.626
8.632018140,261.626
8.634920634,261.626
8.637823129,261.626
8.640725623,261.626
8.643628117,261.626
8.646530612,261.626
8.649433106,261.626
8.652335600,261.626
8.655238095,261.626
8.658140589,261.626
8.661043083,261.626
8.663945578,261.626
8.666848072,261.626
8.669750566,261.626
8.672653061,261.626
8.675555555,263.141
8.678458049,263.141
8.681360544,263.141
8.684263038,263.141
8.687165532,263.141
8.690068027,263.141
8.692970521,263.141
8.695873015,263.141
8.698775510,263.141
8.701678004,263.141
8.704580498,263.141
8.707482993,263.141
8.710385487,263.141
8.713287981,261.626
8.716190476,261.626
8.719092970,261.626
8.721995464,261.626
8.724897959,261.626
8.727800453,261.626
8.730702947,261.626
8.733605442,261.626
8.736507936,261.626
8.739410430,261.626
8.742312925,261.626
8.745215419,261.626
8.748117913,261.626
8.751020408,261.626
8.753922902,261.626
8.756825396,261.626
8.759727891,261.626
8.762630385,261.626
8.765532879,261.626
8.768435374,261.626
8.771337868,261.626
8.774240362,261.626
8.777142857,261.626
8.780045351,261.626
8.782947845,261.626
8.785850340,261.626
8.788752834,261.626
8.791655328,261.626
8.794557823,261.626
8.797460317,261.626
8.800362811,261.626
8.803265306,261.626
8.806167800,261.626
8.809070294,261.626
8.811972789,261.626
8.814875283,261.626
8.817777777,261.626
8.820680272,261.626
8.823582766,261.626
8.826485260,261.626
8.829387755,261.626
8.832290249,263.141
8.835192743,263.141
8.838095238,263.141
8.840997732,263.141
8.843900226,263.141
8.846802721,263.141
8.849705215,263.141
8.852607709,263.141
8.855510204,263.141
8.858412698,263.141
8.861315192,263.141
8.864217687,263.141
8.867120181,263.141
8.870022675,263.141
8.872925170,263.141
8.875827664,263.141
8.878730158,263.141
8.881632653,263.141
8.884535147,263.141
8.887437641,263.141
8.890340136,263.141
8.893242630,263.141
8.896145124,263.141
8.899047619,-220
8.901950113,-220
8.904852607,-220
8.907755102,-220
8.910657596,-220
8.913560090,-220
8.916462585,-220
8.919365079,-220
8.922267573,-220
8.925170068,-220
8.928072562,-220
8.930975056,-220
8.933877551,-220
8.936780045,-220
8.939682539,-220
8.942585034,-220
8.945487528,-220
8.948390022,-220
8.951292517,-220
8.954195011,-220
8.957097505,-220
8.960000000,-220
8.962902494,-220
8.965804988,-220
8.968707482,-220
8.971609977,-220
8.974512471,-220
8.977414965,-220
8.980317460,-220
8.983219954,-220
8.986122448,-220
8.989024943,-220
8.991927437,-220
8.994829931,-220
8.997732426,-220
9.000634920,-220
9.003537414,-220
9.006439909,-220
9.009342403,-220
9.012244897,-220
9.015147392,-220
9.018049886,-220
9.020952380,-220
9.023854875,-220
9.026757369,-220
9.029659863,-220
9.032562358,-220
9.035464852,-220
9.038367346,-220
9.041269841,-220
9.044172335,-220
9.047074829,-220
9.049977324,-220
9.052879818,-220
9.055782312,-220
9.058684807,-220
9.061587301,-220
9.064489795,-220
9.067392290,-220
9.070294784,-220
9.073197278,-220
9.076099773,-220
9.079002267,-220
9.081904761,-220
9.084807256,-220
9.087709750,-220
9.090612244,-220
9.093514739,-220
9.096417233,-220
9.099319727,-220
9.102222222,-220
9.105124716,-220
9.108027210,-220
9.110929705,-220
9.113832199,-220
9.116734693,-220
9.119637188,-220
9.122539682,-220
9.125442176,-220
9.128344671,-220
9.131247165,-220
9.134149659,-220
9.137052154,-220
9.139954648,-220
9.142857142,-220
9.145759637,-220
9.148662131,-220
9.151564625,-220
9.154467120,-220
9.157369614,-220
9.160272108,-220
9.163174603,-220
9.166077097,-220
9.168979591,-220
9.171882086,-220
9.174784580,-220
9.177687074,-220
9.180589569,-220
9.183492063,-220
9.186394557,-220
9.189297052,-220
9.192199546,-220
9.195102040,-220
9.198004535,-220
9.200907029,-220
9.203809523,-220
9.206712018,-220
9.209614512,-220
9.212517006,-220
9.215419501,-220
9.218321995,-220
9.221224489,-220
9.224126984,-220
9.227029478,-220
9.229931972,-220
9.232834467,-220
9.235736961,-220
9.238639455,-220
9.241541950,-220
9.244444444,-220
9.247346938,-220
9.250249433,-220
9.253151927,-220
9.256054421,-220
9.258956916,-220
9.261859410,-220
9.264761904,-220
9.267664399,-220
9.270566893,-220
9.273469387,-220
9.276371882,-220
9.279274376,-220
9.282176870,-220
9.285079365,-220
9.287981859,-220
9.290884353,-220
9.293786848,-220
9.296689342,-220
9.299591836,-220
9.302494331,-220
9.305396825,-220
9.308299319,-220
9.311201814,-220
9.314104308,-220
9.317006802,-220
9.319909297,-220
9.322811791,-220
9.325714285,-220
9.328616780,-220
9.331519274,-220
9.334421768,-220
9.337324263,-220
9.340226757,-220
9.343129251,-220
9.346031746,-220
9.348934240,-220
9.351836734,-220
9.354739229,-220
9.357641723,-220
9.360544217,-220
9.363446712,-220
9.366349206,-220
9.369251700,-220
9.372154195,-220
9.375056689,-220
9.377959183,-220
9.380861678,-220
9.383764172,-220
9.386666666,-220
9.389569160,-220
9.392471655,-220
9.395374149,-220
9.398276643,-220
9.401179138,-220
9.404081632,-220
9.406984126,-220
9.409886621,-220
9.412789115,-220
9.415691609,-220
9.418594104,-220
9.421496598,-220
9.424399092,-220
9.427301587,-220
9.430204081,-220
9.433106575,-220
9.436009070,-220
9.438911564,-220
9.441814058,-220
9.444716553,-220
9.447619047,-220
9.450521541,-220
9.453424036,-220
9.456326530,-220
9.459229024,-220
9.462131519,-220
9.465034013,-220
9.467936507,-220
9.470839002,-220
9.473741496,-220
9.476643990,-220
9.479546485,-220
9.482448979,-220
9.485351473,-220
9.488253968,-220
9.491156462,-220
9.494058956,-220
9.496961451,-220
9.499863945,-220
9.502766439,-220
9.505668934,-220
9.508571428,-220
9.511473922,-220
9.514376417,-220
9.517278911,-220
9.520181405,-220
9.523083900,-220
